dataset,redispatch_name,plant_id,matched_name,fueltype,capacity_mw,confidence,source,needs_review,plant_ids,geocoded_lat,geocoded_lon,pypsa_lat,pypsa_lon,mastr_verified,mastr_ids,mastr_capacity_mw,mastr_turbine_count,mastr_pypsa_ratio,previous_match_plant_ids,previous_match_capacity_mw,reasoning
redispatch_full,Börse,,,,,,aggregated,,,,,,,,,,,,,,Aggregated node or virtual entry — not a single plant.
redispatch_full,SHN Cluster Süderdonn T411,,MaStR aggregate near Büsum,Solar,0.07,medium,mastr_match,,,54.12,8.75,,,replaced,SEE978996025188,0.07,1.0,0.0,"10000636,10000633",2257.6139999999996,"Süderdonn is a village in Dithmarschen, Schleswig-Holstein. The cluster name 'SHN' suggests Schleswig-Holstein Nord/Netz. The most geographically appropriate candidates are the Dithmarschen wind clusters (id=10000636 'Dithmarschen South Coast' at 53.969°N 9.001°E and id=10000633 'Dithmarschen Central' at 54.212°N 8.979°E), as Süderdonn is located in the Dithmarschen district. No candidate explicitly names Süderdonn, but these large Dithmarschen clusters are the closest geographic match for wind plants in that area."
redispatch_full,SHN Cluster Süderdonn T412 T413,,MaStR aggregate near Büsum,Solar,0.07,medium,mastr_match,,,54.12,8.75,,,replaced,SEE978996025188,0.07,1.0,0.0,"10000636,10000633",2257.6139999999996,Same reasoning as above — Süderdonn is in Dithmarschen. T412/T413 are transformer designations likely connected to the same substations serving the Dithmarschen wind clusters. id=10000636 (Dithmarschen South Coast) and id=10000633 (Dithmarschen Central) are the plausible matches.
redispatch_full,SHN Cluster Klixbüll,,,,,high,cluster_match,,10000946,54.78,8.95,,,yes,"SEE965244873295,SEE919596360019,SEE994203870501,SEE976805934843,SEE920929363492,SEE936877598657,SEE965520473829,SEE989006995483,SEE977688540817,SEE938670164862,SEE994160305832,SEE960473992366,SEE973555171719,SEE923591056464,SEE953388100599,SEE938111773172,SEE943949252744,SEE994453125093,SEE979417799824,SEE968151316244,SEE988880535204,SEE981722274644,SEE991931141453,SEE934930052573,SEE996649227697,SEE939335778110,SEE942605248756,SEE932302577785,SEE948700521251,SEE920389420063,SEE996195044649,SEE917473561689,SEE985521729558,SEE918549449962,SEE991014484910,SEE907120168606,SEE969418572519,SEE936215022172,SEE968771919061,SEE973851946622,SEE913229887973,SEE915818648040,SEE982928020172,SEE985088739410,SEE955567908590,SEE928729124435,SEE946116552722,SEE911446093573,SEE935410811956,SEE916687153178,SEE941432774001,SEE933188040493,SEE920846705672,SEE998138623560,SEE942519334972,SEE954846189712,SEE928791711847,SEE970386286353,SEE900481049171,SEE940998654956,SEE945953556818,SEE926933233400,SEE991210558385,SEE933185549142,SEE927854437366,SEE989593968747,SEE908703785623,SEE964161851225,SEE917637319194,SEE925733361238,SEE980870732655,SEE942623957708,SEE982434523013,SEE949167214885,SEE984062937217,SEE974309086662,SEE907395950814,SEE997061862831,SEE938257046109,SEE938867952326,SEE972805384190,SEE989376567969,SEE962053507717,SEE960557494588,SEE936618927838,SEE987702111640,SEE982882181261,SEE992980508396,SEE917950843352,SEE930291207515,SEE976806382728,SEE958975162936,SEE903207217861,SEE982754091483,SEE989251530415,SEE914429328846,SEE982547339488,SEE921921449153,SEE946577936239,SEE959596929922,SEE935961681459,SEE941235226462,SEE918374643382,SEE902014531405,SEE913322078391,SEE996714158550,SEE978237068295,SEE924487237608,SEE974440477190,SEE953327193644,SEE905790127589,SEE922053169100,SEE911507148556,SEE947058419128,SEE979110427185,SEE925990669764,SEE964060241011,SEE947030294361,SEE907376907295,SEE970019259822,SEE921432209529,SEE926467015763,SEE949423343618,SEE977910313882,SEE988706355450,SEE971430199162,SEE920200477030,SEE943524744534,SEE951602266298,SEE999339854661,SEE914191230750,SEE968960485360,SEE996150226462,SEE982022120495,SEE907990173427,SEE985047366428,SEE950210027109,SEE916910704139,SEE993234621854,SEE908682673980,SEE919080989771,SEE993815198065,SEE951075763997,SEE996911587337,SEE949824499006,SEE914481142121,SEE973053359756,SEE997258868554,SEE951640382899,SEE985228080129,SEE908732859319,SEE922566415602,SEE910001644441,SEE984914545355,SEE952281016402,SEE968465756620,SEE998552524610,SEE944818705064,SEE992747059369,SEE933056701594,SEE919824202838,SEE945648405896,SEE923046845582,SEE999590117116,SEE974701875154,SEE926711427724,SEE944825935843,SEE972121417343,SEE982579795665,SEE993558064962,SEE980182602202,SEE987102827608,SEE964328528151,SEE973179575894,SEE991791927433,SEE902949145777,SEE939729648173,SEE976021740853,SEE952665753701,SEE967591981814,SEE978782428810,SEE984820715347,SEE959229664473,SEE935100128999,SEE910941456760,SEE944120136891,SEE921193852637,SEE991458616601,SEE948746805506,SEE913815102169,SEE981154781758,SEE964674144050,SEE911068414732,SEE908836396338,SEE900827372024,SEE979563318092,SEE925802134497,SEE993322378936,SEE989761956873,SEE963311522541,SEE930664878519,SEE955676947008,SEE951695912119,SEE970111729698,SEE999150982871,SEE948473154700,SEE925382288108,SEE994237873516,SEE968104955018,SEE907968579336,SEE934109477091,SEE982431421480,SEE938370076373,SEE933828254266,SEE943921312572,SEE901531011360,SEE931106557801,SEE964151783321,SEE904642050181,SEE958631486345,SEE905914486929,SEE921227168734,SEE993306014683,SEE978730176329,SEE974299910978,SEE953888493665,SEE983888339137,SEE939768949064,SEE969471890070,SEE900442987238,SEE900550220586,SEE936293670074,SEE965287424003,SEE993588443706,SEE989343008471,SEE986512889145,SEE950570712912,SEE984782666992,SEE950295318864,SEE916802740498,SEE923229640003,SEE971786173243,SEE932285396564,SEE905761011275,SEE947133016068,SEE905731708600,SEE995122733526,SEE905638580200,SEE971623912462,SEE992864047478,SEE983087372102,SEE994876234044,SEE988456407324,SEE962662763665,SEE914522325193,SEE995203594244,SEE968786655046,SEE921873042181",402.296,258.0,0.5795,,,"Klixbüll is a municipality in North Friesland (Nordfriesland), Schleswig-Holstein, very close to Niebüll. id=10000946 'Wind cluster Niebüll North Friesland' (54.800°N 8.796°E) is an exact geographic match — Klixbüll lies within the Niebüll area in North Friesland. No other candidate is geographically near Klixbüll."
redispatch_full,SHN Cluster Heide West T411 T412,,,,,medium,cluster_match,,"10000633,10000636,10000592",54.2,9.05,,,yes,"SEE978748817788,SEE954032903122,SEE928886600636,SEE937110324651,SEE957472593007,SEE965840397300,SEE902056632382,SEE949076162406,SEE919874877291,SEE921465158849,SEE943635607629,SEE976985998505,SEE982920953874,SEE932894890934,SEE939082592281,SEE939941849969,SEE966689731300,SEE975948026477,SEE916828775122,SEE977629145217,SEE990434305546,SEE917866275674,SEE997167004074,SEE988562387831,SEE961289910070,SEE915434596824,SEE904112038299,SEE975470154327,SEE955435413003,SEE975626164927,SEE975637102147,SEE961037476926,SEE935453360268,SEE952902129030,SEE950079943473,SEE912182761542,SEE901206683540,SEE969496739644,SEE981265414354,SEE956959380635,SEE964793575247,SEE981792930327,SEE917132420494,SEE990851331449,SEE917651976625,SEE980291300068,SEE961447291027,SEE903701407447,SEE938313328309,SEE984320257002,SEE914016487895,SEE937456491765,SEE905988017463,SEE998225236499,SEE936476855052,SEE977174268393,SEE966456228286,SEE926332833522,SEE915823536813,SEE990873024763,SEE971501867198,SEE950455506384,SEE955884369708,SEE903148310362,SEE998723793487,SEE914749561350,SEE902674164258,SEE999255763597,SEE903478204096,SEE936816773961,SEE983250330168,SEE987082536279,SEE992758181400,SEE990187943378,SEE914611423472,SEE931422809257,SEE934452263983,SEE945438070273,SEE989661815096,SEE955035134094,SEE976820044282,SEE941134646972,SEE967746974371,SEE944843615246,SEE928525191730,SEE967716276931,SEE981239365804,SEE963826256917,SEE909677138644,SEE945106235027,SEE982329231832,SEE948433388046,SEE908078320481,SEE912627936528,SEE955951567259,SEE926968306131,SEE996764253601,SEE913248958241,SEE988447360249,SEE909371562592,SEE985790362937,SEE905803263976,SEE929468020590,SEE962033637083,SEE953320447072,SEE989068303462,SEE992617880451,SEE917378095210,SEE913922504580,SEE931842961634,SEE982552602638,SEE997914633120,SEE949710643803,SEE907671516024,SEE990224091673,SEE905734891347,SEE954173961784,SEE989045707405,SEE949418229798,SEE980793386133,SEE972607099162,SEE973950698446,SEE994154446626,SEE997018223890,SEE960015754254,SEE903433453781,SEE922513525897,SEE909919758982,SEE964400573925,SEE947483788332,SEE938742413898,SEE912461032349,SEE920560273525,SEE935136252378,SEE977990779479,SEE989092750195,SEE965047486494,SEE999709056930,SEE993604236183,SEE925252417904,SEE916947522201,SEE925927651527,SEE926673931666,SEE923193373273,SEE902368267630,SEE959438847889,SEE933484590050,SEE957408430994,SEE968632096139,SEE903240604314,SEE942850382359,SEE949714753584,SEE999859771837,SEE997069068921,SEE932494024166,SEE987063082849,SEE998949001212,SEE965265042434,SEE913915338055,SEE953693496691,SEE905606326281,SEE911907513428,SEE973495436459,SEE922906927413,SEE936892526673,SEE904213433504,SEE968820543827,SEE991527735004,SEE900062937552,SEE900878711384,SEE990873264435,SEE967407591954,SEE998878000614,SEE905647566264,SEE935210868532,SEE907066740379,SEE940473927698,SEE939935584029,SEE946307444430,SEE933299929014,SEE988469599108,SEE936790022611,SEE977430043023,SEE910377693920,SEE972531656059,SEE966511012379,SEE944042332111,SEE900901855153,SEE993692442589,SEE927289705368,SEE913804899506,SEE919656057934,SEE963018071540,SEE975085324696,SEE952049589629,SEE999938342613,SEE958549159232,SEE923968885291,SEE915077422009,SEE997108030704,SEE942875620832,SEE983981156761,SEE991612893909,SEE969633901729,SEE906760350570,SEE951809515458,SEE951124860448,SEE959951622239,SEE939665324933,SEE921674722848,SEE915465790871,SEE987354484185,SEE984753070704,SEE951861889702,SEE918204692207,SEE912108864517,SEE943853724474,SEE967334286343,SEE938517454651,SEE934700869301,SEE938191113813,SEE919020009880,SEE911006780141,SEE981117823532,SEE944887256115,SEE950415026594,SEE932499321680,SEE930283930933,SEE915501303867,SEE908344196673,SEE968092516727,SEE993810440794,SEE912559424490,SEE913709711101,SEE937961442290,SEE907448199764,SEE951169447970,SEE981460215381,SEE999935923136,SEE944891677302,SEE938449306837,SEE916044118574,SEE992616810305,SEE983261906215,SEE986343542288,SEE907799923711,SEE943491251059,SEE903572513322,SEE994475696465,SEE913747144893,SEE973889515494,SEE906172199477,SEE970743370077,SEE969397960031,SEE941446551704,SEE929381645580,SEE993483181451,SEE960710489659,SEE997684813456,SEE906667565220,SEE971020570333,SEE920961694608,SEE915199799669,SEE951125920301,SEE940645207139,SEE905232837601,SEE948654325448,SEE919325535497,SEE922240802063,SEE968096773317,SEE944404959802,SEE990408574558,SEE926288329360,SEE945540810828,SEE927487658121,SEE973828165735,SEE922988788520,SEE967750501402,SEE959809255169,SEE946227009924,SEE955639660654,SEE972313574328,SEE994402219811,SEE977094194307,SEE904143215409,SEE985892426612,SEE902956730171,SEE901027248829,SEE988080289242,SEE940134211364,SEE984536128479,SEE921732973229,SEE970755879179,SEE943952189822,SEE956063196504,SEE900032193872,SEE986879621839",497.283,297.0,0.217,,,"Heide is a city in Dithmarschen district, Schleswig-Holstein. 'Heide West' likely refers to wind plants west of Heide. id=10000592 'Wind cluster Hemme West Dithmarschen' (54.157°N 8.573°E) is west of Heide and explicitly named 'West Dithmarschen'. id=10000633 'Dithmarschen Central' and id=10000636 'Dithmarschen South Coast' are also in the same district. The Hemme West cluster is the strongest match geographically for 'Heide West'."
redispatch_full,SHN Cluster Husum Nord,,MaStR aggregate near Husum,Wind,168.691,high,mastr_match,,,54.48,9.05,,,replaced,"SEE906295197954,SEE919469281441,SEE993135673266,SEE959511787231,SEE930592345565,SEE986404494518,SEE917494740094,SEE961036022292,SEE994989346474,SEE975170447927,SEE926215262302,SEE999909562354,SEE907444881687,SEE908087161419,SEE979090872852,SEE908017215199,SEE982029116392,SEE995823736048,SEE976325958183,SEE991943527269,SEE979210741358,SEE993085236665,SEE993965643484,SEE958641166947,SEE999986435510,SEE908517130022,SEE903648721682,SEE978865877955,SEE973682521562,SEE940784329280,SEE998807332618,SEE948493144767,SEE969263536971,SEE927254548969,SEE988103968147,SEE992393604340,SEE962141131268,SEE992548515491,SEE978046581084,SEE979169441231,SEE907196982359,SEE929575233357,SEE994324666809,SEE938613571061,SEE947971344743,SEE936013834151,SEE991385719291,SEE955747744017,SEE923734246349,SEE997227173382,SEE999958993741,SEE908519312990,SEE909178432340,SEE946156684278,SEE941708651012,SEE901565471031,SEE962104453277,SEE925347140601,SEE933856298669,SEE923707445205,SEE994556346296,SEE929531021325,SEE961163548139,SEE921907329189,SEE919018515973,SEE980812389404,SEE911823261786,SEE948141945029,SEE973598257807,SEE950721452681,SEE923608283371,SEE909857966708,SEE983293925116,SEE963021650336,SEE967018478118,SEE977932625529,SEE929577002517,SEE925414031504,SEE938320708231,SEE928280604537,SEE999424439827,SEE904142942306,SEE959321614970,SEE950145147859,SEE969614196564,SEE998419254681,SEE961076832110,SEE967453537562,SEE982161876000,SEE935657585603,SEE908550385106,SEE996666454083,SEE934334050274,SEE916148342202,SEE938058643439,SEE965756715212,SEE949834277311,SEE994959785869,SEE997798247710,SEE973343287967,SEE972061378384,SEE991598495166,SEE939377418982,SEE984511808983,SEE918310864376,SEE901148879520,SEE996554684516,SEE931755950893,SEE959741148734,SEE910005162002,SEE902878329057,SEE959374353321,SEE959429915108,SEE941412692684,SEE952147902801,SEE936787611866,SEE946505682412,SEE903365127323,SEE998080590552,SEE983021280128,SEE943338741699,SEE924586741051,SEE972630018970,SEE938901856436,SEE962960096052,SEE900680295775,SEE909591835094,SEE910544423114,SEE979559762243,SEE931926852537,SEE952828801720,SEE972173827800,SEE908729413500,SEE906845172813,SEE944409220501,SEE912711851850,SEE994677962795,SEE911935882527,SEE970040635190,SEE966033515099,SEE921791543432,SEE948684302822,SEE903938064475,SEE985581752800,SEE972596618658,SEE942542939144,SEE954002752088,SEE911290790161,SEE965961026424,SEE915563062641,SEE907380562732,SEE961243683415,SEE976423584475,SEE955263661966,SEE912686845427,SEE928649816168,SEE972615422624,SEE975520412049,SEE913364470047,SEE986875837319,SEE951401668576,SEE912445530304,SEE930351063969,SEE949334909903,SEE970848376011",168.691,165.0,5.1698,10001331,32.629999999999995,"Husum is a city in North Friesland, Schleswig-Holstein. id=10001331 'Wind cluster Husum Sudermarsch' (54.456°N 9.036°E) explicitly names Husum and is the only candidate in the Husum area. 'Husum Nord' is likely the northern part of this cluster or a substation feeding it."
redispatch_full,SHN Cluster Heide West T413,,,,,medium,cluster_match,,"10000592,10000633,10000636",54.2,9.05,,,yes,"SEE978748817788,SEE954032903122,SEE928886600636,SEE937110324651,SEE957472593007,SEE965840397300,SEE902056632382,SEE949076162406,SEE919874877291,SEE921465158849,SEE943635607629,SEE976985998505,SEE982920953874,SEE932894890934,SEE939082592281,SEE939941849969,SEE966689731300,SEE975948026477,SEE916828775122,SEE977629145217,SEE990434305546,SEE917866275674,SEE997167004074,SEE988562387831,SEE961289910070,SEE915434596824,SEE904112038299,SEE975470154327,SEE955435413003,SEE975626164927,SEE975637102147,SEE961037476926,SEE935453360268,SEE952902129030,SEE950079943473,SEE912182761542,SEE901206683540,SEE969496739644,SEE981265414354,SEE956959380635,SEE964793575247,SEE981792930327,SEE917132420494,SEE990851331449,SEE917651976625,SEE980291300068,SEE961447291027,SEE903701407447,SEE938313328309,SEE984320257002,SEE914016487895,SEE937456491765,SEE905988017463,SEE998225236499,SEE936476855052,SEE977174268393,SEE966456228286,SEE926332833522,SEE915823536813,SEE990873024763,SEE971501867198,SEE950455506384,SEE955884369708,SEE903148310362,SEE998723793487,SEE914749561350,SEE902674164258,SEE999255763597,SEE903478204096,SEE936816773961,SEE983250330168,SEE987082536279,SEE992758181400,SEE990187943378,SEE914611423472,SEE931422809257,SEE934452263983,SEE945438070273,SEE989661815096,SEE955035134094,SEE976820044282,SEE941134646972,SEE967746974371,SEE944843615246,SEE928525191730,SEE967716276931,SEE981239365804,SEE963826256917,SEE909677138644,SEE945106235027,SEE982329231832,SEE948433388046,SEE908078320481,SEE912627936528,SEE955951567259,SEE926968306131,SEE996764253601,SEE913248958241,SEE988447360249,SEE909371562592,SEE985790362937,SEE905803263976,SEE929468020590,SEE962033637083,SEE953320447072,SEE989068303462,SEE992617880451,SEE917378095210,SEE913922504580,SEE931842961634,SEE982552602638,SEE997914633120,SEE949710643803,SEE907671516024,SEE990224091673,SEE905734891347,SEE954173961784,SEE989045707405,SEE949418229798,SEE980793386133,SEE972607099162,SEE973950698446,SEE994154446626,SEE997018223890,SEE960015754254,SEE903433453781,SEE922513525897,SEE909919758982,SEE964400573925,SEE947483788332,SEE938742413898,SEE912461032349,SEE920560273525,SEE935136252378,SEE977990779479,SEE989092750195,SEE965047486494,SEE999709056930,SEE993604236183,SEE925252417904,SEE916947522201,SEE925927651527,SEE926673931666,SEE923193373273,SEE902368267630,SEE959438847889,SEE933484590050,SEE957408430994,SEE968632096139,SEE903240604314,SEE942850382359,SEE949714753584,SEE999859771837,SEE997069068921,SEE932494024166,SEE987063082849,SEE998949001212,SEE965265042434,SEE913915338055,SEE953693496691,SEE905606326281,SEE911907513428,SEE973495436459,SEE922906927413,SEE936892526673,SEE904213433504,SEE968820543827,SEE991527735004,SEE900062937552,SEE900878711384,SEE990873264435,SEE967407591954,SEE998878000614,SEE905647566264,SEE935210868532,SEE907066740379,SEE940473927698,SEE939935584029,SEE946307444430,SEE933299929014,SEE988469599108,SEE936790022611,SEE977430043023,SEE910377693920,SEE972531656059,SEE966511012379,SEE944042332111,SEE900901855153,SEE993692442589,SEE927289705368,SEE913804899506,SEE919656057934,SEE963018071540,SEE975085324696,SEE952049589629,SEE999938342613,SEE958549159232,SEE923968885291,SEE915077422009,SEE997108030704,SEE942875620832,SEE983981156761,SEE991612893909,SEE969633901729,SEE906760350570,SEE951809515458,SEE951124860448,SEE959951622239,SEE939665324933,SEE921674722848,SEE915465790871,SEE987354484185,SEE984753070704,SEE951861889702,SEE918204692207,SEE912108864517,SEE943853724474,SEE967334286343,SEE938517454651,SEE934700869301,SEE938191113813,SEE919020009880,SEE911006780141,SEE981117823532,SEE944887256115,SEE950415026594,SEE932499321680,SEE930283930933,SEE915501303867,SEE908344196673,SEE968092516727,SEE993810440794,SEE912559424490,SEE913709711101,SEE937961442290,SEE907448199764,SEE951169447970,SEE981460215381,SEE999935923136,SEE944891677302,SEE938449306837,SEE916044118574,SEE992616810305,SEE983261906215,SEE986343542288,SEE907799923711,SEE943491251059,SEE903572513322,SEE994475696465,SEE913747144893,SEE973889515494,SEE906172199477,SEE970743370077,SEE969397960031,SEE941446551704,SEE929381645580,SEE993483181451,SEE960710489659,SEE997684813456,SEE906667565220,SEE971020570333,SEE920961694608,SEE915199799669,SEE951125920301,SEE940645207139,SEE905232837601,SEE948654325448,SEE919325535497,SEE922240802063,SEE968096773317,SEE944404959802,SEE990408574558,SEE926288329360,SEE945540810828,SEE927487658121,SEE973828165735,SEE922988788520,SEE967750501402,SEE959809255169,SEE946227009924,SEE955639660654,SEE972313574328,SEE994402219811,SEE977094194307,SEE904143215409,SEE985892426612,SEE902956730171,SEE901027248829,SEE988080289242,SEE940134211364,SEE984536128479,SEE921732973229,SEE970755879179,SEE943952189822,SEE956063196504,SEE900032193872,SEE986879621839",497.283,297.0,0.217,,,"Same location as 'Heide West T411 T412' but different transformer designation (T413). Likely the same geographic area west of Heide in Dithmarschen. id=10000592 'Wind cluster Hemme West Dithmarschen' remains the strongest match, with id=10000633 and id=10000636 as supporting candidates in the same district."
redispatch_full,EE Bayern,,,,,,aggregated,,,,,,,,,,,,,,Aggregated node or virtual entry — not a single plant.
redispatch_full,EE Niedersachsen,,,,,,aggregated,,,,,,,,,,,,,,Aggregated node or virtual entry — not a single plant.
redispatch_full,AVA Cluster Alfstedt,,,,,high,cluster_match,,10000815,53.54,9.23,,,yes,"SEE991826307841,SEE950764533132,SEE997665350970,SEE969253203555,SEE940739038489,SEE975173415596,SEE997657149506,SEE968037972274,SEE905981311803,SEE985726038417,SEE920880065503,SEE981727909862,SEE946883653240,SEE940990815607,SEE947136510358,SEE907768971187,SEE955032003003,SEE917736381078,SEE939954359417,SEE949684725239,SEE903218048843,SEE974122841097,SEE963354556503,SEE955126341226,SEE950894953923,SEE952542469060,SEE968751919289,SEE910297868439,SEE971834353221,SEE973841218234,SEE944563110625,SEE997794060603,SEE911117701332,SEE991412697721,SEE924669841388,SEE972255601007,SEE921593503108,SEE961564220832,SEE993297857993,SEE990070312960,SEE921955077384,SEE950279511878,SEE906335100005,SEE924604581515,SEE921946076129,SEE947146404661,SEE953018114262,SEE995599439518,SEE953845358884,SEE936776258782,SEE989339663769,SEE911104218355,SEE972824516893,SEE909455855213,SEE998645993644,SEE987249899247,SEE988838619574,SEE935030138921,SEE937033308424,SEE972774720791,SEE941846009010,SEE950487563324,SEE938654438187,SEE940721445493",37.219,64.0,0.296,,,"Alfstedt is a municipality in the Stade district, Lower Saxony. id=10000815 'Wind cluster Alfstedt Stade' (53.544°N 9.000°E) is an exact name and location match — it explicitly names Alfstedt and Stade. This is clearly the correct candidate."
redispatch_full,SHN Cluster Handewitt T412 T413,,,,,high,cluster_match,,"10001341,10000359",54.68,9.25,,,yes,"SEE954261165025,SEE953761837937,SEE957584341459,SEE907301786483,SEE938552316594,SEE984979550653,SEE958177536603,SEE915054946511,SEE957871417263,SEE914953510977,SEE984806885781,SEE961512140779,SEE910600272694,SEE987752849029,SEE942699661387,SEE999773341529,SEE974962845149,SEE911714214334,SEE937091262355,SEE961914500553,SEE934031577357,SEE966706250234,SEE909670884234,SEE961737959606,SEE900608543926,SEE920512490697,SEE961781392565,SEE969782253014,SEE956431845546,SEE995862025578,SEE951047293101,SEE921778104632,SEE969043550159,SEE940353210933,SEE992256929740,SEE989482470979,SEE990868840064,SEE945618546796,SEE916470150322,SEE992478170036,SEE913286676305,SEE956133943229,SEE915960232029,SEE973722725707,SEE982599565422,SEE940184371735,SEE960715728128,SEE989866053804,SEE905803665398,SEE966841061207,SEE969080132356,SEE912470432109,SEE986646392085,SEE954243594850,SEE934702844597,SEE945920342062,SEE904617465125,SEE979932106527,SEE980939615332,SEE956999653034,SEE953446444566,SEE935934368141,SEE933738773529,SEE996219076571,SEE916504290321,SEE932180474831,SEE901619894458,SEE908815371875,SEE921554248031,SEE932264419086,SEE977368804918,SEE975253511149,SEE977383181834,SEE920686507108,SEE966555216344,SEE935189329782,SEE996416166228,SEE970977329636,SEE972567709224,SEE936338639721,SEE934986768084,SEE972272174829,SEE913560307697,SEE947668632443,SEE997605973719,SEE942538328815,SEE957944976635,SEE955065638623,SEE962581346741,SEE933927223552,SEE930417091899,SEE973647717528,SEE914036198344,SEE958466790921,SEE911003875895,SEE971516889680,SEE913623979144,SEE935078880912,SEE986057952564,SEE958721169233,SEE966666304732,SEE949075419570,SEE974075530390,SEE955128324852,SEE990382758562,SEE992337571172,SEE963020329684,SEE942688830602,SEE994385396912,SEE925796066309,SEE967017522027,SEE937976780394,SEE974129728377,SEE924867346685,SEE990175396223,SEE940078110730,SEE996887528662,SEE912659972648,SEE914819854979,SEE995019147481,SEE957285219989,SEE917352134195,SEE951524607933,SEE902298850599,SEE910587313427,SEE918531514630,SEE996304120806,SEE977006935745,SEE979579988975,SEE998225040614,SEE931653130748,SEE963903068082,SEE914811259659,SEE927458176241,SEE932391859816,SEE993770624876,SEE921543043890,SEE952139285448,SEE935754411898,SEE925229171716,SEE907457183266,SEE994569449151,SEE910760724606,SEE956059517306,SEE932884467313,SEE936533092710,SEE952934810388,SEE995364456597,SEE994668931571,SEE939284855306,SEE982364803902,SEE931461278601,SEE982356318568,SEE968033615021,SEE969513738391,SEE968959268196,SEE929533639849,SEE974043391541,SEE976548424892,SEE970398419336,SEE993208260898,SEE970335920109,SEE971131344335,SEE936070840157,SEE947155872284,SEE939989113299,SEE949190316433,SEE903281752623,SEE914055883993,SEE931985004052,SEE989788952421,SEE908034031284,SEE911944825942,SEE950313735000,SEE929450894765,SEE951479970731,SEE963926314418,SEE959613340242,SEE926071343771,SEE944887772134,SEE959117997492,SEE947298735897,SEE912733840030,SEE934359065420,SEE918035062293,SEE991488458714,SEE986976939233,SEE955686367360,SEE935596977101,SEE954762648058,SEE995719744072,SEE941605463442,SEE941524436411,SEE927923437907,SEE937793735867,SEE988653927182,SEE920869340409,SEE979822908729,SEE926046095483,SEE970092353387,SEE956517293438,SEE909250401318,SEE983166265660,SEE908988402789,SEE900015533701,SEE996277825333,SEE973082634435,SEE959628608733,SEE928847602488,SEE986143969759,SEE906260571529,SEE911399289238,SEE921440672926,SEE952009675652,SEE976814143090,SEE910417368474,SEE950036580499,SEE947325357559,SEE917554361603,SEE970932888703,SEE956358045746,SEE910043463871,SEE989369656755,SEE983279818289,SEE917587662401,SEE985053402868,SEE904416777528,SEE909827172108,SEE916970039561,SEE932417479943,SEE975016419422,SEE947851069360,SEE918807241932,SEE992248900177,SEE934877329950,SEE973899752209,SEE917769559000,SEE991608961254,SEE959124557184,SEE984546343152,SEE921638859160,SEE941592291127,SEE994591589603,SEE934416704873,SEE987729784544,SEE972470870592,SEE970375895702,SEE911061495097,SEE913444540691,SEE984679496947,SEE965394662756,SEE931161754436,SEE999447040772,SEE936921283799,SEE972108546967,SEE932431092807,SEE971058844635,SEE902612005056,SEE966034947998,SEE954594664196,SEE991072574714,SEE903704286445,SEE957995538448,SEE971954398430,SEE900116848599,SEE991326008675,SEE940125749449,SEE970510303994,SEE997140953955,SEE964328641065,SEE979445588599,SEE937764146425,SEE921445119846,SEE984749776368,SEE933601627423,SEE954428084107,SEE975979958006,SEE967861860351,SEE951188433145,SEE970760088467,SEE911547903573,SEE939541786824,SEE908552648865,SEE922558899922,SEE946500736417,SEE932476642807,SEE958557262023,SEE955069122470,SEE995476291383,SEE949603701931,SEE968555699783,SEE906783160064,SEE933630476641,SEE908676376316,SEE914887044548,SEE974351127030,SEE980268287583,SEE935718547410,SEE981425668658,SEE924339017846,SEE943161866422,SEE936824518936",535.444,302.0,2.2052,,,"Handewitt is a municipality in the Schleswig-Flensburg district, Schleswig-Holstein, near the Danish border. id=10001341 'Wind cluster Handewitt-Grossenwiehe Border' (54.731°N 9.289°E) is an exact match by name, explicitly listing 'Handewitt' and multiple sub-parks. id=10000359 'Solar cluster Eggebek Tarp Schleswig' (54.692°N 9.377°E) also mentions 'Handewitt Eigenbedarf Pv' in its member list and is geographically close, making it a plausible secondary match."
redispatch_full,SHN Cluster Handewitt T411,,,,,high,cluster_match,,"10001341,10000359",54.7,9.45,,,yes,"SEE963600040190,SEE932863275762,SEE935153666578,SEE904442140594,SEE903469951565,SEE912448749468,SEE933163160673,SEE921549512413,SEE908477066317,SEE912557363746,SEE943083751578,SEE916205325803,SEE998140138434,SEE951178674312,SEE969311304637,SEE975236058289,SEE900662662281,SEE972197808151,SEE936560352078,SEE973503630510,SEE914297934774,SEE912313061596,SEE983639917423,SEE903039649953,SEE993198400489,SEE960514810383,SEE933553628660,SEE902439195954,SEE998135310265,SEE973007606332,SEE947445081105,SEE989228745767,SEE983814503328,SEE985210996643,SEE949836383263,SEE916335820995,SEE902996975792,SEE944000900406,SEE957380586221,SEE973763200850,SEE994677939933,SEE981695552053,SEE901581375993,SEE970309513573,SEE946335200497,SEE949120215621,SEE947330575962,SEE971697227837,SEE962463227595,SEE911117235738,SEE974179658389,SEE968545066298,SEE931773672371,SEE935977404547,SEE977499271665,SEE942580031275,SEE995863040358,SEE971136508442,SEE921617066312,SEE902305436358,SEE920413185425,SEE983687826722,SEE912760679283,SEE924478709084,SEE940592429196,SEE954706468599,SEE903866930415,SEE901306374874,SEE999012249036,SEE987049099632,SEE924282178823,SEE972133270325,SEE912175872255,SEE955356431971,SEE930050863518,SEE968696552138,SEE977641211860,SEE920127218402,SEE957056342137,SEE962802408241,SEE973210124548,SEE909385754099,SEE937851396887,SEE940117126593,SEE975244557323,SEE956201060773,SEE985218890349,SEE929652544277,SEE938612923151,SEE962976471164,SEE967693939553,SEE933535065162,SEE982316310700,SEE959285991612,SEE956332753926,SEE935427860503,SEE997332249064,SEE971006245828,SEE963830354845,SEE992422027645,SEE984785964101,SEE983822664950,SEE959156905120,SEE917283141965,SEE958435812821,SEE995348682981,SEE926315506054,SEE900772014857,SEE984275594948,SEE926745814262,SEE961644673411,SEE907871664761,SEE948387426757,SEE931268722451,SEE977508912718,SEE955191508845,SEE965644261449,SEE923283092442,SEE947423021130,SEE990384616747,SEE932285667053,SEE955977157007,SEE960059202421,SEE907347578103",126.21,124.0,0.5198,,,"Cluster is located in Handewitt, Schleswig-Holstein. id=10001341 is the 'Wind cluster Handewitt-Grossenwiehe Border' at 54.731°N 9.289°E with 'Handewitt' explicitly in name and member list. id=10000359 is 'Solar cluster Eggebek Tarp Schleswig' at 54.692°N 9.377°E which includes 'Handewitt Eigenbedarf Pv' as a member, indicating co-location in the Handewitt area. All other candidates are geographically far from Handewitt."
redispatch_full,SHN Cluster Kiel Süd,,,,,high,cluster_match,,10000954,54.31,10.13,,,yes,"SEE982299416406,SEE963928278411,SEE945058540194,SEE998297972448,SEE986581995303,SEE977476176631,SEE971388828206,SEE945832829118,SEE907021770021,SEE983780541881,SEE996432852235,SEE972131238594,SEE965632109081,SEE906533299495,SEE927480669698,SEE962495909070,SEE950445086957,SEE999355097295,SEE955421368096,SEE912009497944,SEE947162684221,SEE992475961019,SEE922650737863,SEE925809158137,SEE960529441558,SEE926109426933,SEE953539462910,SEE952515339406,SEE920009294449,SEE903204517346,SEE936310770527,SEE975170713626,SEE925005117822,SEE991119337555,SEE904502443580,SEE974282853800,SEE990782231597,SEE963098720994,SEE917472770631,SEE977428850077,SEE964682453069,SEE950546632985,SEE953433937972,SEE901994306157,SEE985293266190,SEE984402435069,SEE916193909412,SEE978811770033,SEE950827160725,SEE953852904708,SEE950344381542,SEE980726293057,SEE906223940577,SEE999488333673,SEE926568756176,SEE948404662892,SEE994970176585,SEE975612478694,SEE945297824857,SEE945046363873,SEE951933417543,SEE951745074248,SEE922823703947,SEE970109262299,SEE989587225139,SEE944566123561,SEE955193973559,SEE989744727261,SEE954029696631,SEE955729739826,SEE902132466375,SEE912949384427,SEE945470129939,SEE911751964186,SEE900348137331,SEE936529489890,SEE903709888392,SEE937077187375,SEE974069527351,SEE992538976974,SEE923984576753,SEE923941548175,SEE972839047108,SEE922387783263,SEE988641575340,SEE907493219141,SEE975067831037,SEE951835354335,SEE925909903385,SEE938461958618,SEE901410672705,SEE957281046671,SEE956343815101,SEE991441294441,SEE955156501539,SEE910996456210,SEE951916737057,SEE983359907353,SEE911034604006,SEE939270739658,SEE901340387083,SEE911713712565,SEE925059214843,SEE965928304381,SEE968441400172,SEE922692329057,SEE906884415988,SEE987881349421,SEE974231087744,SEE961660462990,SEE985655688523,SEE970755424225,SEE946146832245,SEE983747825962,SEE936579632840,SEE947418044700,SEE908984915924,SEE965792635499,SEE924054853194,SEE907267487707,SEE952628227829,SEE959017451186,SEE992129062239,SEE945664015017,SEE978050557457,SEE929201649354,SEE978056130005,SEE985569669618,SEE926815304082,SEE946761979158,SEE905344156775,SEE977035105126,SEE929164613607,SEE922925662074,SEE940445872896,SEE977892360942,SEE917286843774,SEE966263105800,SEE991707661406,SEE990797583902,SEE917266307470,SEE916357653113,SEE958745646901,SEE924213761643,SEE918725530347,SEE933893047503,SEE935842081187,SEE939327073261,SEE937992200395,SEE988464154272,SEE928621601782,SEE923191509780,SEE914361079073,SEE982567256116,SEE977970451555,SEE943123171939,SEE907575073241,SEE942132541191,SEE975006964697,SEE975532683352,SEE945579469783,SEE987086460938,SEE952087187238,SEE912507816353,SEE932637418128,SEE961698413544,SEE929054365203,SEE922292002787,SEE974726005321,SEE940653280599,SEE916606071835,SEE975034677910,SEE963990366214,SEE927376614160,SEE949509073576,SEE975053571855,SEE938972312626,SEE951351169840,SEE956837783503,SEE933128470670,SEE907257285191,SEE946841118897,SEE971507938540",27.578,183.0,0.3225,,,"Cluster is located at Kiel Süd (south of Kiel). id=10000954 is 'Wind cluster Osdorf Neuwittenbek Kiel' at 54.398°N 10.009°E, which is southwest/south of Kiel and explicitly named after Kiel area locations (Osdorf, Neuwittenbek). id=10000549 (Fiefbergen Kiel Bay) is east of Kiel and less likely 'Süd'. All other candidates are geographically distant from Kiel."
redispatch_full,SHN Cluster Handewitt T414 T415,,,,,high,cluster_match,,"10001341,10000359",54.7,9.45,,,yes,"SEE963600040190,SEE932863275762,SEE935153666578,SEE904442140594,SEE903469951565,SEE912448749468,SEE933163160673,SEE921549512413,SEE908477066317,SEE912557363746,SEE943083751578,SEE916205325803,SEE998140138434,SEE951178674312,SEE969311304637,SEE975236058289,SEE900662662281,SEE972197808151,SEE936560352078,SEE973503630510,SEE914297934774,SEE912313061596,SEE983639917423,SEE903039649953,SEE993198400489,SEE960514810383,SEE933553628660,SEE902439195954,SEE998135310265,SEE973007606332,SEE947445081105,SEE989228745767,SEE983814503328,SEE985210996643,SEE949836383263,SEE916335820995,SEE902996975792,SEE944000900406,SEE957380586221,SEE973763200850,SEE994677939933,SEE981695552053,SEE901581375993,SEE970309513573,SEE946335200497,SEE949120215621,SEE947330575962,SEE971697227837,SEE962463227595,SEE911117235738,SEE974179658389,SEE968545066298,SEE931773672371,SEE935977404547,SEE977499271665,SEE942580031275,SEE995863040358,SEE971136508442,SEE921617066312,SEE902305436358,SEE920413185425,SEE983687826722,SEE912760679283,SEE924478709084,SEE940592429196,SEE954706468599,SEE903866930415,SEE901306374874,SEE999012249036,SEE987049099632,SEE924282178823,SEE972133270325,SEE912175872255,SEE955356431971,SEE930050863518,SEE968696552138,SEE977641211860,SEE920127218402,SEE957056342137,SEE962802408241,SEE973210124548,SEE909385754099,SEE937851396887,SEE940117126593,SEE975244557323,SEE956201060773,SEE985218890349,SEE929652544277,SEE938612923151,SEE962976471164,SEE967693939553,SEE933535065162,SEE982316310700,SEE959285991612,SEE956332753926,SEE935427860503,SEE997332249064,SEE971006245828,SEE963830354845,SEE992422027645,SEE984785964101,SEE983822664950,SEE959156905120,SEE917283141965,SEE958435812821,SEE995348682981,SEE926315506054,SEE900772014857,SEE984275594948,SEE926745814262,SEE961644673411,SEE907871664761,SEE948387426757,SEE931268722451,SEE977508912718,SEE955191508845,SEE965644261449,SEE923283092442,SEE947423021130,SEE990384616747,SEE932285667053,SEE955977157007,SEE960059202421,SEE907347578103",126.21,124.0,0.5198,,,Same location query as Entry 1 (Handewitt). id=10001341 'Wind cluster Handewitt-Grossenwiehe Border' directly names Handewitt with multiple Handewitt members. id=10000359 'Solar cluster Eggebek Tarp Schleswig' includes 'Handewitt Eigenbedarf Pv' as a member. The T414/T415 designation suggests different transformer circuits than T411 but same geographic area. Both plants are plausible members of a DSO cluster in Handewitt.
redispatch_full,AVA Cluster Sottrum T411 T413,,,,,medium,cluster_match,,10000635,53.24,9.49,,,yes,"SEE908973619529,SEE956902077193,SEE914114712851,SEE969406915410,SEE924229756701,SEE987846105666,SEE913233388473,SEE951880177583,SEE912672106815,SEE977464886474,SEE997292199867,SEE986850968854,SEE997188824675,SEE924200365342,SEE915860000421,SEE952525119135,SEE993210895347,SEE929252758029,SEE934266781611,SEE919361062599,SEE998468136211,SEE979018916569,SEE902822706583,SEE994169474782,SEE976056566244,SEE911101361641,SEE936042765006,SEE975690771526,SEE997273553459,SEE984201535182,SEE913762095408,SEE947926935156,SEE936111394014,SEE938464277181,SEE975102639048,SEE912584723773,SEE948680583379,SEE961797050954,SEE943476640922,SEE935329385647,SEE939211197035,SEE904631530793,SEE935563186154,SEE975980594071,SEE909916619132,SEE909531162129,SEE921575030479,SEE987324322738,SEE926747891780,SEE976385132202,SEE938769141118,SEE992078759617,SEE972624597900,SEE962850567198,SEE950206404310,SEE974179512766,SEE945575179310,SEE993815500950,SEE952472480890,SEE975251453144,SEE913403658597,SEE969314806107,SEE941769156815,SEE922493947863,SEE910491541848,SEE999263808693,SEE979590603949,SEE943231973609,SEE955781930070,SEE910646742441,SEE947644558958,SEE998093368681,SEE904041336046,SEE981300412024,SEE925454294525,SEE978797951068,SEE958541422204,SEE951251281246,SEE933377820172,SEE935908773148,SEE915729605378,SEE911480640351",49.554,82.0,0.3128,,,"Sottrum is a municipality in Landkreis Rotenburg (Wümme), Lower Saxony, near the A1 motorway between Bremen and Hamburg (~53.1°N, 9.2°E). id=10000635 'Wind cluster Oyten Langwedel' at 53.027°N 9.177°E includes members like 'Holtum', 'Holtumer Moor', 'Langwedel', 'Haberloh' etc., which are in the Rotenburg/Verden area near Sottrum. No candidate explicitly names Sottrum, but this cluster is geographically closest. All other candidates are far from Sottrum."
redispatch_full,AVA Cluster Elsen,,MaStR aggregate near Lage,Wind,38.895,medium,mastr_match,,,51.97,8.74,,,replaced,"SEE914435154972,SEE929397374313,SEE997346254146,SEE987252187645,SEE931072652852,SEE959387814741,SEE923920713372,SEE900852340043,SEE943862244901,SEE937427564689,SEE925503818948,SEE903662077154,SEE952962844867,SEE934184656077,SEE939867487795,SEE963765647661,SEE999593267634,SEE938785603812,SEE934884573773,SEE943823061707,SEE981019379625,SEE952694689750,SEE904601338954,SEE908251573062,SEE952143096375,SEE913750500518,SEE953036658571,SEE953948701341,SEE958576417497,SEE902400617898,SEE968393924269,SEE954991047899,SEE968190070831,SEE928547526879,SEE910343599249,SEE998320358843,SEE986666072813,SEE981130983565,SEE983838789005,SEE998266347611,SEE910088111508,SEE961818849390,SEE998927081892,SEE980804121043,SEE987118495808,SEE912510793412,SEE961420842420,SEE969002979540,SEE957706390945,SEE912814268760,SEE920335415136,SEE963840192567,SEE953767738825,SEE951676887733,SEE923932101914,SEE944045552684,SEE981080161891,SEE971085382308,SEE928996377848,SEE982482202557,SEE906735690120,SEE994482185112,SEE940854475909,SEE914315070507,SEE966907490224,SEE947549966193,SEE999765364369,SEE976303275998,SEE953327423260,SEE951682138683,SEE900058052764,SEE949463729090,SEE958144620908,SEE989878653665,SEE963864894997,SEE933600441884,SEE960747319646,SEE999290582016,SEE990209207990,SEE983360115792,SEE972190995629,SEE946547069257,SEE961958576699,SEE997006503157,SEE982519082961,SEE958714797917,SEE933493466636,SEE904450779731,SEE962015799822,SEE980118043727,SEE927106736124,SEE943874869642,SEE949355011265,SEE906139511625,SEE959395261384,SEE906030887942,SEE991825505934,SEE966871564563,SEE952749772628,SEE982629421193,SEE999812934798,SEE919318593541,SEE984676912471,SEE956316868103,SEE982937448332,SEE959880089844,SEE914975134625,SEE942817521135,SEE942866690479,SEE989265886744,SEE947135435676,SEE974117539633,SEE907539960365,SEE908875434466,SEE962508307817,SEE973320866260,SEE930695245861,SEE964155575557,SEE917532032563,SEE926735844057,SEE913886361762,SEE923970790880,SEE974516153829,SEE948853056983,SEE997104236957,SEE994040183734,SEE978784698792,SEE975812583334,SEE956950307990,SEE984646301915,SEE903243184646,SEE930101315454,SEE986466727623,SEE976698143599,SEE952726919848",38.895,135.0,0.1207,"10000826,10000830,10000670,10001235,10001291,10000193",322.1152,"Cluster 'Elsen' is located at 51.970°N 8.740°E, energy type Erneuerbar. Elsen is a district of Paderborn. The candidates closest geographically and plausibly belonging to a renewable cluster near Elsen/Paderborn area include: Wind cluster Gütersloh Friedrichsdorf (51.925°N 8.513°E), Wind cluster Delbrück-Hövelhof (51.822°N 8.580°E), Wind cluster Schlangen Veldrom (51.817°N 8.914°E), Wind cluster Delbrück Seske (51.758°N 8.817°E), Wind cluster Nieheim Pombsen (51.794°N 9.066°E), and Solar cluster Nieheim Horn Bad Meinberg (51.881°N 9.072°E). These are the most plausible wind and solar candidates within range of the Elsen (Paderborn) area. Biogas and far-north clusters are less likely given the coordinates."
redispatch_full,EE Hessen,,,,,,aggregated,,,,,,,,,,,,,,Aggregated node or virtual entry — not a single plant.
redispatch_full,AVA Cluster Twistetal,,MaStR aggregate near Warburg,Wind,318.22,medium,mastr_match,,,51.65,8.92,,,replaced,"SEE957844170935,SEE981553653465,SEE994678492253,SEE915872198208,SEE915584771263,SEE936091088828,SEE968796522277,SEE975914652983,SEE904254917445,SEE922508823076,SEE946932838857,SEE966081728632,SEE955029234496,SEE946235920518,SEE999122996356,SEE964080801707,SEE927532834876,SEE981233437132,SEE941397904192,SEE980186027759,SEE905796506968,SEE937139714709,SEE976654890642,SEE949331060089,SEE970375713150,SEE933047519337,SEE916568385070,SEE940962360951,SEE976990413468,SEE988078252692,SEE945345561109,SEE963473277808,SEE984229825463,SEE953405440530,SEE956205999895,SEE949009056505,SEE905693977878,SEE945210287462,SEE961313935765,SEE982344379311,SEE918465489325,SEE988234556497,SEE939505356247,SEE988039700385,SEE923085455124,SEE989596542609,SEE940802868739,SEE991153294111,SEE973732028010,SEE931428597233,SEE921632664814,SEE917845659938,SEE900401040776,SEE931476175032,SEE958585873031,SEE984627536701,SEE999337285535,SEE947451301624,SEE916188540064,SEE987677940306,SEE975047814975,SEE953047802475,SEE925210695474,SEE951188669902,SEE948690917881,SEE910677460758,SEE942433343920,SEE961839179919,SEE929042366861,SEE949494427408,SEE996832657331,SEE962348866000,SEE955469656148,SEE985347238142,SEE975453022056,SEE994305765880,SEE941534682334,SEE944750279548,SEE992681368503,SEE967942224003,SEE941971699995,SEE941109269090,SEE905329031387,SEE994483428614,SEE904832982070,SEE900860141953,SEE980362878489,SEE997857091155,SEE937675768983,SEE902644301454,SEE920245646361,SEE977283400585,SEE932073913485,SEE950241593048,SEE957056130598,SEE963481965322,SEE903938398563,SEE947909395588,SEE953077549746,SEE946744500898,SEE904205324506,SEE969652532829,SEE967436648605,SEE945906054989,SEE950369380148,SEE935189457539,SEE925593999510,SEE903686703053,SEE949907205272,SEE914753626069,SEE974113976203,SEE905592759612,SEE998414627763,SEE953291156720,SEE947049054185,SEE971603124410,SEE989867977963,SEE967899987839,SEE953889762944,SEE972044876562,SEE993742932565,SEE951358950762,SEE991777186366,SEE958293961259,SEE951585391413,SEE901760200924,SEE967087704460,SEE983426329491,SEE960500728241,SEE953127851393,SEE990294893993,SEE903640643814,SEE989324999729,SEE994744867176,SEE948576089961,SEE904117656757,SEE997633347940,SEE931510992595,SEE910230723443,SEE935086449200,SEE980214283232,SEE929972866820,SEE956898289044,SEE999572331714,SEE991259395125,SEE911595969170,SEE974882500838,SEE952625253333,SEE935582576851,SEE977668196812,SEE967226857866,SEE911189586257,SEE930755869631,SEE939302351759,SEE955536844652,SEE903516661157,SEE957938857865,SEE978697681959,SEE905490742969,SEE907980126648,SEE991933692007,SEE934484570615,SEE966340051891,SEE946380402082,SEE981060009403,SEE933198985500,SEE952711084650,SEE999101697137,SEE955756663002,SEE938998507198,SEE938197297418,SEE988210904731,SEE947587607782,SEE999650533191,SEE982538751022,SEE966677575060,SEE976476681992,SEE925835090937,SEE938002211479,SEE967377000784,SEE972496454479,SEE945001636882,SEE992162446409,SEE932653301824,SEE929427210307,SEE981573682339,SEE997050530574,SEE935667784478,SEE989206026758,SEE929263257733,SEE959677991640,SEE907812501650,SEE913624497371,SEE927926139624,SEE932318194716,SEE987570260785,SEE957418249210,SEE948011818545,SEE961335843543,SEE952407043299,SEE968441174998,SEE938664376974,SEE910420023308,SEE944254855279,SEE943720360767,SEE910867367751,SEE979288745685,SEE906669638717,SEE988997863375,SEE938260809449,SEE907385126595,SEE976396614476,SEE904343315800,SEE906366294742,SEE952554822624,SEE973417817977,SEE964032568696,SEE900178876035,SEE924164245117,SEE959154147140,SEE992011610821,SEE925154702641",318.22,222.0,0.1298,"10001226,10001222,10001230,10001232,10001286,10001242,10001231,10001289,10001227,10001229,10001228,10001236,10001225,10001241",2451.5600000000004,"Twistetal is a municipality in Waldeck-Frankenberg, located at 51.650°N 8.920°E. This is a large renewable cluster under TenneT. The center coordinate falls squarely in the Lichtenau/Paderborn/Büren wind energy region. All the wind clusters within 30km that are plausibly part of this large aggregated cluster are included: Lichtenau Asseln, Paderborn Borchen Lichtenau, Lichtenau Husen, Dringenberg Willebadessen, Bonenburg Borlinghausen, Etteln Kleeberg, Sintfeld Meerhof Haaren, Peckelsheim Borgentreich, Büren Wewelsburg, Marsberg Bad Arolsen, Salzkotten Scharmede, Geseke Holter Berg, Büren Hohenroden, Heideweg Steinhausen. The two large solar/biogas candidates and Delbrück Seske, Schlangen Veldrom, Nieheim Pombsen, Marienmünster Bredenborn, Dössel Lügde, Warburg Liebenau, Breuna Wettesingen are more peripheral but some may belong. Including all wind clusters within 30km that are renewable and wind-type given the broad cluster definition."
redispatch_full,Baden-Württemberg Süd-Ost EE,,,,,,aggregated,,,,,,,,,,,,,,Aggregated node or virtual entry — not a single plant.
redispatch_full,AVA Cluster Lehrte,,,,,high,cluster_match,,10001001,52.02,10.08,,,yes,"SEE921410240209,SEE999470863362,SEE963995891940,SEE914717812071,SEE900702541613,SEE989376291215,SEE963597563023,SEE919530943759,SEE958632304044,SEE931811050161,SEE982824654150,SEE999432645197,SEE979874994572,SEE970587357203,SEE912306638613,SEE917002570229,SEE941177042250,SEE992374574471,SEE999860308114,SEE964171066008,SEE983708453494,SEE948385365188,SEE982790504800,SEE973835802166,SEE947611044729,SEE976404008655,SEE965155269569,SEE953278807621,SEE996460205485,SEE914301446019,SEE982150456916,SEE916058425040,SEE951310853094,SEE951180625005,SEE972454258637,SEE950084730884,SEE999807869777,SEE926368070779,SEE930558797155,SEE913940631831,SEE990757884186,SEE999565901450,SEE923677736044,SEE999238476797,SEE902809703291,SEE980248775185,SEE979117428239,SEE992515200863,SEE926755130048,SEE932663512425,SEE925284725756,SEE920215047235,SEE926427004004,SEE989309668350,SEE978726212130,SEE957318446191,SEE957426602014,SEE932962945986,SEE955771471668,SEE993855518175,SEE962452775496,SEE982308326641,SEE920654193173,SEE949808815266,SEE990715568356,SEE917100219914,SEE989106828971,SEE980931292401,SEE977292707156,SEE958102374584,SEE938031397526,SEE923635925374,SEE926091022885,SEE968287872911,SEE973348212056,SEE911034303558,SEE967060620749,SEE943345869744,SEE975967371992",91.64,79.0,3.1064,,,Lehrte is a city near Hannover in Lower Saxony. id=10001001 'Wind cluster Lehrte Sehnde' at 52.345°N 9.993°E directly names Lehrte with members 'Lehrte' and 'Sehnde Lehrte'. This is an exact geographic and name match. All other candidates are geographically distant from Lehrte.
redispatch_full,SHN Cluster Krümmel,,,,,medium,cluster_match,,10000645,53.79,10.41,,,yes,"SEE971623161198,SEE960525562912,SEE968017527043,SEE972854898235,SEE937943187805,SEE902480586053,SEE986910994892,SEE917588320171,SEE950800995078,SEE955525737491,SEE982833862768,SEE912045965674,SEE925866495299,SEE927052795145,SEE907518988649,SEE928883459916,SEE908592065141,SEE958075619149,SEE929148080630,SEE906800496664,SEE949551306714,SEE991954317064,SEE948711076030,SEE909510778372,SEE946285387293,SEE956693666279,SEE919360092801,SEE983413174844,SEE903672777433,SEE913379762205,SEE971037939086,SEE968476769121,SEE957002020430,SEE992939696730,SEE936108781308,SEE903598941314,SEE991049755757,SEE987599156359,SEE937081211073,SEE929939737590,SEE965475455499,SEE919493488397,SEE999079467848,SEE957714149627,SEE906929015944,SEE971575404824,SEE955057755284,SEE900355448796,SEE995504517515,SEE931000149928,SEE953180254360,SEE968429947897,SEE902704517122,SEE940134766789,SEE948218217776,SEE911901652635,SEE966139624985,SEE915078323169,SEE964073009493,SEE968758797736,SEE942005703367,SEE968766346391,SEE963031571232,SEE986294290023,SEE948969537949,SEE935639958340,SEE925346460786,SEE955871870354,SEE995434776334,SEE943835045245,SEE948942029737,SEE965952833000,SEE940206217188,SEE997073032505,SEE978763305321,SEE981109335180,SEE943913025497,SEE948135681896,SEE937409524427,SEE955088325364,SEE900630120362,SEE969100485608,SEE965642615336,SEE911088736364,SEE979486377282,SEE956653017295,SEE983767614485,SEE926093741807,SEE958959722699,SEE923156548304",80.393,90.0,0.3406,,,"Krümmel refers to the area near Geesthacht/Elbe in Schleswig-Holstein (~53.43°N, 10.41°E), a known power plant site on the Elbe. None of the candidates explicitly name Krümmel. id=10000645 'Wind cluster Oederquart Lower Elbe' at 53.798°N 9.182°E includes 'Dlr Forschungswindpark Krummendeich' as a member — 'Krummen' in the member name suggests proximity to the Krümmel/Elbe area, though this is a tenuous connection. The cluster is along the Lower Elbe which is broadly the right region. All other candidates are clearly unrelated geographically. Given the weak evidence, this match is low confidence."
redispatch_full,AVA Cluster Ohlensehlen,,,,,medium,cluster_match,,10000833,52.95,9.35,,,yes,"SEE948669122186,SEE901305933805,SEE925725870380,SEE984216241443,SEE991709850587,SEE964804925986,SEE911626083158,SEE960898324698,SEE906547444379,SEE951745890978,SEE913737872409,SEE910306110245,SEE905738843410,SEE919713834805,SEE932308095627,SEE984586925257,SEE912743637194,SEE941475688877,SEE968965126411,SEE966894472241,SEE912798192136,SEE970882727916,SEE961437082963,SEE902789412251,SEE992099668028,SEE971307806315,SEE941141318749,SEE989589378895,SEE945881200937,SEE944824172607,SEE994021522774,SEE990067982626,SEE983855384689,SEE953739364076,SEE903612146367,SEE930898328095,SEE954987645627,SEE968348085663,SEE950275176347,SEE929090396087,SEE994425387085,SEE964293564093,SEE950082729941,SEE965592174228,SEE932180413465,SEE967985558462,SEE929271299626,SEE917386295015,SEE963833908571,SEE970425337091,SEE946592352328,SEE958511861699,SEE952851937939,SEE912614435416,SEE964282818275,SEE993087098445,SEE986245583198,SEE955081829395,SEE960592922268,SEE909146090473,SEE929268232643,SEE964838074193,SEE983114654300,SEE947570981127,SEE985200604763,SEE976408681359,SEE918812992607,SEE918289948947,SEE920927809374,SEE915267226882,SEE989823933750,SEE916855777113,SEE977452540098,SEE906038941301,SEE946774761146,SEE966052156419,SEE999542598918,SEE926600738191,SEE902736473878,SEE968332097900,SEE972475687614,SEE957007735094,SEE985401392094,SEE936300853216,SEE959556249886,SEE936494848418,SEE978735451353,SEE919026540868,SEE918910950097,SEE910738382753,SEE964866290978,SEE974735436239,SEE984197848266,SEE999000316870,SEE963885384255",61.001,95.0,1.202,,,"Ohlensehlen is a small village in the Nienburg/Weser district of Lower Saxony, Germany (approx. 52.65°N, 9.1°E). The closest matching cluster geographically is id=10000833 'Wind cluster Marklohe-Liebenau Weser' (52.657°N 9.112°E), which is located in the same Nienburg district along the Weser river. Ohlensehlen lies within or adjacent to this cluster's area. No other candidate is geographically close to Ohlensehlen."
redispatch_full,AMP_WESTNETZ_NIKE_CR_WIND,,,,,,aggregated,,,,,,,,,,,,,,Aggregated node or virtual entry — not a single plant.
redispatch_full,AVA Cluster Wechold,,,,,medium,cluster_match,,10000634,52.78,9.48,,,yes,"SEE930673638166,SEE973119138523,SEE938844336989,SEE977887899808,SEE916938544557,SEE952234447635,SEE978575887954,SEE987200778253,SEE992409022717,SEE973149859719,SEE975905528532,SEE911298637376,SEE953656475619,SEE906216898557,SEE973398302073,SEE994483558090,SEE990330814104,SEE972199911866,SEE912825177914,SEE956271371328,SEE947125646372,SEE900569930230,SEE993475288656,SEE995712563892,SEE956296469192,SEE935035928657,SEE995811588611,SEE925172945181,SEE995595669940,SEE976507785002,SEE952298548828,SEE932195542907,SEE937572180093,SEE937729593226,SEE924251268692,SEE919380409559,SEE975330529609,SEE962091498374,SEE933514237689,SEE997125780736,SEE986806669293,SEE934713148813,SEE940301568291,SEE980328226811,SEE984043210308,SEE997718642557,SEE950782408214,SEE979649332905,SEE964637218156,SEE997176108350,SEE974478144521,SEE995034852049,SEE900388783550,SEE964541085646,SEE954694213645,SEE950001931981,SEE932590389046,SEE971442277582,SEE957620527151,SEE976823311169,SEE978207239885,SEE997119788915,SEE991653032565,SEE994145909574,SEE959828186147,SEE981781761338,SEE901138189905,SEE960455599002,SEE985134074533,SEE957060578171,SEE900557315902,SEE957309349500,SEE955603884819,SEE997090466116,SEE924356431670,SEE959631264025,SEE965851349879,SEE929388065510",74.882,78.0,0.5584,,,"Wechold is a village in the Nienburg/Weser district of Lower Saxony (approx. 52.87°N, 9.08°E), south of Bremen. The best geographic match is id=10000634 'Wind cluster Achim Bremen South' (52.989°N 9.000°E), which covers the Bremen south / Nienburg area along the Weser. Alternatively id=10000669 'Wind cluster Bassum Twistringen' (52.849°N 8.666°E) is also in the region but slightly further west. id=10000634 is the closest match for the Wechold area."
redispatch_full,Baden-Württemberg Mitte EE,,,,,,aggregated,,,,,,,,,,,,,,Aggregated node or virtual entry — not a single plant.
redispatch_full,AVA Cluster Stadorf,,MaStR aggregate near Ahausen,Wind,49.747,medium,mastr_match,,,53.05,9.42,,,replaced,"SEE923080965741,SEE990997741775,SEE921941620952,SEE919713834805,SEE941475688877,SEE996103470652,SEE966894472241,SEE948184355427,SEE908174671678,SEE909555411418,SEE985557468841,SEE900408402980,SEE959577871165,SEE921291488882,SEE964083129860,SEE932397330197,SEE992099668028,SEE971307806315,SEE901037383756,SEE945752342544,SEE952014625666,SEE941703417194,SEE915423477844,SEE930163871714,SEE992489492936,SEE964770020128,SEE927414299465,SEE984419529713,SEE958511861699,SEE997750730212,SEE934306474039,SEE906251769720,SEE952784950821,SEE980290306368,SEE913084839346,SEE966460003954,SEE993502897950,SEE936607804478,SEE925933043231,SEE965568122147,SEE980390874293,SEE984644743373,SEE973016826363,SEE970013478809,SEE932683127241,SEE915892613453,SEE933522043050,SEE961438702914,SEE986310714083,SEE967636448876,SEE962683515731,SEE944539036713,SEE976033175674,SEE977186521455,SEE911920030902,SEE936158285474",49.747,56.0,0.0893,"10000666,10001437,10000635,10000758,10000693,10000715,10000714",557.214,"Stadorf is a village in the Heidekreis (Lüneburger Heide), located at 53.050°N 9.420°E. The cluster is renewable (Erneuerbar). The closest candidates are: Wind cluster Bartelsdorf Westervesede (53.115°N 9.478°E, very close), Biogas cluster Rotenburg Wümme (53.125°N 9.423°E, very close), Wind cluster Oyten Langwedel (53.027°N 9.177°E), Wind cluster Zeven Elsdorf Rotenburg (53.216°N 9.331°E), Wind cluster Buchholz Ottersberg (53.145°N 9.134°E), Wind cluster Grossenwede Lunzen (53.136°N 9.717°E), Wind cluster Schneverdingen Gilmerdingen (53.059°N 9.763°E). These are the most geographically plausible candidates around the Stadorf area."
redispatch_full,AMP_WESTNETZ_PLAIDT_CR_WIND,,,,,,aggregated,,,,,,,,,,,,,,Aggregated node or virtual entry — not a single plant.
redispatch_full,AMP_WESTNETZ_NAHE_CR_WIND,,,,,,aggregated,,,,,,,,,,,,,,Aggregated node or virtual entry — not a single plant.
redispatch_full,AMP_WESTNETZ_NAHE_CR_PHOTOVOLTAIK,,,,,,aggregated,,,,,,,,,,,,,,Aggregated node or virtual entry — not a single plant.
redispatch_full,BAG NWAK-Cluster 15 Pleinting,,,,,medium,cluster_match,,10000345,48.65,12.45,,,yes,"SEE943359766213,SEE907897514972,SEE963449549298,SEE972497335456,SEE974636909672,SEE949195784855,SEE947498378306,SEE928705056620,SEE944925976333,SEE927402715182,SEE984502476160,SEE947916321679,SEE921679055279,SEE911179819280,SEE995833202618,SEE931699316403,SEE919412154723,SEE916697461249,SEE941459970745,SEE928715410504,SEE956682707471,SEE998349761488,SEE990546336858,SEE921990672827,SEE936930075873,SEE959172713174,SEE987310205397,SEE999544857327,SEE962355899213,SEE932054218387,SEE923060333546,SEE950212687417,SEE910357898765,SEE945738503280,SEE907366095636,SEE921793256767,SEE908170177105,SEE937261103402,SEE944295483493,SEE957647533425,SEE940440552625,SEE999695565812,SEE928584819620,SEE902350803464,SEE993731553030,SEE950864407029,SEE937406792737,SEE938010348471,SEE921054380422,SEE965572592073,SEE954250794564,SEE909568420155,SEE918672463484,SEE978517852194,SEE904618622626,SEE974847890998,SEE937017572476,SEE948804376498,SEE909376933670,SEE907893238858,SEE936410724079,SEE917180571469,SEE984827074799,SEE956458979064,SEE910741889263,SEE941573118085,SEE991427862497,SEE932531571165,SEE975879630880,SEE965688544270,SEE947803987407,SEE960679018181,SEE916549183787,SEE919086251483,SEE987443048755,SEE948372049190,SEE946571895297,SEE916493445733,SEE995453471012,SEE948228778625,SEE967674316137,SEE983648966818,SEE963190678315,SEE933177455253,SEE905663434509,SEE983202319159,SEE935419290882,SEE961445514364,SEE978678164327,SEE929639159005,SEE953248543795,SEE979487790509,SEE944341794085,SEE964086930807,SEE921716434920,SEE944133506353,SEE980800994559,SEE903694033395,SEE931590247905,SEE944390255209,SEE941837202475,SEE976676564422,SEE978839760771,SEE936534781491,SEE956919433647,SEE904349952481,SEE965272139141,SEE933398076657,SEE996488492126,SEE964903962615,SEE991534320033,SEE992478900954,SEE954707510969,SEE993172041363,SEE909050844896,SEE929055570644,SEE952762283095,SEE930126464939,SEE913746712499,SEE903335518090,SEE905215895154,SEE935978841228,SEE995697737394,SEE958995424984,SEE962531784678,SEE988753998020,SEE926508483612,SEE921527962773,SEE944696644813,SEE953852837877,SEE977126358806,SEE908601634870,SEE976153173413,SEE957568307099,SEE988236690724,SEE975555783411,SEE953634235808,SEE971550315251,SEE937240321711,SEE947364164248,SEE972790172420,SEE987398146612,SEE997097504866,SEE996753297159,SEE980024099368,SEE941274878707,SEE952005197325,SEE944808738720,SEE926983829196,SEE938416933509,SEE920502040178,SEE944314679258,SEE913459738632,SEE959012963783,SEE935960154138,SEE924545242087,SEE986569501267,SEE921783479107,SEE945441039212,SEE926078676728,SEE926029525143,SEE984451317392,SEE930238801240,SEE997351379902,SEE927120128349,SEE939967073010,SEE972571470721,SEE911593642785,SEE926250100195,SEE948014018515,SEE997863822811,SEE981388049815,SEE975491978902,SEE916401012439,SEE986089491376,SEE995031909555,SEE968428024445,SEE903033057198,SEE961047961962,SEE976295426606,SEE958503977773,SEE933215968745,SEE961371974003,SEE985414637229,SEE916324941878,SEE934958949343,SEE935545933592,SEE988482697294,SEE922365585605,SEE914080757528,SEE940769452507,SEE989178180977,SEE915823170390,SEE925877197908,SEE920034254432,SEE955470454535,SEE999501450691,SEE939923229178,SEE976647194047,SEE908602597266,SEE915560718022,SEE978436685132,SEE936334047957,SEE937722307042,SEE998322160406,SEE942197513980,SEE930482982320,SEE920115841667,SEE921909435376,SEE972420496421,SEE904966792798,SEE924198828881,SEE934483748688,SEE915794890235,SEE901033451305,SEE904731762803,SEE987379369771,SEE972599933468,SEE986664735826,SEE980282567326,SEE942843458528,SEE964015940419,SEE966117009353,SEE965539692167,SEE908131945071,SEE914784496389,SEE924377129297,SEE907713491555,SEE921800747721,SEE920990940929,SEE902969862487,SEE965503461195,SEE985216367195,SEE904769059937,SEE907880451741,SEE915686801202,SEE994147787422,SEE976071836995,SEE916251306054,SEE932583089373,SEE959819834705,SEE982624088520",121.508,242.0,4.3932,,,"Pleinting is a municipality near Vilshofen an der Donau in Lower Bavaria (approx. 48.60°N, 13.10°E). The closest matching candidate is id=10000345 'Solar cluster Vilshofen Beutelsbach' (48.583°N 13.147°E), which covers the Vilshofen area very close to Pleinting. The cluster includes 'Vilshofen' and 'Freiflachanlage Kwp Vilshofen Algerting' which are directly in the Pleinting area. No wind candidates are geographically close."
redispatch_full,BAG NWAK-Cluster 17 Altheim,,MaStR aggregate near Moos,Biogas,282.25,medium,mastr_match,,,48.75,12.88,,,replaced,"SEE994453336048,SEE964808688207,SEE969378492582,SEE907443589096,SEE968479806434,SEE971188353762,SEE973437729021,SEE969190320896,SEE991388294085,SEE932569427427,SEE910779799343,SEE914716634179,SEE945724890301,SEE913684831467,SEE947475061399,SEE970307599357,SEE981585578095,SEE920391451154,SEE969237758439,SEE968090914211,SEE964593995894,SEE914284017978,SEE978375496400,SEE953757563789,SEE905214278637,SEE928141069468,SEE968540400257,SEE972403008238,SEE915377346685,SEE919450008736,SEE955438572172,SEE966182261724,SEE907168622290,SEE951931402541,SEE936353179967,SEE993733774099,SEE916199666401,SEE929291230289,SEE916398541103,SEE900595143628,SEE902546176228,SEE935797163822,SEE952965019965,SEE942860124574,SEE949163005234,SEE971397448242,SEE952103248196,SEE960530509919,SEE948968109956,SEE996592514622,SEE929625349458,SEE940754730023,SEE920872908337,SEE905098666209,SEE906381128060,SEE971287669146,SEE902728910855,SEE916592660006,SEE992513574898,SEE935961932896,SEE952477909785,SEE981802487384,SEE983555107434,SEE928137762304,SEE932733492169,SEE989887985597,SEE992498990881,SEE915007408622,SEE995376475012,SEE929480825036,SEE972527093950,SEE942621734448,SEE995902865089,SEE993080633155,SEE994232930108,SEE918990801289,SEE949750276054,SEE916236587690,SEE967408812614,SEE939684620689,SEE954076268546,SEE988545080957,SEE966057922620,SEE949700474578,SEE904085237996,SEE919954544112,SEE958192107161,SEE983602317212,SEE959028459386,SEE961909218067,SEE998155439724,SEE973327280670,SEE939453673304,SEE973594917897,SEE914351888241,SEE998107196996,SEE969152354945,SEE974325678292,SEE936792689843,SEE939629671981,SEE987005489644,SEE960175271127,SEE909776662705,SEE936544845558,SEE929447764828,SEE902968910592,SEE942315674432,SEE957902419433,SEE934349206338,SEE918831022507,SEE980302618809,SEE999781267217,SEE902162879824,SEE964914408553,SEE976768934416,SEE920958965216,SEE908701813380,SEE991836013671,SEE978255065092,SEE960240766251,SEE907809563845,SEE924599985411,SEE992800399982,SEE938433573474,SEE935391825041,SEE948639178939,SEE908662496820,SEE926034207836,SEE980164128508,SEE939177705381,SEE997256091756,SEE950536818474,SEE986177973142,SEE926040672222,SEE966839073717,SEE997831208111,SEE928517583123,SEE918858887547,SEE995942568209,SEE946515817576,SEE908906803780,SEE947762675810,SEE984101258259,SEE996300148248,SEE930195063712,SEE998052861703,SEE982048712377,SEE962171697918,SEE939769164404,SEE924720160113,SEE928658121888,SEE938345798620,SEE931373613767,SEE995592967339,SEE923218651904,SEE984339675972,SEE952169457525,SEE919512739042,SEE971656611615,SEE943650668964,SEE989594490599,SEE922837153660,SEE960692102690,SEE948649849379,SEE998951770717,SEE966243944429,SEE929239829100,SEE986225015701,SEE954040588700,SEE960700791793,SEE916862030126,SEE994259417064,SEE994798472661,SEE993432221344,SEE934736807599,SEE984549121658,SEE955189111958,SEE965832161513,SEE988245678232,SEE958441002308,SEE908451073874,SEE967286352561,SEE931603922751,SEE956637071923,SEE913832527310,SEE984438777935,SEE919345149223,SEE938478018053,SEE953992661073,SEE995012840808,SEE970070446179,SEE944423142513,SEE963005430015,SEE962962098962,SEE974042375238,SEE965375865459,SEE979229722041,SEE927489607127,SEE916984126332,SEE936273084495,SEE955833540950,SEE970002317720,SEE986788300276,SEE905511992083,SEE950845157721,SEE997785818312,SEE902458674256,SEE976087413883,SEE924926729039,SEE947121232579,SEE906579664158,SEE933696389688,SEE950408135210,SEE919427128665,SEE985505846653,SEE914703257916,SEE933429888365,SEE928317713799,SEE967875796530,SEE919036709026,SEE979610080835,SEE948257644069,SEE939435495252,SEE986918420089,SEE987005547290,SEE968376086601,SEE936154464491,SEE935567052882,SEE909350789101,SEE934642440002,SEE902003206093,SEE915359823685,SEE928144929103,SEE964033506529,SEE958454051218,SEE923048909350,SEE987206220138,SEE906486263710,SEE972039156464,SEE920005069348,SEE945164903920,SEE912623984684,SEE962672600714,SEE915902647119,SEE951874113689,SEE913141221732,SEE944976682122,SEE900606188358,SEE967466224213,SEE997307676352,SEE984809332046,SEE954400325754,SEE950718103220,SEE956317633281,SEE940776393107,SEE996037361712,SEE993148544270,SEE941345570516,SEE996143248945,SEE913783492354,SEE924685865818,SEE932666475093,SEE941053253831,SEE929408177162,SEE992960780750,SEE978050689981,SEE977428292792,SEE966648447259,SEE955025645814,SEE909666048855,SEE934742268711,SEE900717161615,SEE946934589955,SEE907390027474,SEE949029485637,SEE998595610752,SEE964088628986",282.25,277.0,6.0504,10001313,46.65,"Altheim in Baden-Württemberg (near Hettingen/Buchen, approx. 49.54°N, 9.39°E) matches id=10001313 'Wind cluster Hettingen Großer Wald' (49.537°N 9.393°E), which explicitly lists 'Altheim' as a member plant ('Altheim, Grosser Wald Hettingen Rinschheim, Hettinger Eulsberg'). This is a direct name and location match."
redispatch_full,BAG NWAK-Cluster 16 Regensburg-Sittling,,,,,medium,cluster_match,,"10000307,10000338,10000349,10000353,10000305",48.98,12.1,,,yes,"SEE937969241253,SEE945035401289,SEE945221877331,SEE916309445278,SEE966357505066,SEE992008187077,SEE911102618881,SEE966962122245,SEE905445092804,SEE994230209121,SEE920608467107,SEE929476756443,SEE928709919068,SEE953420310641,SEE991801943651,SEE928863777528,SEE987595269732,SEE949835412094,SEE954055722441,SEE967511588741,SEE960351186474,SEE940720976356,SEE907490565883,SEE908277472202,SEE986382782188,SEE939750637764,SEE907981872056,SEE996314850175,SEE991643078122,SEE937026169667,SEE916584366534,SEE904325443064,SEE919178025497,SEE980331793935,SEE933728217187,SEE937180727895,SEE957654638793,SEE930419641849,SEE946242522910,SEE923035841564,SEE972282060624,SEE910528347023,SEE901930350091,SEE986586405579,SEE941434594379,SEE930243279775,SEE969203070947,SEE980520213589,SEE931439073474,SEE986705053483,SEE992730659163,SEE960006710498,SEE906193321130,SEE991355076478,SEE966396973192,SEE963197400131,SEE915462161438,SEE996561232908,SEE955523920833,SEE972411397928,SEE976944352126,SEE966683603979,SEE915436900650,SEE910029164235,SEE969496262227,SEE998863881310,SEE929593374209,SEE950354995906,SEE939402228043,SEE988484230666,SEE924845776916,SEE946213725166,SEE973109891629,SEE921512020051,SEE994828554701,SEE991482635876,SEE973334262638,SEE946788785763,SEE981287187809,SEE925594605571,SEE950558422789,SEE989434242623,SEE975967947791,SEE909024984252,SEE925832316870,SEE959230314299,SEE917071343120,SEE926645614184,SEE948790457485,SEE980665040989,SEE900503265282,SEE901099002046,SEE966044559501,SEE993040024382,SEE924218062073,SEE951161268054,SEE908894967082,SEE987933086427,SEE964585602885,SEE959041056920,SEE930122901223,SEE987661855906,SEE993246216253,SEE974314432843,SEE909392992316,SEE951295539204,SEE998217507552,SEE948485022059,SEE991798406160,SEE991521345858,SEE962272367970,SEE978578347943,SEE997056144652,SEE966545000267,SEE974118600998,SEE988843880723,SEE969567527095,SEE987692619911,SEE979855721319,SEE954969581967,SEE959887083999,SEE952152859220,SEE908272096588,SEE983608991973,SEE966549105654,SEE941644415440,SEE991009293077,SEE919153778455,SEE978505953889,SEE908114704060,SEE913955343231,SEE957100791515,SEE926426703410,SEE988972342666,SEE997985675616,SEE937119045342,SEE982146611961,SEE974808498379,SEE949680599070,SEE962379264103,SEE950142970009,SEE950223285855,SEE966158850808,SEE960909476026,SEE989461233892,SEE986457463790,SEE980107869369,SEE913129220382,SEE954993857618,SEE910138302146,SEE986915053266,SEE925610530238,SEE926061841638,SEE917767632705,SEE976328811850,SEE981786226320,SEE949161672568,SEE948790674202,SEE967581944263,SEE921225859399,SEE976995442821,SEE935042738560,SEE981904094244,SEE993123636631,SEE942462952056,SEE977038572390,SEE921981012991,SEE967332395689,SEE946594134236,SEE957695871951,SEE984725697205,SEE953280382536,SEE938382071441,SEE921607676781,SEE923822985556,SEE924988195742,SEE951735055387,SEE994539471908,SEE974261878459,SEE901357954728,SEE947932812618,SEE984611549403,SEE996118191535,SEE944833541845,SEE936202519944,SEE978469457584,SEE932856508877,SEE990628652890,SEE933551563055,SEE929302430202,SEE923693643470,SEE985304803277,SEE986515091910,SEE903304797266,SEE911748563811,SEE961693868547,SEE927521284446,SEE916287018808,SEE968185882456,SEE989521664376,SEE932145573869,SEE907133054828,SEE934714655969,SEE957602885583,SEE976784206764,SEE951706915115,SEE920776895153,SEE961708125047,SEE929068274287,SEE997215850899,SEE989484836933,SEE904227840572,SEE953172802210,SEE951737792631,SEE979024047592,SEE990551157684,SEE915334870475,SEE910935181487,SEE932506316678,SEE909896942336,SEE952326500019,SEE958807531343,SEE931483499879,SEE987811175755,SEE976338242286,SEE900554507751,SEE966311765628,SEE968458118473,SEE960671727401,SEE971503939152,SEE926105070260,SEE955625777908,SEE986061146997,SEE919305400128,SEE997943443820,SEE960827498117,SEE937514018484,SEE985744216590,SEE926327674383,SEE992532915580,SEE921898830725,SEE995468057980,SEE978041729863,SEE999034909505,SEE911813703869,SEE998276536586,SEE959901553279,SEE975270512976,SEE971181696323,SEE980501724028,SEE928507538379,SEE956798703015,SEE930304773990,SEE936748473489,SEE942361656949,SEE933340276555,SEE996277355359,SEE905856872194,SEE977015839997,SEE981580987137,SEE948426352009,SEE997110225570,SEE979004630400,SEE989154225555,SEE948988015381,SEE992901020853,SEE924662542381,SEE933923662072,SEE933336351709,SEE956997915271,SEE943470804269,SEE927475846066,SEE962558049187,SEE941794430669,SEE961347893970,SEE949476780385,SEE973376203682,SEE914453083889,SEE986956638552,SEE927846971359,SEE979677814329,SEE902071451319,SEE962496715472,SEE913667107305,SEE901462388401,SEE984643867131,SEE952671890087,SEE940352290301,SEE916554171502,SEE974229600641,SEE979192506945,SEE994337377730,SEE963201353415,SEE971653551884,SEE994978303242,SEE960656610018,SEE934521469322,SEE916641733514,SEE936785027492,SEE932269491674,SEE964810865535,SEE904953978457,SEE953278225692,SEE948125763267,SEE969848395672",118.334,305.0,0.5361,,,"Sittling is a village in the Regensburg/Kelheim area of Bavaria (approx. 48.93°N, 12.03°E). The cluster name suggests it covers plants near Regensburg and Sittling. The best matching candidates are all solar clusters in the Regensburg vicinity: id=10000307 'Solar cluster Straubing-Bogen Region' (48.907°N 12.650°E) mentions 'Anlage Bahnlinie Regensburg Passau'; id=10000338 'Solar cluster Barbing near Regensburg' (48.993°N 12.253°E); id=10000349 'Solar cluster Alteglofsheim Regensburg South' (48.910°N 12.274°E); id=10000353 'Solar cluster Wenzenbach Regensburg North' (49.065°N 12.118°E); id=10000305 'Solar cluster Schierling Regensburg South' (48.803°N 12.176°E). The biogas cluster id=10001546 'Biogas cluster Regensburg North' (49.016°N 12.084°E) is also plausible."
redispatch_full,AVA Cluster Sottrum T412,,,,,high,cluster_match,,10000635,52.97,9.38,,,yes,"SEE948669122186,SEE901305933805,SEE925725870380,SEE984216241443,SEE991709850587,SEE910306110245,SEE905738843410,SEE919713834805,SEE932308095627,SEE984586925257,SEE912743637194,SEE941475688877,SEE968965126411,SEE966894472241,SEE948184355427,SEE908174671678,SEE912798192136,SEE970882727916,SEE961437082963,SEE902789412251,SEE992099668028,SEE971307806315,SEE941141318749,SEE989589378895,SEE944824172607,SEE994021522774,SEE990067982626,SEE983855384689,SEE953739364076,SEE903612146367,SEE930898328095,SEE954987645627,SEE968348085663,SEE950275176347,SEE929090396087,SEE994425387085,SEE964293564093,SEE950082729941,SEE965592174228,SEE932180413465,SEE967985558462,SEE970425337091,SEE958511861699,SEE934306474039,SEE912614435416,SEE983114654300,SEE947570981127,SEE985200604763,SEE920927809374,SEE916855777113,SEE977452540098,SEE906038941301,SEE946774761146,SEE999542598918,SEE926600738191,SEE972475687614,SEE957007735094,SEE985401392094,SEE959556249886,SEE900900142070,SEE978735451353,SEE919026540868,SEE918910950097,SEE984197848266,SEE913082990216,SEE999000316870,SEE963885384255,SEE936158285474",49.731,68.0,0.314,,,"Sottrum is a municipality in the Rotenburg (Wümme) district of Lower Saxony (approx. 53.11°N, 9.23°E). The best matching candidate is id=10000635 'Wind cluster Oyten Langwedel' (53.027°N 9.177°E), which covers the area south of Bremen along the Weser/Wümme region and includes 'Holtum Geest' and other nearby locations. This is geographically the closest wind cluster to Sottrum among the candidates."
redispatch_full,AMP_WESTNETZ_SAUERLAND_CR_WIND,,,,,,aggregated,,,,,,,,,,,,,,Aggregated node or virtual entry — not a single plant.
redispatch_full,SHN Cluster Schuby West,,,,,high,cluster_match,,10001340,54.62,9.42,,,yes,"SEE963600040190,SEE932863275762,SEE935153666578,SEE904442140594,SEE903469951565,SEE912448749468,SEE981495939771,SEE957073973369,SEE949645801767,SEE989944347566,SEE938615379740,SEE993476647100,SEE932852692969,SEE908953571274,SEE974230938528,SEE958884672557,SEE909876345782,SEE921204126801,SEE909925222262,SEE925796066309,SEE967017522027,SEE967766399727,SEE995019147481,SEE950584106387,SEE948803192211,SEE967943981844,SEE975831834493,SEE953163744093,SEE992414074268,SEE937738475964,SEE929400279970,SEE978955079924,SEE952139285448,SEE935754411898,SEE981928555417,SEE907438059726,SEE916756496649,SEE986492240523,SEE982838147990,SEE966183504363,SEE984124591654,SEE910303641896,SEE933163160673,SEE984647973265,SEE997643215789,SEE971729126015,SEE937719439503,SEE932276432912,SEE934857701127,SEE974969274256,SEE983864622857,SEE927666546003,SEE964460245657,SEE941146409886,SEE951178674312,SEE969311304637,SEE975236058289,SEE955203986838,SEE900662662281,SEE972197808151,SEE926151617518,SEE922582642969,SEE927590265575,SEE984038829799,SEE904497737077,SEE963170322153,SEE973503630510,SEE914297934774,SEE912313061596,SEE925580085059,SEE999310071186,SEE912171447402,SEE902885386043,SEE942394705836,SEE937738634224,SEE924922837462,SEE943577661147,SEE902439195954,SEE998135310265,SEE973658819495,SEE967923316369,SEE928096196417,SEE951968482622,SEE954637306939,SEE973763200850,SEE978111360811,SEE914529200578,SEE977029452243,SEE946335200497,SEE949120215621,SEE940264080434,SEE915741043134,SEE901934204543,SEE920222662940,SEE906878121222,SEE938686158169,SEE911117235738,SEE976555544057,SEE992485629688,SEE993343134733,SEE935763212165,SEE936693215561,SEE952428336639,SEE951695760574,SEE992160733211,SEE935617788303,SEE961074104219,SEE943695368423,SEE993942920034,SEE934970424088,SEE914400750253,SEE980071519994,SEE958684939362,SEE972783681229,SEE939995584304,SEE948034455604,SEE907724662388,SEE927613297231,SEE936900714955,SEE903866930415,SEE924282178823,SEE912175872255,SEE955356431971,SEE977641211860,SEE979578143894,SEE931654797148,SEE966953859389,SEE933164846521,SEE987234938173,SEE943268524485,SEE955555296845,SEE924215838633,SEE983589663135,SEE984523553475,SEE931689034300,SEE929754495026,SEE917657329708,SEE984443029883,SEE900864988776,SEE995693920059,SEE945709100630,SEE917651927108,SEE912095432317,SEE962802408241,SEE909385754099,SEE937851396887,SEE978816211104,SEE919328591001,SEE928621473440,SEE975244557323,SEE912584541414,SEE954253195801,SEE934662480309,SEE978681318595,SEE966023516716,SEE982316310700,SEE916066159005,SEE914289608706,SEE953869534714,SEE974301472920,SEE966943464074,SEE998181641115,SEE961379846180,SEE912332092502,SEE933601627423,SEE915670390217,SEE970314346739,SEE905056880135,SEE960025598985,SEE937107734388,SEE911508755258,SEE982448373987,SEE995213005440,SEE937954447486,SEE905870883442,SEE923283092442,SEE955977157007,SEE954032462704",414.468,178.0,2.4188,,,"Schuby is a municipality in the Schleswig-Flensburg district of Schleswig-Holstein (approx. 54.52°N, 9.40°E). id=10001340 'Wind cluster Schleswig Schuby-Silberstedt' (54.521°N 9.404°E) is a direct name and location match — the cluster is explicitly named after Schuby and its coordinates match precisely. This is a clear match."
redispatch_full,SHN Cluster Audorf Süd,,MaStR aggregate near Alt Bennebek,Wind,52.203,medium,mastr_match,,,54.37,9.37,,,replaced,"SEE911932046984,SEE926510610556,SEE981471457046,SEE952482003386,SEE952607890600,SEE960774111930,SEE973970954973,SEE978647238714,SEE977148478582,SEE989665998306,SEE978484824927,SEE921332080334,SEE946340551942,SEE952253660602,SEE936864137449,SEE923323013864,SEE977494997096,SEE968960604594,SEE989670398047,SEE904145061073,SEE953191314268,SEE935337911852,SEE925865494989,SEE987590316646,SEE986566901732,SEE997320542849,SEE951225936929,SEE941279039639,SEE958155992278,SEE913143809327,SEE908231882610,SEE903051342788,SEE979929658442,SEE936201506839,SEE917406795693,SEE994451006462,SEE914910703657,SEE913243586043,SEE986869059697,SEE952344849152,SEE928597324548,SEE978460321006,SEE948520370596,SEE987375012947,SEE937304458612,SEE942009975609,SEE949755374861,SEE947177008616,SEE958035989381,SEE910909595654,SEE908358601460,SEE920823732783,SEE962657128783,SEE942559359591,SEE973942999308,SEE998678634149,SEE925925174318,SEE989556469328,SEE972595626364,SEE931229755221,SEE946334936045,SEE955408831216,SEE988665908315,SEE956846414054,SEE918210422102,SEE970093759331,SEE950484560050,SEE907126057874,SEE974651194503,SEE988066133903,SEE975487586739",52.203,71.0,0.0423,"10000948,10000375,10001324,10000699,10001340,10001562,10000360,10001338,10000710,10001333,10001331,10000361,10001325,10001332,10001337,10001336",1235.19636,"Audorf is a municipality in Rendsburg-Eckernförde, Schleswig-Holstein, at 54.370°N 9.370°E. This is a large SHN renewable cluster. The coordinate is near Rendsburg, central Schleswig-Holstein. All wind and solar clusters within 30km that are plausibly part of this cluster are included: Kropp Owschlag Schleswig, Solar Schleswig Kropp, Ostenfeld Rantrum Schleswig, Hamdorf Eiderland, Schleswig Schuby-Silberstedt, Biogas Schleswig-Flensburg East, Solar Schleswig Imkensweg, Ahrenviol Ahrenviolfeld, Tellingstedt Eider, Bondelum Sollerup, Husum Sudermarsch, Solar Hattstedt Horstedt, Olderup Horstedt Angeln, Sollwitt Behrendorf, Oldenswort Uelvesbull Eiderstedt, Norstedt Obere Arlau. Bokel Altenkattbek (54.217°N 9.705°E) and Bovenau Emkendorf solar are within 30km but less central. Biogas Schleswig City and Biogas Flensburg North are included as renewable assets."
redispatch_full,SHN Cluster Kummerfeld,,MaStR aggregate near Rethwisch,Wind,102.185,medium,mastr_match,,,53.86,9.68,,,replaced,"SEE980799888648,SEE966193723617,SEE939913250465,SEE917495917631,SEE981621741476,SEE977553073563,SEE928901052938,SEE920193309998,SEE971489130147,SEE975878087470,SEE913161942129,SEE978048958112,SEE919555712767,SEE981491009089,SEE987942777385,SEE973334887831,SEE909313811474,SEE932371972504,SEE917754040063,SEE954348760389,SEE976648022141,SEE964427172088,SEE929676761674,SEE966833655247,SEE952698985605,SEE947021262829,SEE987728874000,SEE940930370012,SEE981544038127,SEE995182619747,SEE962374212642,SEE965385345521,SEE922852198639,SEE922602608746,SEE952687343140,SEE916757906680,SEE947782004027,SEE984806160901,SEE959055868175,SEE911578800247,SEE944454357283,SEE981970843142,SEE932684868044,SEE938863061305,SEE902694520218,SEE931063345251,SEE999471383395,SEE922912897113,SEE949299894368,SEE950150948656,SEE986936528903,SEE928196169175,SEE927003293171,SEE979327571084,SEE977469785888,SEE976387737733,SEE955054680992,SEE944100580485,SEE961623949582,SEE930478183939,SEE956877628741,SEE948760859554,SEE996130581543,SEE956756738233,SEE942677837322,SEE925214258071,SEE953675148877,SEE963877756008,SEE938694688030,SEE918500321047,SEE974746107265,SEE950470297595,SEE969649946738,SEE973496552295,SEE953927923719,SEE934093794655,SEE973231947881,SEE900913750569,SEE903808526737,SEE920360176705,SEE929520451942,SEE995347411179,SEE942422642317,SEE972199236778,SEE976525574282,SEE941102745164,SEE924046824249,SEE942833239274,SEE978505879806,SEE983648573801,SEE947894183832,SEE915127182921,SEE983540017519,SEE900056273444,SEE900776543445,SEE990939840764,SEE946216028226,SEE926026227408,SEE942424278248,SEE986704560685,SEE916426095387",102.185,101.0,0.0591,"10000663,10000832,10000258,10000835,10001298,10001299,10000708,10001296,10000678,10000255,10000256,10000703,10001300,10001297",1730.1013349999998,"Kummerfeld is a municipality in Pinneberg, Schleswig-Holstein, at 53.860°N 9.680°E. This is a large SHN renewable cluster. All wind and solar candidates within 30km are plausibly part of this large cluster: Steinburg Krempdorf, Lentföhrden-Weddelbrook, Solar Krempe Neuenbrook, Raa-Besenbek Holstein, Dammfleth Beidenfleth, Moorhusen Marschhof, Reher Nortorf Holstein, near Aukrug, Aukrug Padenstedt, Solar Agethorst Nienbuttel, Solar Wilster Ecklak, Drochtersen Elbe, Gribbohm, Buttel Ecklak Landscheide. The Biogas Stade Elbe Region (53.603°N 9.628°E) is at the edge and less likely to be part of this cluster."
redispatch_full,AVA Cluster Helmstedt,,,,,high,cluster_match,,"10000978,10001434,10001447,10001346,10001008",52.23,11.0,,,yes,"SEE900019954427,SEE966630601645,SEE972423994139,SEE983906269088,SEE961822070070,SEE953379266198,SEE931151935203,SEE970551557448,SEE946725768644,SEE984323837096,SEE967292350230,SEE944301959882,SEE921921118776,SEE971867960700,SEE999248500871,SEE973699367665,SEE946412996206,SEE978552947695,SEE965892872862,SEE907751417692,SEE968118471306,SEE965757959349,SEE991155633772,SEE901572752109,SEE942306224820,SEE983015347004,SEE964492036186,SEE925593972377,SEE983987983194,SEE975427075699,SEE958653531139,SEE935109870738,SEE932612517198,SEE921538834892,SEE956683881163,SEE925514997465,SEE969185063418,SEE919868226937,SEE950796612096,SEE972714279563,SEE980812844507,SEE957020117907,SEE913485706896,SEE913449012148,SEE912434227987,SEE936652675023,SEE960689814797,SEE976563403155,SEE998462756033,SEE932866655110,SEE962218973517,SEE990668415998,SEE970814498761,SEE968742229311,SEE922260606979,SEE905415529682,SEE931328940429,SEE939193620248,SEE900249233156,SEE962554303283,SEE935154419272,SEE905462526863,SEE920087948258,SEE912917889985,SEE983054373569,SEE924065955139,SEE964708312141,SEE995106588517,SEE967835598860,SEE923930598662,SEE923686268239,SEE963802985602,SEE998647741748,SEE930169207333,SEE968913183770,SEE993901962303,SEE907864711786,SEE972885588891,SEE938408171353,SEE968393484213",115.278,80.0,0.4715,,,"Helmstedt is a city in Lower Saxony/Saxony-Anhalt border region. Multiple candidates directly match: Wind cluster Helmstedt Buddenstedt Börde (id=10000978) explicitly names Helmstedt with members including Helmstedt, Buddenstedt, Hohnsleben etc. at 52.194°N 11.012°E. Biogas cluster Helmstedt Börde (id=10001434) explicitly names Helmstedt Börde at 52.328°N 11.017°E. Biogas cluster Jerxheim Helmstedt (id=10001447) is nearby at 52.082°N 10.899°E. Wind cluster Eilsleben-Hakenstedt Borde (id=10001346) at 52.168°N 11.272°E is in the same Börde region near Helmstedt. Wind cluster Siestedt Behnsdorf (id=10001008) at 52.327°N 11.131°E is also in the Helmstedt/Börde vicinity."
redispatch_full,AVA Cluster Dollern,,,,,medium,cluster_match,,"10000625,10000834",53.64,8.96,,,yes,"SEE950258368783,SEE939930841059,SEE980902618254,SEE918352169064,SEE963801432763,SEE911359655066,SEE984728093349,SEE901111221967,SEE972890623280,SEE920424426197,SEE910068378006,SEE927457140120,SEE979535478908,SEE907766735736,SEE985002274881,SEE976133861491,SEE913308808059,SEE949189386799,SEE949085699610,SEE985554740483,SEE998654730087,SEE995630223373,SEE957523822919,SEE973982691330,SEE990880117199,SEE930082789831,SEE966124004976,SEE950152943925,SEE974372368146,SEE994741463494,SEE900642919633,SEE927520324358,SEE927463019519,SEE924027235248,SEE952740696497,SEE997255538856,SEE993057919046,SEE985829288900,SEE996725435749,SEE934804732815,SEE989761749871,SEE964085679134,SEE930701778055,SEE946759859356,SEE911207732673,SEE941502162585,SEE969380242861,SEE909376399698,SEE910538226486,SEE988125522099,SEE976849315516,SEE998052066849,SEE913141975901,SEE916982251098,SEE952065594645,SEE912067397767",59.704,56.0,0.2535,,,"Dollern is a municipality in the Stade district, Lower Saxony (near Hamburg). Wind cluster Tostedt Hollenstedt (id=10000625) at 53.380°N 9.717°E covers the Stade/Harburg region and includes members like Ardestorf, Elstorf which are near Dollern. Wind cluster Ahlerstedt-Ottendorf (id=10000834) at 53.380°N 9.393°E is also in the Stade district area. Neither explicitly names Dollern but both are geographically plausible for the Stade district area where Dollern is located."
redispatch_full,SHN Cluster Wilster West,,MaStR aggregate near Balje,Wind,87.097,high,mastr_match,,,53.85,9.15,,,replaced,"SEE996272008045,SEE991529315525,SEE978421391338,SEE929359457184,SEE933013505371,SEE999676733773,SEE905878604841,SEE994982799246,SEE954846354004,SEE943265400751,SEE949829324877,SEE926091251070,SEE990759898228,SEE999035789656,SEE981071236348,SEE942815972274,SEE949891055686,SEE927441560873,SEE910025107625,SEE946549999057,SEE963572341370,SEE913330342781,SEE960617292222,SEE917259792641,SEE915973866150,SEE986634542331,SEE938068925044,SEE949113717224,SEE927436034983,SEE910472587971,SEE950525643506,SEE968185680694,SEE968936085488,SEE997737172622,SEE962435250453,SEE973042154782,SEE974363775090,SEE963039016612,SEE925315124978,SEE991273019847,SEE928411958867,SEE979766840222,SEE929702559015,SEE944611857489,SEE958085339617,SEE921001404041,SEE950917417166,SEE918260246154,SEE904981058893,SEE984548432243,SEE905079320922,SEE908776237715,SEE903612583728,SEE998434698217,SEE987490793653,SEE909872372836,SEE929761481425,SEE961783462709,SEE965774805902,SEE939614364676,SEE929830756690,SEE906690585714,SEE998076058417,SEE946372455027,SEE953519008534,SEE966703274523,SEE968647153063,SEE913991013945,SEE966655609664,SEE940941084113,SEE968854317883,SEE948043412544,SEE911743933855,SEE904644992243,SEE994821229330,SEE907089388312,SEE996719086186,SEE914696742451,SEE901565452788,SEE928122142081,SEE974545187918,SEE997956493119,SEE973784363367,SEE925977937619,SEE916196621502,SEE901422229997,SEE928484938605,SEE928869509123",87.097,88.0,0.0677,"10000256,10001297,10000636,10000592",1287.11778,"Wilster is a town in the Steinburg district, Schleswig-Holstein. Solar cluster Wilster Ecklak (id=10000256) explicitly names Wilster at 53.916°N 9.269°E with member 'Wilster'. Wind cluster Buttel Ecklak Landscheide (id=10001297) at 53.906°N 9.255°E names Ecklak and Buttel which are directly adjacent to Wilster - highly relevant. Wind cluster Dithmarschen South Coast (id=10000636) covers the broader area near Wilster. Wind cluster Hemme West Dithmarschen (id=10000592) at 54.157°N 8.573°E is in the same Dithmarschen/Wilster marsh area."
redispatch_full,BAG NWAK-Cluster 03 Bergrheinfeld-Schweinfurt,,MaStR aggregate near Bad Neustadt a.d. Saale,Wind,36.009,high,mastr_match,,,50.29,10.23,,,replaced,"SEE943079656146,SEE970826968962,SEE992438020647,SEE907292779525,SEE910713103779,SEE981935673951,SEE944123025697,SEE949374512088,SEE956639420194,SEE900130022609,SEE961295313858,SEE929307924133,SEE980783123175,SEE956680919081,SEE951549913590,SEE942813741124,SEE965535855344,SEE952927555418,SEE989500180071,SEE973285186496,SEE917113297619,SEE931538122387,SEE949230117860,SEE983344745205,SEE937610431361,SEE948978161210,SEE976865935521,SEE939595807537,SEE923746502075,SEE987429135653,SEE991525229772,SEE975716072279,SEE941239616092,SEE936591930986,SEE934052429123,SEE992937675041,SEE933905802793,SEE972120796890,SEE962188388137,SEE957818135298,SEE927861285523,SEE902902158523,SEE993319616270,SEE972332234944,SEE924358430497,SEE922088094132,SEE929698945014,SEE915233305351,SEE924821854966,SEE975175689957,SEE950249931637,SEE993299810231,SEE904838352990,SEE989188230617,SEE926221394110,SEE969547852551,SEE981574093073,SEE964998972247,SEE997619775552,SEE954349542038,SEE992758531731,SEE969331488713,SEE950380309906,SEE905503457293,SEE913975824314,SEE930141471851,SEE960014932028,SEE904423049786,SEE979286982907,SEE938505578277,SEE973746816603,SEE922381793978,SEE993732861516,SEE951798472374,SEE950009752991,SEE935359155784,SEE924861868916,SEE921718086974,SEE966974558674,SEE914742266986,SEE962850040196,SEE996569962838,SEE980685915748,SEE996563199209,SEE977504073307,SEE956050148387,SEE904165571682,SEE939233931013,SEE923752969756,SEE953698774848,SEE997879824885,SEE950198852083,SEE914244204257,SEE947952100238,SEE973083282321,SEE964701103319,SEE914930998002,SEE907242076506,SEE963387966850,SEE904993164872,SEE918455302764,SEE957838094919,SEE985997346211,SEE956923758590,SEE994270273649,SEE907276406157,SEE911549658341,SEE941047567777,SEE979923792593,SEE984353308979,SEE957849648606,SEE937946336347,SEE933005589693,SEE991405390462,SEE903467133017,SEE966398145207,SEE957618619707,SEE994729955614,SEE933965857115,SEE942021975014,SEE922775009401,SEE938573171301,SEE968876707181,SEE904805288819,SEE931763859713",36.009,125.0,0.1922,"10000328,10000879,10000868,10000181",187.30957,"Bergrheinfeld is a municipality directly adjacent to Schweinfurt in Bavaria (Lower Franconia). Solar cluster Schwebheim Heidenfeld (id=10000328) at 49.970°N 10.250°E is extremely close to Bergrheinfeld/Schweinfurt with members Heidenfeld, Schwebheim, Unterspiesheim all within a few km. Wind cluster Bergtheim Werneck (id=10000879) at 49.928°N 10.121°E is in the Schweinfurt district. Wind cluster Ochsenfurt Mainstockheim (id=10000868) at 49.745°N 10.075°E is nearby in the Main valley. Solar cluster Sand am Main Franconia (id=10000181) at 49.989°N 10.530°E is also in the Schweinfurt/Hassfurt area of Lower Franconia."
redispatch_full,BAG NWAK-Cluster 05 Kriegenbrunn-Ludersheim,,,,,medium,geocoded_cluster,,"10000420,10000419,10000540,10000314,10000421,10000294,10000589,10000339,10000335",50.17,10.81,,,yes,"SEE944041596163,SEE972098291090,SEE930742255386,SEE962722776079,SEE907364337974,SEE952341884682,SEE957526726665,SEE901660473916,SEE972435974181,SEE925996370404,SEE934799368686,SEE942643849649,SEE921546871582,SEE950994953588,SEE984905707960,SEE903659280048,SEE907697102942,SEE913307605505,SEE908490947617,SEE914192849371,SEE979282427433,SEE916623823172,SEE923839324669,SEE951163326479,SEE939137374060,SEE951857008162,SEE976872438862,SEE972754738969,SEE992927530909,SEE939221136574,SEE955525514795,SEE918025042885,SEE907129889489,SEE901783806844,SEE993060216781,SEE934099201270,SEE976688621076,SEE991204023011,SEE906303586503,SEE941942921810,SEE908943688371,SEE997731382027,SEE985452765397,SEE975218515168,SEE992972471981,SEE930903282176,SEE943686151324,SEE995779575678,SEE902347401079,SEE958126338289,SEE974258002485,SEE974862261414,SEE963246717586,SEE987268792314,SEE925572124001,SEE993762869827,SEE908178269178,SEE930372474812,SEE990801847877,SEE958173659887,SEE995475230543,SEE915764270074,SEE968908654704,SEE964058243676,SEE935057875700,SEE900339048004,SEE924528040969,SEE936887063985,SEE970098348509,SEE993030697022,SEE977870102311,SEE919077939529,SEE984574826177,SEE976540252882,SEE903762965177,SEE985975855780,SEE907500047002,SEE940568614977,SEE958680815523,SEE902471856356,SEE922044470642,SEE960714573064,SEE958561450867,SEE949283161049,SEE946896541947,SEE952301711188,SEE979712236031,SEE954541611082,SEE971068985632,SEE973991962483,SEE941432799103,SEE902866306732,SEE991443788856,SEE970694657173,SEE956216330380,SEE904827156998,SEE933684659588,SEE907862059910,SEE973438146049,SEE945155680090,SEE963919330999,SEE970682560645,SEE949195232967",198.448,103.0,0.809,,,"Kriegenbrunn and Ludersheim are locations in Bavaria (Franconia), near Erlangen/Nuremberg. However, the given coordinates (50.170°N 10.810°E) place this cluster near the Haßberge/Coburg area of northern Bavaria/Franconia. All solar and wind candidates within 30km are plausible members: Solar Haßberge Wasmuthhausen, Solar Ebern Pfarrweisach, Wind Bretzenstein Frankonia, Solar Coburg-Lautertal, Solar Königsberg Hellingen, Solar Zapfendorf Ebensfeld, Wind Lautertal Coburg, Solar Sonnefeld Coburg North, Solar Oberhaid Viereth Bamberg. Solar Sand am Main (49.989°N 10.530°E) is slightly further and less certain, excluded."
redispatch_full,BAG NWAK-Cluster 14 Schwandorf,,,,,medium,cluster_match,,"10000246,10000548",49.32,12.11,,,yes,"SEE942079078446,SEE952690703511,SEE987463570359,SEE928423336561,SEE907522712230,SEE960705263073,SEE922476408596,SEE902554143113,SEE954073082497,SEE963865010402,SEE977177998129,SEE937717913050,SEE950639046514,SEE972608930266,SEE960339992066,SEE903082019048,SEE923599120525,SEE984668245174,SEE972910855912,SEE968048301476,SEE921706682324,SEE941595091670,SEE905581152172,SEE900363671582,SEE944740074870,SEE971314286247,SEE923303632436,SEE949979483790,SEE909861533712,SEE917072657554,SEE921768032105,SEE909569841454,SEE940455553761,SEE924628202014,SEE985177992504,SEE960482669679,SEE962699700145,SEE999217364152,SEE961402363608,SEE994860037682,SEE977180593922,SEE938369719403,SEE929480967828,SEE955016713539,SEE945683726574,SEE910314179326,SEE994839387374,SEE933689022486,SEE990452175275,SEE961385887207,SEE943183754455,SEE966496003355,SEE939646277715,SEE947418836619,SEE967757657706,SEE915276924090,SEE992579841576,SEE957120396677,SEE970803610969,SEE922700244815,SEE975127025123,SEE959530108123,SEE910617651871,SEE929982908039,SEE984962285999,SEE942267527992,SEE970410556964,SEE967876131156,SEE939585627862,SEE972795471382,SEE903345546038,SEE946322536929,SEE959539166308,SEE966257048038,SEE966565595538,SEE934917706925,SEE974129341842,SEE972659081788,SEE910264920139,SEE993087320614,SEE904204851737,SEE951854284279,SEE905504331516,SEE921400471422,SEE945731111420,SEE955021217886,SEE970542867167,SEE929979169962,SEE996442688862,SEE993658857952,SEE995922499660,SEE944556488403,SEE920449545330,SEE934873630593,SEE969179345315,SEE924597518611,SEE995667907147,SEE985099219956,SEE993831970386,SEE998159262588,SEE924416831303,SEE925319986091,SEE920403608057,SEE937287010807,SEE934166427589,SEE917042123546,SEE959777165507,SEE964806102965,SEE916089162587,SEE996248236335,SEE919445375683,SEE962175893958,SEE931119001131,SEE986291950913,SEE930980902264,SEE931131957799,SEE936289555224,SEE975338490154,SEE906983219708,SEE937122453998,SEE966204056215,SEE957074049766,SEE953607770619,SEE910923759322,SEE903747062952,SEE989671948210,SEE969269788978,SEE968240166262,SEE985478061817,SEE990544747526,SEE924056455716,SEE992394766825,SEE947371266607,SEE919124809102,SEE924037270796,SEE948099740547,SEE943637843858,SEE937103372003,SEE992003244911,SEE982726104814,SEE907354043496,SEE949672842306,SEE998897942865,SEE968127751727,SEE972872569285,SEE933002910292,SEE907053581190,SEE925162526185,SEE977679967630,SEE956038492365",68.998,150.0,1.1645,,,"Schwandorf is a town in the Upper Palatinate district of Bavaria. Solar cluster Mappenberg Wackersdorf (id=10000246) at 49.292°N 12.217°E explicitly includes Wackersdorf which is in the Schwandorf district, and Mappenberg/Altenschwand are nearby localities. Wind cluster Ellenfeld Upper Palatinate (id=10000548) at 49.841°N 12.451°E is in the Upper Palatinate region though somewhat north of Schwandorf. Wackersdorf is a well-known location in the Schwandorf district making id=10000246 a strong match."
redispatch_full,BAG NWAK-Cluster 04 Aschaffenburg,,,,,medium,geocoded_cluster,,"10000166,10001181",49.974,9.147,,,yes,"SEE928894621579,SEE971471195956,SEE913275803200,SEE913401630250,SEE973646665912,SEE936221521645,SEE933893170119,SEE926498570781,SEE973735100829,SEE988003538396,SEE979506434315,SEE963627384970,SEE909856181706,SEE911070166131,SEE991300488394,SEE910980002584,SEE913736355934,SEE961864856786,SEE942630064444,SEE961298543726,SEE996260146032,SEE996514621421,SEE966658402682,SEE952658306747,SEE969036665648,SEE962861257637,SEE954699271299,SEE901904250372,SEE915847087490,SEE933181622597,SEE927646951926,SEE937377394107,SEE900603451097,SEE930075065263,SEE987196695435,SEE984161386299,SEE990820516792,SEE984577146562,SEE981160316494,SEE902415893522,SEE939176466283,SEE944948314082,SEE960401898524,SEE927345531276,SEE932309561022,SEE990443032129,SEE995797431154,SEE994674269989,SEE901174623432,SEE945349139786,SEE962514371345,SEE979910439340,SEE906519589664,SEE933057145137,SEE953374630338,SEE963022922135,SEE998523022572,SEE936675612098,SEE919198556056,SEE924881184379,SEE997347153103,SEE929019612793,SEE944404536522,SEE954984645026,SEE937855790698,SEE989265546303,SEE979771137836,SEE984524504827,SEE920964837088,SEE922302621274,SEE977641118848,SEE955321704819,SEE932218260139,SEE910094279414,SEE944184367347,SEE966677507702,SEE969629161250,SEE909392229122,SEE999117860921,SEE962855487491,SEE919271126756,SEE935179464622,SEE975179375429,SEE934624660978,SEE991087884198,SEE935330221705,SEE916586262698,SEE900232026864,SEE926950187663,SEE948205597645,SEE994828720847,SEE945887444397,SEE919807344159,SEE967604168676,SEE911595536051,SEE960742827993,SEE910051893783,SEE929498728084,SEE914315318036,SEE975032818216,SEE956682599168,SEE917604926981,SEE902531544445,SEE935376583744,SEE915238913711,SEE936528834851,SEE936333940747,SEE915353692072,SEE988887194602,SEE930670500930,SEE917927960136,SEE941529137412,SEE971356256901,SEE922389803280,SEE913063757135,SEE932180095463,SEE997590187122,SEE964004702110,SEE963997446391,SEE951854032979,SEE965266611431,SEE922233647305,SEE907018869806,SEE995333612313,SEE983677900449,SEE903703727567,SEE977749125144,SEE910798328654,SEE987465556436,SEE973597940915,SEE958249200494,SEE987023687213,SEE969421470581,SEE946704710114,SEE957293192878,SEE914259715540,SEE921663381834,SEE930382457454,SEE933273066599,SEE955276992170,SEE978028915890,SEE963645920235,SEE955553440509,SEE923733208294,SEE991481411747,SEE921450251449,SEE915762927994,SEE962763383380,SEE914543290036,SEE942222234538,SEE962671798870,SEE903125808158,SEE949497588939,SEE992760742620,SEE976698172148,SEE968237317592,SEE959784639824,SEE959181037964,SEE958904280670,SEE918240677596,SEE998091364289,SEE978417241265,SEE995893926356,SEE956768849798,SEE935131669768,SEE930134951315,SEE995846661228,SEE952094393851,SEE910457967484,SEE987670319796,SEE939139551445,SEE923951754672,SEE948422287558,SEE911489755353,SEE956797149456,SEE950535934830,SEE957832083292,SEE974386460195,SEE911694161680,SEE926705431003,SEE967600706032,SEE982516524402,SEE902232168599,SEE981428145941,SEE971783425796,SEE948690651648,SEE976322120880,SEE949343528270,SEE957650348771,SEE975220656132,SEE987874043275,SEE950872229637,SEE976799807451,SEE949679155232,SEE984608497786,SEE901100968538,SEE976322834046,SEE946283257291,SEE958034501447,SEE993767013423,SEE937703708370,SEE923509081335,SEE954759368440,SEE979384916125,SEE926860110614,SEE995344884976,SEE975380830403,SEE965886972035,SEE912579349025,SEE989787009539,SEE915790586972,SEE943638535455,SEE956399847415,SEE919118317224,SEE920281966317,SEE949925531995,SEE937881499947,SEE953029141455,SEE949871205353,SEE942918517419,SEE987756515678,SEE991365757695,SEE911736515891,SEE942008814015,SEE993180207164,SEE926424000245,SEE935539179326,SEE936998556185,SEE972366416620,SEE971903363786,SEE958695968047",57.235,231.0,0.6518,,,Aschaffenburg is located at ~49.974°N 9.147°E in Bavaria. Both candidates are within 30km: Solar cluster Karlstein Main-Kinzig (50.091°N 8.990°E) and Wind cluster Wörth am Main (49.751°N 9.105°E). Both are plausible members of a renewable cluster near Aschaffenburg.
redispatch_full,BAG NWAK-Cluster 12 Pirach-Simbach,,,,,high,cluster_match,,"10000001,10000332",48.058,13.054,,,no,,,,,,,"Pirach is a village near Pirach/Simbach am Inn in southeastern Bavaria (Inn River region). id=10000001 is the Run-Of-River cluster on the Inn River near Töging (48.253°N 12.692°E), which is very close to Pirach/Simbach am Inn. id=10000332 is a Solar cluster near Altötting/Eitzing (48.247°N 12.379°E), also in the same Inn river / Altötting district region of Bavaria, making both plausible co-located members of a DSO cluster in this area."
redispatch_full,BAG NWAK-Cluster 02 Oberhaid-Redwitz,,,,,high,cluster_match,,10000335,50.135,11.427,,,yes,"SEE994092849404,SEE912766311859,SEE905535975819,SEE925624096393,SEE990348616318,SEE908527051911,SEE938717681277,SEE966104199975,SEE984887752828,SEE930952809720,SEE959483110129,SEE904670481421,SEE997025527646,SEE982033724170,SEE952649542147,SEE959503433177,SEE911063301785,SEE985750096247,SEE948959476593,SEE989152047340,SEE972916180261,SEE997681221483,SEE949890746042,SEE961089078444,SEE935745395695,SEE942490669995,SEE911525874321,SEE978900825378,SEE992082032980,SEE929596550839,SEE998351648203,SEE978720111187,SEE972653118169,SEE967768230486,SEE990778605777,SEE936431216287,SEE917736291520,SEE957417695988,SEE982474065382,SEE962421164276,SEE901364778997,SEE954681449897,SEE985322325478,SEE910771101496,SEE946560013039,SEE940837378548,SEE969318481317,SEE931258875327,SEE968352307195,SEE946700231996,SEE927436213265,SEE902792093652,SEE920610612755,SEE939068067413,SEE925668474409,SEE905067533266,SEE939348525657,SEE938655650496,SEE943197480487,SEE953266051265,SEE935424794467,SEE985047562493,SEE953326664947,SEE926669801560,SEE994242747635,SEE982987299328,SEE992570219077,SEE993807060332,SEE911963826777,SEE963319880575,SEE961660243599,SEE982961098879,SEE922452571900,SEE943931940208,SEE911127022069,SEE976071706762,SEE931759609438,SEE927685799855,SEE931574435519,SEE980335382012,SEE965644904506,SEE945600062860,SEE967643563517,SEE939171059138,SEE965657309541,SEE985450948679,SEE916492983960,SEE953848895829,SEE965213240790,SEE903767279750,SEE965938607335,SEE951258819299,SEE962456133674,SEE913585817461,SEE924197380113,SEE921740554465,SEE927444611053,SEE900405752903,SEE968688062096,SEE912036868076,SEE953539037033,SEE948973063922,SEE989840268965,SEE960008407754,SEE931434796026,SEE904658504777,SEE918764245387,SEE912754863582,SEE903863264506,SEE919520932862,SEE976898298181,SEE901004744863,SEE910252802478,SEE994648890980,SEE957470584755,SEE918526670730,SEE935734753987,SEE989527410205,SEE994290781575,SEE997730709146,SEE991285058605,SEE923642433794,SEE923560435924,SEE922048700509,SEE918466862080,SEE982813306329,SEE920860802777,SEE919672098409,SEE921499151793,SEE952159593943,SEE953269149150,SEE959576642971,SEE971098233345,SEE937945102370,SEE957191305806,SEE995674303727,SEE963889533376,SEE906481594932,SEE920446439397,SEE988095459401,SEE934734104904,SEE951570567656,SEE970979253939,SEE923210804476",131.435,144.0,3.3563,,,"Oberhaid is a municipality in Bamberg district, Upper Franconia, Bavaria. id=10000335 is explicitly named 'Solar cluster Oberhaid Viereth Bamberg' (49.911°N 10.750°E), directly matching the 'Oberhaid' part of the cluster name. Redwitz an der Rodach is also in Upper Franconia. No other candidate matches this area."
redispatch_full,Baden-Württemberg Nord-Ost EE,,,,,,aggregated,,,,,,,,,,,,,,Aggregated node or virtual entry — not a single plant.
redispatch_full,BAG NWAK-Cluster 06 Raitersaich,,,,,medium,cluster_match,,10000422,50.328,11.701,,,yes,"SEE921788149869,SEE969970299466,SEE976621814848,SEE912965804343,SEE974217390394,SEE924397209948,SEE996514680183,SEE904756728945,SEE915640228977,SEE988004320075,SEE953667837765,SEE992453902867,SEE982354240038,SEE978471658764,SEE902248724635,SEE964570919554,SEE974751659551,SEE998138437600,SEE984909758364,SEE910382517884,SEE922547911604,SEE915633852783,SEE901585094937,SEE950968726620,SEE969901831284,SEE927048841054,SEE909071998189,SEE926411268641,SEE984626074563,SEE936449269701,SEE974900380459,SEE973401870377,SEE973377381303,SEE993261619404,SEE980472259864,SEE949543165893,SEE903427120842,SEE991275986741,SEE908272382599,SEE982757116022,SEE952820363233,SEE912242077026,SEE936297062622,SEE989208664552,SEE961728730474,SEE967348210327,SEE941039087375,SEE990675869098,SEE964360074227,SEE979390747430,SEE966575081861,SEE984863797829,SEE940166432645,SEE965599863859,SEE987170052551,SEE989260518893,SEE915648791527,SEE971391970916,SEE997517617732,SEE982776241217,SEE931859746422,SEE944280446229,SEE969106879616,SEE988752276532,SEE940892425096,SEE942824086030,SEE956521268033,SEE938111535169,SEE961856366583,SEE967341604420,SEE990264788557,SEE962555435877,SEE995655713972,SEE901619035141,SEE924934295601,SEE978077782061,SEE965868835563,SEE929307620394,SEE918875527488,SEE968987778766,SEE983267303896,SEE921870927184,SEE927973956557,SEE997859959903,SEE916795034062,SEE950984525054,SEE932073738125,SEE916414547126,SEE984018804426,SEE996223496143,SEE905911957453,SEE970456412088,SEE966768378426,SEE978866544351,SEE957095494866,SEE941111619012,SEE961974299428",168.85,97.0,3.5793,,,"Raitersaich is a locality in the Ansbach district of Bavaria (Middle Franconia), near Georgensgmünd/Roth. id=10000422 is 'Solar cluster Ansbach Lichtenau' (49.261°N 10.660°E), which is in the Ansbach area and geographically closest to Raitersaich among all candidates. No candidate explicitly names Raitersaich, but the Ansbach solar cluster is the most plausible geographic match."
redispatch_full,BAG NWAK-Cluster 01 Mechlenreuth,,MaStR aggregate near Eichigt,Biogas,4.765,medium,mastr_match,,,50.299,12.151,,,replaced,"SEE941266133081,SEE903840690557,SEE997368622558,SEE973064149537,SEE969387816850,SEE971068732205,SEE928972694341,SEE992329132732,SEE911137931504,SEE995676140047,SEE965298690787,SEE940447658627,SEE995382193559,SEE991043516187",4.765,14.0,0.0395,"10001196,10001195",120.75,"Mechlenreuth is a small locality in Upper Franconia near Münchberg/Hof. id=10001196 is 'Wind cluster Topen Feilitzsch' (50.418°N 11.904°E) with member 'Topen Munchenreuth', directly referencing Münchreuth/Mechlenreuth area. id=10001195 is 'Wind cluster Marktschorgast Frankenwald' (50.106°N 11.688°E) also in Upper Franconia near Münchberg. Both are geographically plausible for a cluster named after Mechlenreuth."
redispatch_full,TTG Cluster EE Bechterdissen T411,,,,,medium,cluster_match,,10001226,52.055,8.753,,,yes,"SEE958461215009,SEE918268505598,SEE936489335473,SEE929857771409,SEE914917673991,SEE952969978411,SEE933521834949,SEE961232172166,SEE953356407422,SEE971197515809,SEE964196588356,SEE958582327599,SEE995604796919,SEE949843778342,SEE900852340043,SEE943862244901,SEE937427564689,SEE925503818948,SEE947344546798,SEE903662077154,SEE952962844867,SEE996102262623,SEE922720952967,SEE965793954612,SEE904024719965,SEE973129794559,SEE950464409737,SEE978195000566,SEE956372446222,SEE991036460640,SEE998170001531,SEE981146848919,SEE954049191468,SEE967813219268,SEE934184656077,SEE911872904450,SEE964521583520,SEE924338731767,SEE926370813012,SEE914778120382,SEE970553549694,SEE986166195463,SEE999593267634,SEE937295058280,SEE948151274768,SEE981266424291,SEE940761640827,SEE907526032082,SEE993389174625,SEE918730473424,SEE912588081749,SEE981479712406,SEE998826786287,SEE911867907275,SEE955812104159,SEE976410145863,SEE956271614777,SEE998122845206,SEE932691110969,SEE963047776164,SEE990360471216,SEE922216587284,SEE922897091964,SEE914045322686,SEE999370048715,SEE981130983565,SEE983838789005,SEE951380025216,SEE961818849390,SEE998927081892,SEE903666232856,SEE911830227997,SEE906205707372,SEE961420842420,SEE976553827268,SEE962398061134,SEE919135508735,SEE920335415136,SEE916547706902,SEE916210860580,SEE960851567124,SEE963840192567,SEE975365343867,SEE989083723597,SEE967123663584,SEE945563295329,SEE961188757172,SEE982698215426,SEE974387776950,SEE930636167900,SEE988064386936,SEE964282263822,SEE992668812630,SEE983542527283,SEE985803091168,SEE910572833633,SEE926239231254,SEE960429211688,SEE942848851959,SEE982664290815,SEE938712479992,SEE923822502562,SEE938271687135,SEE942667869135,SEE903950072397,SEE929679908267,SEE949463729090,SEE971434170495,SEE942096222266,SEE955653790504,SEE938541947457,SEE956381591876,SEE982830146014,SEE904278750356,SEE982819427202,SEE909209542109,SEE978484239783,SEE904632216177,SEE910157320596,SEE906917011101,SEE954965981754,SEE929710916954,SEE948838206112,SEE951119947413,SEE953333711719,SEE920850451459,SEE978382192098,SEE920544617321,SEE900858028686,SEE945244595540,SEE910674484085,SEE963968639050,SEE915638564926,SEE978397929238,SEE929934955579,SEE937377263137,SEE931866820733,SEE902025494430,SEE926440742716,SEE935506011000,SEE993555840323,SEE972235387693,SEE982175068330,SEE941406072188,SEE924925470871,SEE966871564563,SEE957110777530,SEE982937448332,SEE996366080933,SEE906946724997,SEE986626659641,SEE965665558849,SEE929723718293,SEE904147613355,SEE908875434466,SEE963588394773,SEE968887958039,SEE922269252771,SEE953371318376,SEE999816594141,SEE919928691941,SEE906645528001,SEE981521642866,SEE979420846003,SEE931053345568,SEE959635056817,SEE963790772512,SEE926735844057,SEE976682558071,SEE913886361762,SEE989972550464,SEE962736412666,SEE958341422893,SEE945242260341,SEE960361853007,SEE907753419410,SEE953171954330,SEE995219210312,SEE998756679291,SEE946555313687,SEE974240571906,SEE923754308416,SEE960744327866,SEE972304386459,SEE950225588923,SEE981231978033,SEE981166776421,SEE908948376723,SEE971416401241,SEE978784698792,SEE975812583334,SEE942896014689,SEE984751405751,SEE900591742856",63.2,194.0,0.4546,,,"Bechterdissen is a district of Leopoldshöhe in the Lippe district of North Rhine-Westphalia, near Bielefeld/Detmold. id=10001226 is 'Wind cluster Lichtenau Asseln' (51.639°N 8.914°E) in the Paderborn area, which is the closest geographic match among candidates. However confidence is medium as no candidate is directly in Bechterdissen/Leopoldshöhe. No strong match found among all candidates."
redispatch_full,SHN Cluster Jardelund,,,,,high,cluster_match,,10001326,54.806,9.067,,,yes,"SEE929174534817,SEE956698111323,SEE959851415849,SEE909955390917,SEE987337135202,SEE931462037757,SEE964919568696,SEE950748451346,SEE995228155079,SEE922371919517,SEE911402700293,SEE965740710964,SEE950712697329,SEE982149341650,SEE903571288023,SEE984005277554,SEE987581902728,SEE924904056980,SEE975396760596,SEE946233063606,SEE908986693257,SEE981752725741,SEE981722274644,SEE991931141453,SEE936960388783,SEE934930052573,SEE996649227697,SEE939335778110,SEE942605248756,SEE930396919290,SEE931708399229,SEE960236718097,SEE939229143994,SEE939121275373,SEE964257088894,SEE962498541253,SEE920638702667,SEE929160508136,SEE994140283068,SEE953575431727,SEE939041142922,SEE997908234555,SEE949738984766,SEE997941937222,SEE909053832494,SEE906905490697,SEE999350981629,SEE902617685123,SEE921869074875,SEE927420209687,SEE995165128044,SEE940806234424,SEE948892369488,SEE959153138453,SEE979430567837,SEE934626788212,SEE977501266337,SEE981003091724,SEE909487730670,SEE987929874144,SEE915468400623,SEE913143011607,SEE983755578447,SEE927196530770,SEE964885778709,SEE923173071472,SEE983915584677,SEE966124480428,SEE937351395823,SEE910528865084,SEE923582031159,SEE948062534777,SEE955399802110,SEE910281856107,SEE940330100967,SEE945953556818,SEE926933233400,SEE991210558385,SEE933185549142,SEE948309159855,SEE924459932876,SEE938995796946,SEE974046602446,SEE986306134093,SEE982434523013,SEE914229075520,SEE959539041155,SEE942795879372,SEE989576269755,SEE954666457121,SEE983342031034,SEE984564577232,SEE930954814876,SEE939645188548,SEE902409455644,SEE960239971239,SEE968759507488,SEE907761403692,SEE926771196912,SEE930184012929,SEE931782382285,SEE993956082223,SEE905017237237,SEE917283651136,SEE976806382728,SEE927640463494,SEE943750874302,SEE938884109475,SEE997565746286,SEE914429328846,SEE935408786457,SEE900069999416,SEE982547339488,SEE921921449153,SEE984548850498,SEE906470063517,SEE997465733898,SEE966946290489,SEE951144981284,SEE937275601598,SEE923892770618,SEE948562884402,SEE910855206284,SEE973763414356,SEE922053169100,SEE902102293215,SEE951793861357,SEE937509819355,SEE928938968493,SEE975543013148,SEE933634564078,SEE998982547975,SEE934602313780,SEE922226858770,SEE974948002948,SEE948997259653,SEE973390213803,SEE988706355450,SEE911724893857,SEE912978971537,SEE940970773071,SEE973541440980,SEE984151535614,SEE925185539803,SEE980281779034,SEE961868913898,SEE922930135129,SEE914814576593,SEE957207764665,SEE951640382899,SEE908707161362,SEE915401521194,SEE989920046865,SEE910001644441,SEE992747059369,SEE945648405896,SEE923046845582,SEE994342948956,SEE957318655869,SEE982739720810,SEE993990544442,SEE944974793578,SEE996314345664,SEE961168314418,SEE961074876864,SEE940242603259,SEE982579795665,SEE993558064962,SEE901683718605,SEE904863420718,SEE987102827608,SEE976021740853,SEE988010830292,SEE952665753701,SEE917114050565,SEE968488703502,SEE921193852637,SEE991458616601,SEE934610548426,SEE937876698454,SEE962325091326,SEE967053860213,SEE979356106882,SEE926160604332,SEE925802134497,SEE993322378936,SEE997036638188,SEE963311522541,SEE912669782589,SEE947005005718,SEE951308805555,SEE999150982871,SEE948473154700,SEE925382288108,SEE933828254266,SEE946505676886,SEE901531011360,SEE931106557801,SEE964151783321,SEE918301609511,SEE951979588078,SEE921227168734,SEE974353675386,SEE978730176329,SEE985257415992,SEE937232007258,SEE913407545572,SEE923229640003,SEE971786173243,SEE909885984200,SEE948981193024,SEE971731776826,SEE959410966034,SEE947133016068,SEE905731708600,SEE905638580200,SEE993273818208,SEE994876234044,SEE988456407324,SEE962662763665,SEE939833903052,SEE974461421646,SEE937913367145,SEE952311030903,SEE913721864878,SEE914522325193,SEE909217484347",357.762,227.0,0.5567,,,"Jardelund is a municipality in Schleswig-Flensburg district, Schleswig-Holstein, very close to the Danish border. id=10001326 is 'Wind cluster Eggebek Wanderup Angeln' (54.690°N 9.197°E), which covers wind parks in Angeln/Schleswig-Flensburg district, the same geographic area as Jardelund. This is the strongest match. id=10001338 'Ahrenviol Ahrenviolfeld' (54.515°N 9.247°E) is also in Schleswig-Holstein and could be relevant, but Eggebek/Wanderup is geographically closer to Jardelund."
redispatch_full,Stuttgart Umland Ost EE,,,,,,aggregated,,,,,,,,,,,,,,Aggregated node or virtual entry — not a single plant.
redispatch_full,Baden-Württemberg Süd EE,,,,,,aggregated,,,,,,,,,,,,,,Aggregated node or virtual entry — not a single plant.
redispatch_full,Baden-Württemberg West EE,,,,,,aggregated,,,,,,,,,,,,,,Aggregated node or virtual entry — not a single plant.
redispatch_full,Stuttgart Umland Nord EE,,,,,,aggregated,,,,,,,,,,,,,,Aggregated node or virtual entry — not a single plant.
redispatch_full,SHN Cluster Lübeck,,,,,high,cluster_match,,"10001029,10001522",53.868,10.687,,,yes,"SEE954353480333,SEE965501104513,SEE979418536497,SEE943121694515,SEE928032578741,SEE948549876987,SEE966384475585,SEE907073271019,SEE925664167169,SEE919869802994,SEE938608717306,SEE938674594023,SEE996249225338,SEE947822022745,SEE904281435806,SEE908894092579,SEE992785675019,SEE914373755095,SEE950775610785,SEE980227596268,SEE945860357607,SEE936846821960,SEE940422379493,SEE944011098970,SEE970160021217,SEE977651193804,SEE951379558718,SEE947958780977,SEE903877662428,SEE946767854664,SEE923064589413,SEE987076835982,SEE981855434700,SEE912255145101,SEE988904258812,SEE916566761227,SEE948457854749,SEE972632565168,SEE941159419391,SEE905876068898,SEE945586303193,SEE951494030052,SEE911915440716,SEE929323217684,SEE960549205666,SEE972908105074,SEE963529747620,SEE959463047216,SEE941881230127,SEE906171697639,SEE908458732118,SEE932673086138,SEE978452077195,SEE937079960624,SEE981454853070,SEE908504844437,SEE969675381367,SEE945653287074,SEE967453102722,SEE984210709673,SEE966681597928,SEE958485549487,SEE955500461571,SEE995432207915,SEE957190141719,SEE968570717257,SEE910322451131,SEE900102959957,SEE997079585791,SEE922588681498,SEE986541060270,SEE903449964615,SEE977793269726,SEE948837823433,SEE904928439358,SEE920595857295,SEE984806695977,SEE961258566055,SEE998678309122,SEE937814886783,SEE918264704049,SEE911061460095,SEE911261319957,SEE998764385085,SEE966961989665,SEE978031051431,SEE937088685105,SEE948276996569,SEE974303476322,SEE977940874544,SEE989144552142,SEE915369493243,SEE918991011830,SEE999905346361,SEE918145714068,SEE901957890907,SEE964305834848,SEE949941229517,SEE954759079179,SEE987796461829,SEE916743828446,SEE952481675430,SEE927844113904,SEE935030010289,SEE962146592323,SEE984638956215,SEE973906793454,SEE982142740627,SEE948896969882,SEE999152873801,SEE907345169174,SEE905639561901,SEE938835266851,SEE900937232232,SEE954625356489,SEE936031742629,SEE981949222404,SEE972479591726,SEE998441753862,SEE919852646222,SEE939949213281,SEE970792476232,SEE950951803628,SEE998301772446,SEE967598060239,SEE960047364629,SEE932420785871,SEE912389369176,SEE918160085228,SEE925746491755,SEE977768271143,SEE987390719425,SEE918297060044,SEE945879580096,SEE943912743637,SEE957160719344,SEE977472821818,SEE917462983287,SEE978241703045,SEE920821904052,SEE944300386450,SEE917537412841,SEE978566599095,SEE936405987670,SEE916621563353,SEE949345810175,SEE906356967953",31.857,147.0,1.0337,,,"Lübeck is in Schleswig-Holstein. id=10001029 is 'Wind cluster Lübeck North Ratekau' (53.949°N 10.810°E), explicitly named for the Lübeck area. id=10001522 is 'Biogas cluster Lübeck' (53.853°N 10.679°E), also explicitly named for Lübeck. Both are direct geographic and naming matches for a DSO cluster in Lübeck."
redispatch_full,SHN Cluster Hamburg Nord,,,,,medium,cluster_match,,"10000643,10000655,10000733,10000790",53.57,10.0,,,yes,"SEE928302030535,SEE972348453797,SEE909953595406,SEE964251511879,SEE963168894891,SEE988783185926,SEE934391972601,SEE978492161977,SEE907860172093,SEE981751032420,SEE984716470435,SEE944340712332,SEE938990134545,SEE909160250280,SEE909082328340,SEE948457239980,SEE922434759821,SEE974587982267,SEE954136127462,SEE985814120468,SEE957936239205,SEE930206956545,SEE980912816961,SEE993642996971,SEE909126122583,SEE911818782937,SEE924522616917,SEE923184494697,SEE961560321564,SEE973650951841,SEE907869509456,SEE983704780914,SEE994300646870,SEE999113935999,SEE979742239224,SEE938940786800,SEE969740633216,SEE957022412338,SEE987741563264,SEE905137603356,SEE955963126512,SEE952005711811,SEE920027263588,SEE950507704430,SEE944459617177,SEE984290181932,SEE997724680048,SEE978886204525,SEE992679838247,SEE979849653848,SEE911819102611,SEE936704089860,SEE990334748917,SEE972015878236,SEE987475929176,SEE947780990919,SEE941336903347,SEE953791463502,SEE956880774343,SEE998823940385,SEE913252434113,SEE958748172735,SEE902728476221,SEE924037558535,SEE995589893481,SEE905891010193,SEE992349110970,SEE989489313521,SEE979917506571,SEE968945931547,SEE953772773880,SEE965726875014,SEE996283205556,SEE900686961650,SEE962262355383,SEE926319930251,SEE922174598353,SEE970232613852,SEE904313393241,SEE962425080268,SEE918383843193,SEE913687182078,SEE988769134832,SEE925781796518,SEE983610673065,SEE966528777124,SEE904243723217,SEE952736174749,SEE945461461062,SEE904387672884,SEE966260035308,SEE904533666446,SEE902409847524,SEE999129540378,SEE906999863124,SEE934289800542,SEE985730706722,SEE940499781946,SEE953744119487,SEE941251706474,SEE915734137871,SEE964396375169,SEE970553740657,SEE932094730702,SEE943861153372,SEE946838655602,SEE909150175678,SEE947004158637,SEE976256899784,SEE900555358376,SEE903963412388,SEE925317712401,SEE973639187964,SEE998135172801,SEE992862019903,SEE901857059060,SEE911807647582,SEE968818555306,SEE945729185297,SEE980081556170,SEE936522522242,SEE913256702393,SEE948850335579,SEE972457992583,SEE922191917823,SEE939503780501,SEE968214398996,SEE992213125239,SEE916902390395,SEE907165033174,SEE948789625468,SEE992771134841,SEE965444920225,SEE998652468111,SEE935927852107,SEE995137510938,SEE930812303535,SEE925500999732,SEE903821514469,SEE957391186472,SEE933572297953,SEE929687698433,SEE946850519890,SEE911321295368,SEE969575976519,SEE980233714052,SEE981162081031,SEE986612533429,SEE970736593537,SEE977976423044,SEE924159260392,SEE947087060735,SEE916895676674,SEE962043680468,SEE971383396816,SEE962007988500,SEE909877126267,SEE949978080211,SEE963190599092,SEE971615018554,SEE933482903555,SEE973994630273,SEE926580360504,SEE905068367693,SEE977952599596,SEE967792252591,SEE983073978035,SEE913851037951,SEE911962503600,SEE930746536665,SEE919042103597,SEE986667231028,SEE982094066899,SEE910596788438,SEE963760888267,SEE971414393456,SEE964326690607,SEE929131740602,SEE923610279140,SEE934558425407,SEE927219490913,SEE918192785851,SEE953673623802,SEE994199190195,SEE981219995090,SEE929485619043,SEE961832745753,SEE976032318942,SEE992093772912,SEE971493132564,SEE982646314232,SEE917117393072,SEE901138838902,SEE940551954080,SEE934245922516,SEE976506281642,SEE981579230374,SEE929957780011,SEE909164049873,SEE937544872483,SEE906999193719,SEE905220165860,SEE930749281449,SEE963773011188,SEE933911067599,SEE937358764295,SEE966255195352,SEE947294357222,SEE934878441170,SEE900958422247,SEE905482356006,SEE904826658691,SEE935339452940,SEE981898429695,SEE991508299358,SEE983409754029,SEE966795641364,SEE960359804189,SEE957571144025,SEE909444701101,SEE910945194736",63.421,221.0,0.5005,,,"Hamburg Nord cluster likely contains wind plants near/in Hamburg. Candidates id=10000643 (Wind cluster Hamburg Vierlande East, ~53.45°N 10.25°E), id=10000655 (Wind cluster Hamburg Industrial Port, ~53.51°N 9.89°E), id=10000733 (Wind cluster Georgswerder Hamburg, ~53.51°N 10.04°E), and id=10000790 (Wind cluster Ochsenwerder Hamburg, ~53.46°N 10.08°E) are all located in or around Hamburg. 'Nord' might refer to the northern part of the Hamburg area served by SHN (Stromnetz Hamburg). No solar or biogas candidates clearly match Hamburg Nord specifically."
redispatch_full,Baden-Württemberg Nord-West EE,,,,,,aggregated,,,,,,,,,,,,,,Aggregated node or virtual entry — not a single plant.
redispatch_full,Stuttgart Umland Süd EE,,,,,,aggregated,,,,,,,,,,,,,,Aggregated node or virtual entry — not a single plant.
redispatch_full,Baden-Württemberg Nord EE,,,,,,aggregated,,,,,,,,,,,,,,Aggregated node or virtual entry — not a single plant.
redispatch_full,AVA Cluster Lüneburg T412,,MaStR aggregate near Lüneburg,Wind,52.917,medium,mastr_match,,,53.254,10.41,,,replaced,"SEE939129833858,SEE977973495792,SEE911957086217,SEE963866170044,SEE954000013358,SEE991871125414,SEE904609885535,SEE952724652426,SEE974530186063,SEE999064289332,SEE928540641357,SEE930282761798,SEE948467743842,SEE969749297761,SEE965694745777,SEE973793776493,SEE964364634649,SEE936183827175,SEE904279211115,SEE944730406414,SEE940612158891,SEE984110813333,SEE952120831586,SEE950313881820,SEE952496828746,SEE925591844294,SEE963382888027,SEE908341385780,SEE900221215729,SEE929720488250,SEE943517661008,SEE953378512005,SEE948885157306,SEE934425618444,SEE994902436817,SEE905909556217,SEE910731673872,SEE927469415537,SEE951980867230,SEE996546588136,SEE946572842290,SEE995263617198,SEE983780773701,SEE978828416504,SEE931731631815,SEE934890073229,SEE924071375334,SEE932938483511,SEE950016030303,SEE907054328602,SEE982270264811,SEE964521429750,SEE988280313914,SEE904099229628,SEE973111285980,SEE926515731522,SEE963392251989,SEE956788737594,SEE952103713946,SEE940192698619,SEE917060112782,SEE974422669728,SEE910441272716,SEE905756180214,SEE939154066788,SEE919309388903,SEE970229227239,SEE947566362640,SEE907840055408,SEE975861143664,SEE985809282089,SEE946927870558,SEE938577639081,SEE987738429894,SEE918584222926,SEE971794133185,SEE941866687090,SEE946817122835,SEE981884245889,SEE924312088771,SEE933254858328,SEE929489625255,SEE961167765044,SEE978119374643,SEE915054636856,SEE922350663745,SEE977623827492,SEE900075811030,SEE915107483970,SEE972602064851,SEE964275687659,SEE957623775757,SEE921752312428,SEE905382501025,SEE934528550221,SEE968868398373,SEE955899089561,SEE991598562912,SEE977770938294,SEE931906128997,SEE900592730265,SEE975820737019,SEE980046354834,SEE933756878480,SEE994206994198,SEE977211404005,SEE919615585522,SEE979272113100,SEE913867813358,SEE927106718304,SEE904422323818,SEE982006889547,SEE914788854956,SEE947140125166,SEE952710376909,SEE908874265504,SEE937166268053,SEE981441406340,SEE935453968457,SEE948913873710,SEE992305332491,SEE995828249840,SEE957140052546,SEE937239977691,SEE919285975265,SEE986065947552,SEE972205810916,SEE992724322486,SEE978504668319,SEE962970238336,SEE984858388117,SEE965669525465,SEE949106476213,SEE973932702444,SEE914043827107,SEE936727593160,SEE918423956821,SEE975154125360,SEE994750444200",52.917,139.0,0.146,"10000738,10000980,10001122,10001442,10001117,10001118,10000217",362.353,"Lüneburg is a district in Lower Saxony. Candidates explicitly named with Lüneburg: id=10000738 (Wind cluster Hermannsburg-Wietzendorf Lüneburg), id=10000980 (Wind cluster Bokel-Hanstedt Lüneburg Heath), id=10001122 (Wind cluster Melbeck-Gellersen Lüneburg), id=10001442 (Biogas cluster Lüneburg Bardowick), id=10001117 (Wind cluster Bad Bevensen Altenmedingen Lueneburg), id=10001118 (Wind cluster Barendorf near Lueneburg), id=10000217 (Solar cluster Uelzen Lüneburg Heath). T412 is one transformer/substation designation; since T412 and T413 are separate clusters for the same location, they likely split the same pool of Lüneburg-area plants."
redispatch_full,AMP_WESTNETZ_EMSLAND_CR_WIND,,,,,,aggregated,,,,,,,,,,,,,,Aggregated node or virtual entry — not a single plant.
redispatch_full,AMP_WESTNETZ_EMSLAND_CR_SONSTIGE_EE,,,,,,aggregated,,,,,,,,,,,,,,Aggregated node or virtual entry — not a single plant.
redispatch_full,SHN Cluster Itzehoe West,,MaStR aggregate near Büttel,Wind,263.295,high,mastr_match,,,53.871,9.29,,,replaced,"SEE918972731511,SEE956401824243,SEE988198742264,SEE928420350270,SEE985167897581,SEE914079037228,SEE981535509421,SEE926451847592,SEE951031680801,SEE938980054952,SEE906560053312,SEE998229577345,SEE989535950229,SEE938154011767,SEE900504582555,SEE966463499556,SEE972196583103,SEE908513554570,SEE958166135657,SEE911218092957,SEE931061939001,SEE990759898228,SEE999188737245,SEE939456535425,SEE941865166619,SEE937727189407,SEE980429814900,SEE975587551378,SEE965410510627,SEE915438587156,SEE968566225827,SEE985215320290,SEE923820902869,SEE952683031102,SEE945709222370,SEE930918156011,SEE906218592422,SEE927624835125,SEE943097851516,SEE981638022391,SEE970169026404,SEE906503361054,SEE926473576586,SEE971402704219,SEE910025107625,SEE960024857700,SEE932838016826,SEE929011158367,SEE986070991601,SEE955315683045,SEE916493181600,SEE968144373353,SEE948138128244,SEE930261083484,SEE982716364884,SEE980572916001,SEE989865873700,SEE981469074521,SEE923802904409,SEE918943587208,SEE926593856582,SEE929030039203,SEE985927206288,SEE911888778410,SEE914163159775,SEE930609575473,SEE945735108686,SEE967796216933,SEE960805097059,SEE959222482722,SEE982340841171,SEE964466590928,SEE949610498022,SEE958763204473,SEE953906062873,SEE972413813013,SEE977431161474,SEE976489232679,SEE977719233473,SEE949559026171,SEE993478295231,SEE935286581120,SEE903612583728,SEE918383933450,SEE986127331657,SEE909872372836,SEE929761481425,SEE965438738713,SEE935576169007,SEE924229054814,SEE979682399231,SEE994455339863,SEE958571494684,SEE920772987753,SEE937538940563,SEE981094711389,SEE977412249764,SEE957496628921,SEE906343482582,SEE915773685937,SEE950392113690,SEE904897477696,SEE927368050495,SEE907614528879,SEE993601669816,SEE994532175155,SEE944510984187,SEE918147195766,SEE943383096577,SEE966953861641,SEE952476177734,SEE913391677860,SEE936141470559,SEE919086084364,SEE998245392557,SEE927924956124,SEE973784363367,SEE907824203443,SEE971919772398,SEE912965288129,SEE993385162930,SEE994150710578",263.295,122.0,5.1432,10000258,51.192555,"Itzehoe West is a location in Schleswig-Holstein near the Elbe/Steinburg district. id=10000258 (Solar cluster Krempe Neuenbrook, ~53.864°N 9.505°E) explicitly lists 'Itze' (short for Itzehoe) as a member and is located in the Krempe/Neuenbrook area just west of Itzehoe. No wind cluster among the candidates is specifically labeled Itzehoe West."
redispatch_full,BAG NWAK-Cluster 13 Etzenricht,,MaStR aggregate near Kirchenpingarten,Biogas,11.827,medium,mastr_match,,,49.96,11.8,,,replaced,"SEE901951771127,SEE908758499681,SEE986927420605,SEE983095091927,SEE948892607481,SEE985338835923,SEE907316964685,SEE981659763433,SEE924726068369,SEE946479208953,SEE931643013839,SEE941789771036,SEE969771489028,SEE912683449154,SEE952384462571,SEE946353674379,SEE948192781270,SEE969882360711,SEE910737843880,SEE978269572913,SEE915881497149,SEE990945922270,SEE938656149227,SEE975528007711,SEE909135955295,SEE932687406144,SEE908999830137,SEE917862740909,SEE995227367275,SEE988066593790,SEE937458907462,SEE962756555510",11.827,32.0,0.1894,10000541,62.43,"Etzenricht is a community in the Neustadt an der Waldnaab district of Upper Palatinate (Bavaria). id=10000541 (Wind cluster Schnaittenbach Oberpfalz, ~49.52°N 12.15°E) is located in the Oberpfalz (Upper Palatinate) region and includes member 'Trichenricht' which is adjacent to Etzenricht. No other candidate is clearly located in or near Etzenricht. id=10000385 (Hohenfels Beratzhausen) is also in the Upper Palatinate but further south."
redispatch_full,AVA Cluster Emden Borssum,,,,,high,cluster_match,,10000730,53.366,7.207,,,yes,"SEE931794674651,SEE925933975204,SEE905301574840,SEE949913968574,SEE936761610465,SEE999217894499,SEE904157234625,SEE955364434544,SEE957010113384,SEE962237104886,SEE994908427505,SEE984863016333,SEE933034761039,SEE956166622177,SEE995364422998,SEE907569231121,SEE962825459107,SEE991894696908,SEE999850329853,SEE978967755908,SEE988347681314,SEE996373002621,SEE904376752726,SEE911944568412,SEE913108290405,SEE970410985146,SEE968233678895,SEE919614441256,SEE931779602211,SEE988528235152,SEE959963255647,SEE993837012677,SEE912551057580,SEE925246801719,SEE975767403510,SEE993038983264,SEE982352066623,SEE974318333863,SEE947822366849,SEE952292212794,SEE990617307855,SEE982025668680,SEE963390495064,SEE954647626942,SEE901259607029,SEE914797620337,SEE926795241698,SEE933274219635,SEE923518847281,SEE954599303427,SEE978906269565,SEE988434048013,SEE991870604361,SEE925268052083,SEE959870329448,SEE941685322417,SEE949216203457,SEE959929617663,SEE917015780196,SEE982760839291,SEE923032247550,SEE971420975844,SEE938734763086,SEE904771605146,SEE980744181794,SEE958093452674,SEE967818442180,SEE902238324791,SEE986820195372,SEE945302488975,SEE943958108667,SEE956423300978,SEE900358553602,SEE940667593807,SEE904053499791,SEE914565491473,SEE900701277834,SEE995772301175,SEE976810465844,SEE918320420159,SEE995634520508,SEE914420771535,SEE950479966188,SEE914896226409,SEE936434155538,SEE940125036983,SEE965143543275,SEE938072288029,SEE910451682499,SEE937751086123,SEE956446668291,SEE943317447529,SEE937090169747,SEE947014825604,SEE920590599237,SEE906736798801,SEE941296402485,SEE920467088987,SEE995853339196,SEE931526541145,SEE945117810275,SEE918496776999,SEE902451268896,SEE993739028370,SEE942574928079,SEE942066588958,SEE900640890873,SEE987391111822,SEE900052465256,SEE982009927123,SEE983011198457,SEE950147771625,SEE912939978148,SEE943512398657,SEE955073380132,SEE910200718592,SEE989731856844,SEE902053391350,SEE969581523059,SEE999203099549,SEE923167514244,SEE960211710511,SEE934869675768,SEE972036839070,SEE921976689061,SEE939472795032,SEE900661391717,SEE954009931455,SEE911150870668,SEE952509696225,SEE989643880890,SEE960741726525,SEE960697693483,SEE928210049544,SEE943763406194,SEE921031251455,SEE904589475672,SEE923428106058,SEE996573944936,SEE934944745409",183.261,140.0,0.4598,,,"Emden Borssum is a specific location in East Frisia near the city of Emden. id=10000730 (Wind cluster Krummhorn-Emden East Frisia, ~53.336°N 7.261°E) explicitly lists 'Borssum' and 'Emden' as member plants, and covers the Emden/Krummhorn area. This is a direct match."
redispatch_full,AVA Cluster Gießen Nord T413 T414,,,,,medium,geocoded_cluster,,"10001550,10000173,10000906,10000712,10000892,10000895",50.59,8.674,,,yes,"SEE990688427865,SEE905565188289,SEE960879344110,SEE965189550619,SEE918845597930,SEE977192954216,SEE914425637959,SEE929831089421,SEE963114953078,SEE954461343636,SEE967347285777,SEE986586565280,SEE943310841584,SEE912100514861,SEE966411182752,SEE915049561644,SEE982407184746,SEE914556571146,SEE998971624755,SEE910627050756,SEE905035164331,SEE935442734926,SEE996418192195,SEE997298546320,SEE948369833894,SEE970431615190,SEE926781689404,SEE992079913582,SEE932187265647,SEE954022599090,SEE968668298880,SEE982803315898,SEE966831920170,SEE943225978429,SEE941406846482,SEE985577383056,SEE988524069010,SEE978972354813,SEE935584730305,SEE961984562017,SEE952955678080,SEE993013179255,SEE937163609101,SEE999394642807,SEE904363799758,SEE945222666835,SEE930628950411,SEE960612739753,SEE902965073986,SEE937742141114,SEE905762731851,SEE978272436776,SEE989261016923,SEE918744220267,SEE956412606210,SEE960358682085,SEE923782784459,SEE950265156588,SEE901200049335,SEE965963009654,SEE936786701162,SEE981913896389,SEE974135349436,SEE995565567245,SEE957277103449,SEE910413451545,SEE924539880431,SEE937172564958,SEE978637936231,SEE902535495026,SEE943475156042,SEE980630936347,SEE918955321036,SEE911009238212,SEE933671523243,SEE916686986364,SEE937405438124,SEE973512214824,SEE998670831751,SEE931787851250,SEE914768602904,SEE980529883202,SEE996392415518,SEE998029460717,SEE929744582842,SEE999663459365,SEE969870796935,SEE913561356977,SEE995733076173,SEE908081853952,SEE965440318033,SEE955817987771,SEE987755483794,SEE982631526411,SEE961856627929,SEE925510190020,SEE995938040474,SEE938664890562,SEE976445708903,SEE990952347899,SEE926231494534,SEE935401591713,SEE937017922585,SEE946624983308,SEE935098164924,SEE973559665443,SEE935517569439,SEE981512177841,SEE953428961807,SEE912909345413,SEE932232853409,SEE998220710352,SEE971398706655,SEE998255276625,SEE909627838402,SEE919480614969,SEE960137558600,SEE948469292591,SEE948863898542,SEE939048959745,SEE974129744292,SEE966054019682,SEE977117039998,SEE901688855251,SEE999762829380,SEE909019436308,SEE920923420641,SEE955206040988,SEE985794590237,SEE935300690548,SEE923416560848,SEE978993325182,SEE922168110370,SEE912710497554,SEE940150112614,SEE916422220776,SEE985480763341,SEE959423901060,SEE902633391190,SEE966373995803,SEE965915099306,SEE969126345139,SEE978828817493,SEE902351556468,SEE986510904567,SEE927211450632,SEE987845881462,SEE957967740121,SEE960771236506,SEE960617663312,SEE917489883553,SEE952236775262,SEE989662464101,SEE936956893093,SEE971211252109,SEE934175441125,SEE966943879878,SEE937949530094,SEE956983656393,SEE908225244530,SEE908188399896,SEE960108707631,SEE933740114297,SEE956030860568,SEE996404761909,SEE998751515242,SEE998980496961,SEE909446598051,SEE928139553269,SEE913636372222,SEE953463101619,SEE987595066379,SEE980857108008,SEE917505565371,SEE996899268778,SEE932969180953,SEE900243597780,SEE962781507904,SEE920655682294,SEE999541510607,SEE957486858437,SEE988649054014,SEE943288823025,SEE927798411330,SEE904828872651,SEE944773226383,SEE909390914105,SEE944414885375,SEE968282056736,SEE973374864793,SEE923843775174,SEE904230021661,SEE979160381086,SEE947530303679,SEE900807384009,SEE971539235099,SEE933719152992,SEE901220854933,SEE984067590202,SEE976840466002,SEE941800701103,SEE911596103474,SEE911254014227,SEE971225564298,SEE965232580570,SEE957518563797,SEE977338234820,SEE920897750850,SEE970286929695,SEE991577119915,SEE969312311757,SEE921628603872,SEE992386860517,SEE938847622041,SEE939396647011,SEE933930916083,SEE969265425730,SEE956297598228,SEE994692857694,SEE915159375773,SEE925803699278,SEE950884234445,SEE960119000851,SEE958683672901,SEE969899374855,SEE967173155077,SEE926782400022,SEE984687589617,SEE971557997153,SEE934683121939,SEE929940114380",57.595,231.0,0.2802,,,"Gießen Nord is located at 50.590°N 8.674°E in Hesse. The cluster is renewable (Erneuerbar) under TenneT. The most plausible candidates close to Gießen Nord are: Biogas cluster Marburg Lahn (50.589°N 8.695°E, very close match), Solar cluster Fernwald Giessen (50.571°N 8.703°E, very close), Wind cluster Staufenberg Eichwald (50.693°N 8.757°E), Wind cluster Asslar Hohenahr (50.631°N 8.488°E), Wind cluster Amöneburg Rabenau (50.708°N 8.924°E), Wind cluster Mücke Gemünden Vogelsberg (50.670°N 9.029°E). More distant candidates like Solar Marburg Bad Endbach, Wind Rachelshausen, Wind Siegfriedeiche Buhlenberg, and Biogas Mardorf are less central to Gießen Nord."
redispatch_full,AMP_VSE_CR_SONSTIGE_EE,,,,,,aggregated,,,,,,,,,,,,,,Aggregated node or virtual entry — not a single plant.
redispatch_full,AMP_VSE_CR_WIND,,,,,,aggregated,,,,,,,,,,,,,,Aggregated node or virtual entry — not a single plant.
redispatch_full,AMP_WESTNETZ_BORNHEIM_CR_WIND,,,,,,aggregated,,,,,,,,,,,,,,Aggregated node or virtual entry — not a single plant.
redispatch_full,AMP_WESTNETZ_EIFEL_CR_WIND,,,,,,aggregated,,,,,,,,,,,,,,Aggregated node or virtual entry — not a single plant.
redispatch_full,AMP_WESTNETZ_TRIER_CR_WIND,,,,,,aggregated,,,,,,,,,,,,,,Aggregated node or virtual entry — not a single plant.
redispatch_full,AMP_WESTNETZ_SIEGEN_CR_WIND,,,,,,aggregated,,,,,,,,,,,,,,Aggregated node or virtual entry — not a single plant.
redispatch_full,AMP_WESTNETZ_SIERSDORF_CR_WIND,,,,,,aggregated,,,,,,,,,,,,,,Aggregated node or virtual entry — not a single plant.
redispatch_full,AMP_WESTNETZ_NIEDERRHEIN_CR_WIND,,,,,,aggregated,,,,,,,,,,,,,,Aggregated node or virtual entry — not a single plant.
redispatch_full,AMP_WESTNETZ_KREFELDNEUSS_CR_WIND,,,,,,aggregated,,,,,,,,,,,,,,Aggregated node or virtual entry — not a single plant.
redispatch_full,AMP_WESTNETZ_HUERTH_CR_WIND,,,,,,aggregated,,,,,,,,,,,,,,Aggregated node or virtual entry — not a single plant.
redispatch_full,AMP_WESTNETZ_MUENSTERLAND_CR_WIND,,,,,,aggregated,,,,,,,,,,,,,,Aggregated node or virtual entry — not a single plant.
redispatch_full,AMP_VSE_CR_PHOTOVOLTAIK,,,,,,aggregated,,,,,,,,,,,,,,Aggregated node or virtual entry — not a single plant.
redispatch_full,AMP_WESTNETZ_TRIER_CR_PHOTOVOLTAIK,,,,,,aggregated,,,,,,,,,,,,,,Aggregated node or virtual entry — not a single plant.
redispatch_full,AMP_WESTNETZ_TRIER_CR_SONSTIGE_EE,,,,,,aggregated,,,,,,,,,,,,,,Aggregated node or virtual entry — not a single plant.
redispatch_full,AVA Cluster Lüneburg T413,,MaStR aggregate near Lüneburg,Wind,52.917,medium,mastr_match,,,53.254,10.41,,,replaced,"SEE939129833858,SEE977973495792,SEE911957086217,SEE963866170044,SEE954000013358,SEE991871125414,SEE904609885535,SEE952724652426,SEE974530186063,SEE999064289332,SEE928540641357,SEE930282761798,SEE948467743842,SEE969749297761,SEE965694745777,SEE973793776493,SEE964364634649,SEE936183827175,SEE904279211115,SEE944730406414,SEE940612158891,SEE984110813333,SEE952120831586,SEE950313881820,SEE952496828746,SEE925591844294,SEE963382888027,SEE908341385780,SEE900221215729,SEE929720488250,SEE943517661008,SEE953378512005,SEE948885157306,SEE934425618444,SEE994902436817,SEE905909556217,SEE910731673872,SEE927469415537,SEE951980867230,SEE996546588136,SEE946572842290,SEE995263617198,SEE983780773701,SEE978828416504,SEE931731631815,SEE934890073229,SEE924071375334,SEE932938483511,SEE950016030303,SEE907054328602,SEE982270264811,SEE964521429750,SEE988280313914,SEE904099229628,SEE973111285980,SEE926515731522,SEE963392251989,SEE956788737594,SEE952103713946,SEE940192698619,SEE917060112782,SEE974422669728,SEE910441272716,SEE905756180214,SEE939154066788,SEE919309388903,SEE970229227239,SEE947566362640,SEE907840055408,SEE975861143664,SEE985809282089,SEE946927870558,SEE938577639081,SEE987738429894,SEE918584222926,SEE971794133185,SEE941866687090,SEE946817122835,SEE981884245889,SEE924312088771,SEE933254858328,SEE929489625255,SEE961167765044,SEE978119374643,SEE915054636856,SEE922350663745,SEE977623827492,SEE900075811030,SEE915107483970,SEE972602064851,SEE964275687659,SEE957623775757,SEE921752312428,SEE905382501025,SEE934528550221,SEE968868398373,SEE955899089561,SEE991598562912,SEE977770938294,SEE931906128997,SEE900592730265,SEE975820737019,SEE980046354834,SEE933756878480,SEE994206994198,SEE977211404005,SEE919615585522,SEE979272113100,SEE913867813358,SEE927106718304,SEE904422323818,SEE982006889547,SEE914788854956,SEE947140125166,SEE952710376909,SEE908874265504,SEE937166268053,SEE981441406340,SEE935453968457,SEE948913873710,SEE992305332491,SEE995828249840,SEE957140052546,SEE937239977691,SEE919285975265,SEE986065947552,SEE972205810916,SEE992724322486,SEE978504668319,SEE962970238336,SEE984858388117,SEE965669525465,SEE949106476213,SEE973932702444,SEE914043827107,SEE936727593160,SEE918423956821,SEE975154125360,SEE994750444200",52.917,139.0,0.146,"10000738,10000980,10001122,10001442,10001117,10001118,10000217",362.353,"Same reasoning as T412 — Lüneburg-area clusters. Both T412 and T413 are transformer designations for the same geographic area (Lüneburg), and the same pool of candidate plants applies. The split between T412 and T413 would be determined by grid topology, which cannot be resolved from the data provided, so all Lüneburg-area candidates are listed for both."
redispatch_full,AMP_WESTNETZ_DORTMUND_CR_WIND,,,,,,aggregated,,,,,,,,,,,,,,Aggregated node or virtual entry — not a single plant.
redispatch_full,AMP_WESTNETZ_MUELHEIM_CR_WIND,,,,,,aggregated,,,,,,,,,,,,,,Aggregated node or virtual entry — not a single plant.
redispatch_full,AMP_LEW_VERTEILNETZ_SUED_CR_KONVENTIONELL,,,,,,aggregated,,,,,,,,,,,,,,Aggregated node or virtual entry — not a single plant.
redispatch_full,AMP_LEW_VERTEILNETZ_NORD_CR_PHOTOVOLTAIK,,,,,,aggregated,,,,,,,,,,,,,,Aggregated node or virtual entry — not a single plant.
redispatch_full,AMP_LEW_VERTEILNETZ_NORD_CR_SONSTIGE_EE,,,,,,aggregated,,,,,,,,,,,,,,Aggregated node or virtual entry — not a single plant.
redispatch_full,AMP_LEW_VERTEILNETZ_NORD_CR_WIND,,,,,,aggregated,,,,,,,,,,,,,,Aggregated node or virtual entry — not a single plant.
redispatch_full,AMP_LEW_VERTEILNETZ_SUED_CR_PHOTOVOLTAIK,,,,,,aggregated,,,,,,,,,,,,,,Aggregated node or virtual entry — not a single plant.
redispatch_full,BAG NWAK-Cluster 08 Neufinsing,,,,,medium,geocoded_cluster,,10001552,48.31,11.58,,,yes,"SEE905111065880,SEE917940837910,SEE949066398716,SEE962510378737,SEE953442443709,SEE930342076268,SEE955234926438,SEE914939019692,SEE937850687054,SEE945395312560,SEE998875094081,SEE991697131651,SEE906729227578,SEE990517142815,SEE920486393710,SEE973342910545,SEE916019479501,SEE906312733899,SEE989329616225,SEE999392987610,SEE915040302178,SEE949124826649,SEE907265446263,SEE977346013752,SEE970638836725,SEE993172823846,SEE908520665795,SEE968115207618,SEE990678602555,SEE952129280057,SEE903986776993,SEE923083147755,SEE970825849781,SEE977375319214,SEE997205450412,SEE999830548793,SEE973789637883,SEE906858330828,SEE940893371736,SEE911693703416,SEE947584139866,SEE994709045663,SEE990827932489,SEE935123337705,SEE943470428663,SEE922019544071,SEE966093521481,SEE903768519565,SEE934273438737,SEE999510269048,SEE922810296513,SEE998055158275,SEE975258211242,SEE992425411885,SEE979110719716,SEE973885153874,SEE960071824946,SEE957044024977,SEE914984240805,SEE938815206693,SEE988959295817,SEE908937880002,SEE909671988658,SEE954238399057,SEE989162586501,SEE924506294650,SEE990069412336,SEE945787344858,SEE995577443773,SEE927156574448,SEE908870733946,SEE948470906104,SEE992009502879,SEE986878530330,SEE975654597612,SEE996645146725,SEE944276079622,SEE913082914045,SEE901180930647,SEE998818588448,SEE987660541701,SEE989994399485,SEE914564199158,SEE939548478098,SEE903099677101,SEE992618300477,SEE934052298101,SEE945966675582,SEE905950053185,SEE959887625861,SEE966986190022,SEE944081735911,SEE954814401006,SEE973551874102,SEE995164040989,SEE995303792342,SEE947318869847,SEE946871081697,SEE918878243200,SEE907739822302,SEE921706335107,SEE941118611996,SEE967509899231,SEE957253029510,SEE940143767401,SEE910054903403,SEE937870668774,SEE970000320579,SEE923376318282,SEE972964943276,SEE991354721157,SEE939934105010,SEE945923492566,SEE960532230422,SEE956015271907,SEE948818209669,SEE965917798917,SEE939857084225,SEE989447084883,SEE960340316431,SEE944171023805,SEE935272652834,SEE965465468942,SEE915267988445,SEE963508321650,SEE926179480422,SEE974860760216,SEE916044929101,SEE935594597653,SEE946453345803,SEE969287449134,SEE927187065502,SEE925663815924,SEE971682209183,SEE911908480880,SEE961205229095,SEE989966041206,SEE990024331153,SEE986516932908,SEE955965406421,SEE971201856010,SEE940178977165,SEE928498404301,SEE962086182516,SEE929886795735,SEE918761319166,SEE910581387899,SEE925585922762,SEE977952672282,SEE983381351063,SEE916701126782,SEE911713290698,SEE963849970487,SEE928741975138,SEE971024851452,SEE958106807613,SEE979395534011,SEE979571746313,SEE942734253720,SEE911874957065,SEE967290224359,SEE927943048176,SEE981062181992,SEE917685891628,SEE958883831788,SEE932283399055,SEE946966275130,SEE993379615565",62.278,168.0,4.9295,,,"Neufinsing is a locality east of Munich near Erding. The entry is 'Erneuerbar' (renewable) energy type. The Biogas cluster Munich East Erding (id=10001552) is located at 48.285°N 11.719°E, which is east of the target coordinates (48.310°N 11.580°E) and plausibly covers the Neufinsing/Munich East area. Other candidates are solar or wind clusters that are geographically further or don't match the Munich-East/Neufinsing name context. The biogas cluster is the closest match for a small renewable cluster near Neufinsing."
redispatch_full,BAG NWAK-Cluster 10 Oberbachern,,,,,medium,geocoded_cluster,,"10001512,10000811",51.5833,6.7667,,,yes,"SEE970512130499,SEE961480074779,SEE990337877546,SEE904594306749,SEE940141663842,SEE919194565694,SEE924305040533,SEE921166534034,SEE986579886248,SEE907419360698,SEE977389585469,SEE980085406983,SEE954352497363,SEE991539102320,SEE997873868830,SEE989168097841,SEE990224296689,SEE945756897149,SEE949139211744,SEE997668600232,SEE923972722292,SEE962200324464,SEE983376429166,SEE910771886355,SEE988687369415,SEE906542275787,SEE989528287844,SEE938748701906,SEE923287550559,SEE948862052402,SEE974144024928,SEE949599353541,SEE912065236945,SEE950839083111,SEE954805873119,SEE920575407014,SEE980403084886,SEE999052510035,SEE988666512443,SEE978895231246,SEE906811373398,SEE959794350405,SEE952219576664,SEE921223280355,SEE995464817120,SEE994082137207,SEE944695364385,SEE951564253725,SEE927591915011,SEE950867166244,SEE996513248513,SEE903738102285,SEE963441084483,SEE951250189529,SEE959538085266,SEE908123364446,SEE918954279963,SEE999571459846,SEE985716175511,SEE976739563997,SEE909183250328,SEE942370048841,SEE905378941316,SEE993833097814,SEE983249957871,SEE912238718315,SEE958555325447,SEE921958017967,SEE903351986118,SEE968516561302,SEE934222746586,SEE934311910904,SEE914681844764,SEE982229184658,SEE929304946237,SEE903587947556,SEE997983438817,SEE909117044993,SEE982646161997,SEE984640048380,SEE997031037535,SEE972237690999,SEE963811270508,SEE985265269532,SEE957675625628,SEE955208483325,SEE902462804649,SEE990700449080,SEE962897453591,SEE963984324299,SEE919777132596,SEE917990726462,SEE935080278417,SEE965107725228,SEE945998408219,SEE954872316830,SEE922207089223,SEE923922793303,SEE989635871417,SEE976745221287,SEE991364092407,SEE993415603280,SEE990031199838,SEE904569289459,SEE961384967702,SEE967569198602,SEE939856317980,SEE922941546259,SEE931845103161,SEE988010074825,SEE904979738127,SEE967099597302,SEE904675686654,SEE955111379050,SEE913085466206,SEE909761522342,SEE983600860864,SEE931303326514,SEE985079460347,SEE915229857987,SEE956291464628,SEE967489177008,SEE971894763947,SEE942767206748,SEE919236324227,SEE959007419332,SEE902321763438,SEE947716533524,SEE966972035962,SEE998853777739,SEE926825578633,SEE969995832105,SEE909093917342",85.658,133.0,2.3047,,,"The entry is located at 51.583°N 6.767°E near Dinslaken/Hunxe area (NRW). Despite the name 'Oberbachern' which sounds Bavarian, the coordinates clearly place it in the Niederrhein/Ruhr area. The closest candidates both in coordinates and energy type are the Biogas cluster Dinslaken Hunxe (id=10001512, 51.587°N 6.748°E) and Wind cluster Hunxe Niederrhein (id=10000811, 51.601°N 6.775°E). Both are within ~2 km of the target and are renewable energy sources. The cluster likely aggregates both wind and biogas plants in this area."
redispatch_full,AMP_LEW_VERTEILNETZ_SUED_CR_SONSTIGE_EE,,,,,,aggregated,,,,,,,,,,,,,,Aggregated node or virtual entry — not a single plant.
redispatch_full,AVA Cluster Vörden,,,,,high,cluster_match,,10000659,52.3083,8.0917,,,yes,"SEE916971135736,SEE966523799862,SEE994929220888,SEE905302841590,SEE996418535824,SEE997910982611,SEE926641609795,SEE944575775492,SEE982027750543,SEE911416178156,SEE953475235081,SEE956351820074,SEE911489533517,SEE909468261421,SEE955006419809,SEE931217341429,SEE996173795495,SEE939825871246,SEE925679900089,SEE914929284215,SEE984863703325,SEE902805985882,SEE950344520989,SEE905046234528,SEE900497471942,SEE951123686124,SEE961973523654,SEE961048829339,SEE909438889389,SEE919190461600,SEE974579918823,SEE912349611215,SEE930128906468,SEE962879953866,SEE971068589359,SEE989547093457,SEE987381266402,SEE977955463252,SEE926250121534,SEE928399283722,SEE990995891632,SEE956659592017,SEE949023555985,SEE943518196257,SEE959076527501,SEE933854421144,SEE958789777838,SEE999911877200,SEE958957110832,SEE938227935334,SEE904671537011,SEE974989791610,SEE977869838702,SEE925714505262,SEE993163007385,SEE939682148499,SEE906438941475,SEE905225884063,SEE917407995887,SEE922773859558,SEE952810484535,SEE974667284960,SEE913136331798,SEE979115623940,SEE971711543219,SEE961550424626,SEE937106586773,SEE945277425135,SEE900615810929,SEE949203676059,SEE950705319627,SEE994276414152,SEE944927623501,SEE975993998767,SEE948688179093,SEE963446993896,SEE930639751380,SEE942989640344,SEE908819886337,SEE975612434294,SEE938965565145,SEE971429501921,SEE953505103335,SEE971174419717,SEE902197932754,SEE967903037185,SEE958369716820,SEE930600208394,SEE998990654702,SEE980109126309,SEE967763603827,SEE996641518762,SEE905915458543,SEE983343843292,SEE968901504259,SEE923697096470,SEE986642839676,SEE921159966880,SEE979955686402,SEE984405797140,SEE970834112531,SEE903881495685,SEE954366736243,SEE913689440107,SEE915983661912,SEE916264293952,SEE905570783325,SEE928463123091,SEE922871345205,SEE959552663839,SEE937297587443,SEE907548123058,SEE921566331165,SEE958993127559,SEE948376245420,SEE912710184270,SEE904974216323,SEE912194981525,SEE925349227768,SEE980191279945,SEE974173408324,SEE970588832136,SEE929174996875,SEE929082685496,SEE984274537441,SEE935209184629,SEE906166349888,SEE988052068158,SEE903108179633,SEE972037456801,SEE910383542892,SEE907328493555,SEE927563547509,SEE925042194824,SEE931012512451,SEE986941936342,SEE982126026549,SEE967551429660,SEE974604279370,SEE938928045578,SEE993240962460,SEE947550806006,SEE982820118915,SEE926023902674,SEE973525962170,SEE988111767343,SEE997738633078,SEE952632859801,SEE972750956725,SEE985953161391,SEE940675765982,SEE915444787038,SEE958126864382,SEE971359712732,SEE915927603398,SEE935096371744,SEE918652819294,SEE997160590697,SEE914452618082,SEE935768189165,SEE916416815148,SEE968889552310,SEE985547224310,SEE925779016055,SEE911365562150,SEE993912756335,SEE909285918423,SEE973879410846,SEE923554940601,SEE981134665504,SEE956523686002,SEE901211533502,SEE930557339462,SEE962837585382,SEE974332966443,SEE995027586326,SEE975397374389,SEE928552009237,SEE903345978426,SEE990653641319,SEE991717959142,SEE936990131854,SEE922422571923,SEE919077575192,SEE957747945777,SEE919681055059,SEE904371503484,SEE940353302386,SEE978088035859,SEE994252115646,SEE957991626217,SEE906825352426,SEE922590316869,SEE935348192806,SEE966332403257,SEE978486592664,SEE973315663621,SEE972986040694,SEE939432237794,SEE922117889432,SEE911639412372,SEE999149139989,SEE984353738356,SEE941027988929,SEE933147437197,SEE978230786691,SEE991730272587,SEE976001751855,SEE997114632572,SEE947065989447,SEE959722725541,SEE982619227545,SEE946449116424,SEE999001717324,SEE913988127273,SEE981332070353,SEE941057717490,SEE961160044061,SEE996875224712,SEE967884986281,SEE955560246156,SEE957219917592,SEE931801524252,SEE905564828858,SEE959731496296,SEE983925605409,SEE984303324455,SEE905290690781,SEE982369861013,SEE987197051841,SEE905214393934,SEE939132372351,SEE996314252641,SEE941612070886,SEE946912558072,SEE998021043574,SEE949443825798,SEE919842570841,SEE926124461605,SEE939861576105,SEE927112722258,SEE946637139372,SEE910196006994",47.27,243.0,0.3398,,,"Vörden is a village in Lower Saxony near Bramsche/Ostercappeln. The Wind cluster Bramsche Ostercappeln (id=10000659) explicitly lists 'Vorden' as one of its members and is located at 52.432°N 8.132°E, which matches the Vörden area perfectly."
redispatch_full,BAG NWAK-Cluster 09 Marienberg,,,,,medium,cluster_match,,10000919,50.6367,13.1658,,,yes,"SEE988259493432,SEE918712621997,SEE997890522470,SEE997890642802,SEE905369120881,SEE985649219535,SEE987759214110,SEE980955230540,SEE920781420968,SEE912835105129,SEE914283186743,SEE953996156193,SEE987125533654,SEE965540944354,SEE975320802972,SEE914384806991,SEE901228037529,SEE917710905955,SEE925867974649,SEE909497418339,SEE944844546457,SEE911368878401,SEE959951994138,SEE962730847730,SEE904308544825,SEE951734765324,SEE956667385960,SEE979746712853,SEE962865788793,SEE990765918651,SEE992955644517,SEE976677943677,SEE912166274662,SEE924333211721,SEE904309296365,SEE911027765271,SEE930558817051,SEE906425930253,SEE947884251183,SEE966195623700,SEE999409688301,SEE989133617678,SEE955046011100,SEE970511461372,SEE972015225573,SEE900217405554,SEE949997758177,SEE970901215479,SEE938894646427,SEE979213406070,SEE935005848084,SEE959894773036,SEE982408983089,SEE953684013241,SEE988874624266,SEE969207052796,SEE971227656892,SEE911317964223,SEE943194943763,SEE995435687899,SEE958007208014,SEE989029782558,SEE964194804342,SEE970096841439,SEE974269216413,SEE999507369546,SEE972288381983,SEE946673933620",28.448,68.0,0.3798,,,"Marienberg is a town in Saxony (Erzgebirge, ~50.64°N 13.16°E). The Wind cluster Dornthal Saidenberg (id=10000919) is located at 50.750°N 13.372°E in the same general Erzgebirge/Saxon region, and its members include Dittmannsdorf, Dornthal, Voigtsdorf — all consistent with the Marienberg district. The Hydro Run-Of-River cluster Zschopau Kriebstein (id=10000018) at 51.064°N 13.016°E is in the broader Zschopau valley (which flows near Marienberg) but is further north. The Wind cluster Rossau-Ehrenberg (id=10000922) at 51.009°N 13.031°E is also in Saxony but further north. Dornthal/Saidenberg is the best geographic match for the Marienberg area."
redispatch_full,AMP_SYNA_PFUNG_CR_WIND,,,,,,aggregated,,,,,,,,,,,,,,Aggregated node or virtual entry — not a single plant.
redispatch_full,Notfall-RD mit SHN,,,,,,aggregated,,,,,,,,,,,,,,Aggregated node or virtual entry — not a single plant.
redispatch_full,Notfall-RD mit AVA,,,,,,aggregated,,,,,,,,,,,,,,Aggregated node or virtual entry — not a single plant.
redispatch_full,50H_EDIS_CR_PAS,,,,,,aggregated,,,,,,,,,,,,,,Aggregated node or virtual entry — not a single plant.
redispatch_full,50H_TEN_CR_M2_VIB,,,,,,aggregated,,,,,,,,,,,,,,Aggregated node or virtual entry — not a single plant.
redispatch_full,50H_TEN_CR_S1_ATF,,,,,,aggregated,,,,,,,,,,,,,,Aggregated node or virtual entry — not a single plant.
redispatch_full,50H_MNS_CR_LAU_Nord,,,,,,aggregated,,,,,,,,,,,,,,Aggregated node or virtual entry — not a single plant.
redispatch_full,50H_AVA_CR_STW,,,,,,aggregated,,,,,,,,,,,,,,Aggregated node or virtual entry — not a single plant.
redispatch_full,50H_MNS_CR_KLM,,,,,,aggregated,,,,,,,,,,,,,,Aggregated node or virtual entry — not a single plant.
redispatch_full,50H_AVA_CR_WOL,,,,,,aggregated,,,,,,,,,,,,,,Aggregated node or virtual entry — not a single plant.
redispatch_full,AMP_WESTNETZ_NIKE_CR_SONSTIGE_EE,,,,,,aggregated,,,,,,,,,,,,,,Aggregated node or virtual entry — not a single plant.
redispatch_full,AMP_WESTNETZ_NIKE_CR_KONVENTIONELL,,,,,,aggregated,,,,,,,,,,,,,,Aggregated node or virtual entry — not a single plant.
redispatch_full,50H_AVA_CR_FOE,,,,,,aggregated,,,,,,,,,,,,,,Aggregated node or virtual entry — not a single plant.
redispatch_full,AMP_WESTNETZ_NIKE_CR_PHOTOVOLTAIK,,,,,,aggregated,,,,,,,,,,,,,,Aggregated node or virtual entry — not a single plant.
redispatch_full,50H_MNS_CR_JSN,,,,,,aggregated,,,,,,,,,,,,,,Aggregated node or virtual entry — not a single plant.
redispatch_full,50H_MNS_CR_LAU_Sued,,,,,,aggregated,,,,,,,,,,,,,,Aggregated node or virtual entry — not a single plant.
redispatch_full,CROC Cluster Parchim Süd,,,,,high,cluster_match,,10001161,53.4167,11.7833,,,yes,"SEE996594358309,SEE909353124961,SEE928230599722,SEE932210830439,SEE936438519817,SEE996269704820,SEE998630324071,SEE960399887302,SEE931800613209,SEE977275737316,SEE918856516067,SEE906706698339,SEE919535907688,SEE916896647918,SEE972654185559,SEE936618095179,SEE920919125680,SEE966688051478,SEE966600039720,SEE931281412803,SEE907807247822,SEE961173891102,SEE977706342720,SEE908224100639,SEE965416017359,SEE964039323502,SEE909251260075,SEE993442151389,SEE980720917409,SEE905437807348,SEE967456934122,SEE993471619577,SEE928984690218,SEE979678874636,SEE964680365166,SEE949337416521,SEE986094968955,SEE906636592899,SEE974928561779,SEE912317986925,SEE987928141056,SEE934036580086,SEE909221228678,SEE903279895530,SEE905849847253,SEE975572833793,SEE933549469833,SEE989763086202,SEE925182336993,SEE997447879576,SEE997006601242,SEE984044514290,SEE945594674742,SEE964699111877,SEE996485773587,SEE950601619371,SEE983332069597,SEE910409939101,SEE967976368599,SEE952311352081,SEE910700286294",53.911,61.0,0.6202,,,"Parchim Süd refers to the southern part of the Parchim area in Mecklenburg-Vorpommern. The Wind cluster Parchim West Mecklenburg (id=10001161) is located at 53.427°N 11.898°E and explicitly mentions Parchim, Parchim Ost, and Parchim Gmbh Co Kg as members. This is the most direct match to the Parchim location. The Tarnow Parchim Region cluster (id=10000964) is also in the Parchim region at 53.764°N 12.016°E but is labeled as Tarnow rather than Parchim Süd."
redispatch_full,50H_TEN_CR_M1_EI,,,,,,aggregated,,,,,,,,,,,,,,Aggregated node or virtual entry — not a single plant.
redispatch_full,50H_MNS_CR_MA_Sued,,,,,,aggregated,,,,,,,,,,,,,,Aggregated node or virtual entry — not a single plant.
redispatch_full,50H_MNS_CR_MA_Nord,,,,,,aggregated,,,,,,,,,,,,,,Aggregated node or virtual entry — not a single plant.
redispatch_full,50H_MNS_CR_PUL,,,,,,aggregated,,,,,,,,,,,,,,Aggregated node or virtual entry — not a single plant.
redispatch_full,50H_WEMA_CR_GOE,,,,,,aggregated,,,,,,,,,,,,,,Aggregated node or virtual entry — not a single plant.
redispatch_full,50H_WEMA_CR_PMS,,,,,,aggregated,,,,,,,,,,,,,,Aggregated node or virtual entry — not a single plant.
redispatch_full,50H_EDIS_CR_LHG,,,,,,aggregated,,,,,,,,,,,,,,Aggregated node or virtual entry — not a single plant.
redispatch_full,50H_EDIS_CR_PZS,,,,,,aggregated,,,,,,,,,,,,,,Aggregated node or virtual entry — not a single plant.
redispatch_full,50H_EDIS_CR_EH,,,,,,aggregated,,,,,,,,,,,,,,Aggregated node or virtual entry — not a single plant.
redispatch_full,50H_MNS_CR_RAG,,,,,,aggregated,,,,,,,,,,,,,,Aggregated node or virtual entry — not a single plant.
redispatch_full,50H_MNS_CR_ROE,,,,,,aggregated,,,,,,,,,,,,,,Aggregated node or virtual entry — not a single plant.
redispatch_full,50H_EDIS_CR_NHG_Nord,,,,,,aggregated,,,,,,,,,,,,,,Aggregated node or virtual entry — not a single plant.
redispatch_full,50H_EDIS_CR_HND,,,,,,aggregated,,,,,,,,,,,,,,Aggregated node or virtual entry — not a single plant.
redispatch_full,50H_EDIS_CR_VIE_Sued,,,,,,aggregated,,,,,,,,,,,,,,Aggregated node or virtual entry — not a single plant.
redispatch_full,50H_EDIS_CR_GSE,,,,,,aggregated,,,,,,,,,,,,,,Aggregated node or virtual entry — not a single plant.
redispatch_full,50H_EDIS_CR_SOW_Sued,,,,,,aggregated,,,,,,,,,,,,,,Aggregated node or virtual entry — not a single plant.
redispatch_full,50H_EDIS_CR_SOW_Nord,,,,,,aggregated,,,,,,,,,,,,,,Aggregated node or virtual entry — not a single plant.
redispatch_full,50H_EDIS_CR_BW,,,,,,aggregated,,,,,,,,,,,,,,Aggregated node or virtual entry — not a single plant.
redispatch_full,50H_WEMA_CR_PE,,,,,,aggregated,,,,,,,,,,,,,,Aggregated node or virtual entry — not a single plant.
redispatch_full,50H_EDIS_CR_GUE_Nord,,,,,,aggregated,,,,,,,,,,,,,,Aggregated node or virtual entry — not a single plant.
redispatch_full,50H_EDIS_CR_PE,,,,,,aggregated,,,,,,,,,,,,,,Aggregated node or virtual entry — not a single plant.
redispatch_full,AVA Cluster Voslapp,,,,,low,geocoded_cluster,YES,10000659,52.4333,8.2167,,,yes,"SEE950043252082,SEE938473785332,SEE998911364383,SEE935795312161,SEE973778692541,SEE919766239817,SEE953297484940,SEE992786003415,SEE918590553342,SEE993611863778,SEE910389360131,SEE942501916025,SEE925910295417,SEE952269942839,SEE952013197522,SEE959614900438,SEE989292795972,SEE957380286572,SEE947938145086,SEE903853371085,SEE913399758110,SEE969610248328,SEE918549708885,SEE959154694040,SEE909283387030,SEE963728588383,SEE914056785180,SEE918344254921,SEE989924939309,SEE944517739131,SEE996182964806,SEE996111088153,SEE986167055407,SEE984838641546,SEE902360125822,SEE927581611725,SEE973083756679,SEE972082009670,SEE931911225070,SEE979709299858,SEE979031745139,SEE973062628249,SEE985531028207,SEE940812690665,SEE962563648641,SEE980114961308,SEE949217509435,SEE929466422433,SEE907421641419,SEE969311193255,SEE996057461300,SEE969943318217,SEE968605265234,SEE917447215549,SEE927794513045,SEE988079078321,SEE962975136637,SEE995919711836,SEE932471071169,SEE969867035788,SEE914871074148,SEE935572769140,SEE940152480612,SEE941002902537,SEE977235804959,SEE950155455418,SEE956377443233,SEE962261469265,SEE943466058751,SEE916407574177,SEE956245250284,SEE923981769134,SEE987592999229,SEE935896835224,SEE933997965314,SEE975760158844,SEE979969460685,SEE926824805396,SEE932071055699,SEE928724901376,SEE917091319716,SEE956707605553,SEE996069077186,SEE991312003257,SEE929445036422,SEE945025082108,SEE999734929094,SEE992896042366,SEE957799078355,SEE921464801562,SEE996714400734,SEE984563315507,SEE906284999972,SEE940747717581,SEE933811428544,SEE946205342722,SEE934265847974,SEE931949493762,SEE923503980054,SEE972362865347,SEE958066288958,SEE934820764678,SEE985049575552,SEE919024674978,SEE940659520965,SEE980478751607,SEE923162177192,SEE919487411141,SEE991236514297,SEE939218254816,SEE966852867157,SEE958799841505,SEE901307706810,SEE981630386101,SEE922247211011,SEE985802465915,SEE914466009951,SEE919224151958,SEE930305648785,SEE938693366977,SEE969612701357,SEE969253905770,SEE974642456665,SEE986710014936,SEE972276334557,SEE903945145778,SEE998565159977,SEE930135129805,SEE983781618681,SEE975279077568,SEE947851859381,SEE943713640555,SEE932360383724,SEE903838193183,SEE985240622505,SEE989691045623,SEE920300389684,SEE947359788893,SEE997714531541,SEE900249796057,SEE955609769554,SEE934585806248,SEE917412387653,SEE974597426867,SEE916565702832,SEE939475029448,SEE933287732022,SEE903310616360,SEE912327710312,SEE935657933527",76.871,150.0,0.5526,,,"The entry is located at 52.433°N 8.217°E near Bramsche/Osnabrück area. 'Voslapp' is a place name in Lower Saxony. The closest candidate is Wind cluster Bramsche Ostercappeln (id=10000659) at 52.432°N 8.132°E, which is very close in latitude and within ~6 km. No candidate perfectly matches 'Voslapp' by name, but this wind cluster is geographically the nearest and of renewable energy type consistent with the entry."
redispatch_full,SHN Cluster Brunsbüttel,,,,,high,cluster_match,,"10001297,10000256",53.8833,9.1167,,,yes,"SEE903548299434,SEE910610278747,SEE979948719216,SEE975779296483,SEE945467455232,SEE973049221876,SEE917019776218,SEE931923775013,SEE909466422589,SEE917793984458,SEE997463906645,SEE972180859054,SEE901252031494,SEE988895210547,SEE999676733773,SEE913229749370,SEE933031751422,SEE902498284705,SEE908066869053,SEE961882593533,SEE905878604841,SEE967640003764,SEE996186742523,SEE927493735076,SEE984471637081,SEE994217688710,SEE952025010383,SEE937810173245,SEE974977068014,SEE918763292580,SEE979709008924,SEE932831730941,SEE962171405469,SEE996638513305,SEE943788579934,SEE985384693379,SEE912885904598,SEE990759898228,SEE926044997185,SEE935954244111,SEE970079714958,SEE957284911082,SEE910784729694,SEE999864770498,SEE906558183212,SEE978882733029,SEE907028266862,SEE908477231258,SEE936644423793,SEE929728368684,SEE908135722494,SEE981923010706,SEE931725548167,SEE918085555318,SEE940522786764,SEE993985729809,SEE960465582360,SEE976004485702,SEE984259796481,SEE957775644369,SEE984858190680,SEE900037558577,SEE910025107625,SEE946549999057,SEE923280857785,SEE973422765874,SEE996902630929,SEE934421564462,SEE932791130706,SEE942926714626,SEE916897269454,SEE973873004867,SEE929758320577,SEE962174348992,SEE917225065854,SEE968936085488,SEE997737172622,SEE963039016612,SEE925315124978,SEE974268713159,SEE925220999500,SEE972177739260,SEE991273019847,SEE975900577436,SEE946886650475,SEE929702559015,SEE944611857489,SEE953414230283,SEE977494020824,SEE950917417166,SEE918260246154,SEE904981058893,SEE936738703428,SEE947786067363,SEE994874765137,SEE984548432243,SEE905079320922,SEE908776237715,SEE998434698217,SEE952660972862,SEE966169301436,SEE934434903999,SEE962382352576,SEE987441112533,SEE928401044112,SEE961168316894,SEE917088984620,SEE942107104895,SEE901573915084,SEE906587305791,SEE939614364676,SEE929830756690,SEE998076058417,SEE946372455027,SEE906343482582,SEE972256472170,SEE913991013945,SEE966655609664,SEE940941084113,SEE948043412544,SEE911743933855,SEE952476177734,SEE904644992243,SEE996719086186,SEE914696742451,SEE901565452788,SEE928122142081,SEE942527780716,SEE983506524266,SEE939744796774,SEE905963036724,SEE925977937619,SEE911724016355,SEE903507907202,SEE988230587983,SEE924255640883,SEE916196621502,SEE931003359591,SEE901028057673,SEE928869509123,SEE960062960615",233.859,141.0,1.1002,,,"Brunsbüttel is a town in Dithmarschen, Schleswig-Holstein, on the Elbe estuary (~53.90°N 9.13°E). The Wind cluster Buttel Ecklak Landscheide (id=10001297) at 53.906°N 9.255°E explicitly lists 'Kraftwerksanlagen Brunsbuttel' as a member and is geographically very close. The Solar cluster Wilster Ecklak (id=10000256) at 53.916°N 9.269°E includes 'Buttel' and 'Ecklak' members and is also in the immediate Brunsbüttel vicinity. Both are strong matches. The Dithmarschen clusters (10000636, 10000633) are broader regional clusters that may also include Brunsbüttel but are much larger and less specifically tied to this location."
redispatch_full,50H_EDIS_CR_GUE_Sued,,,,,,aggregated,,,,,,,,,,,,,,Aggregated node or virtual entry — not a single plant.
redispatch_full,CROC Cluster Görries,,,,,medium,geocoded_cluster,,10000599,53.4167,11.6167,,,yes,"SEE903239289003,SEE928230599722,SEE977275737316,SEE900188364690,SEE940382198011,SEE920099806348,SEE940110842568,SEE970215233091,SEE971731816966,SEE942734612763,SEE986154313015,SEE966688051478,SEE966600039720,SEE924491361139,SEE931281412803,SEE926456245614,SEE958392217882,SEE965154990518,SEE968147882067,SEE971907967331,SEE936693032175,SEE959666284913,SEE901936634850,SEE913825436810,SEE980720917409,SEE955789755200,SEE940097927906,SEE976639446260,SEE948789937783,SEE985860474218,SEE986147727430,SEE959893997525,SEE928035399695,SEE920486336113,SEE951170626173,SEE955407448750,SEE900311317975,SEE930196834939,SEE985725813459,SEE993984194967,SEE932376925185,SEE954104393905,SEE967554527158,SEE911776860364,SEE948820807716,SEE926639063752,SEE992644088004,SEE979318032532,SEE900733683627,SEE953930766235,SEE942329058273,SEE916977231821,SEE954789961192,SEE972761947392,SEE941977511895,SEE907648876540,SEE960376688052,SEE946411650307,SEE904566214720,SEE997603911089,SEE912536459217,SEE951940781415,SEE969511594852,SEE909617949767,SEE971646340952,SEE970119789663,SEE993498212966,SEE970157716904,SEE929305847809,SEE933511042651,SEE916290015764,SEE955329480944,SEE959636574174,SEE976632034471,SEE926663736332,SEE953640350915,SEE999465783323,SEE902164583804,SEE936602708467,SEE928344323169,SEE900820832495,SEE904922546366,SEE979302157401,SEE910863313233,SEE983332069597,SEE903673445683,SEE967240684141",35.02,87.0,0.2201,,,"Görries is a district of Schwerin, Mecklenburg-Vorpommern, located at 53.417°N 11.617°E. The entry is 'Sonstiges' and managed by 50Hertz. The Wind cluster Ludwigslust Schwerin Region (id=10000599) at 53.507°N 11.408°E covers the Schwerin area and is the most geographically relevant wind cluster near Görries/Schwerin. The Solar cluster Schwerin Stralendorf (id=10000131) at 53.536°N 11.455°E is also near Schwerin. However, as a 'Sonstiges' cluster near Görries (Schwerin), the wind cluster covering the Schwerin region is the best match."
redispatch_full,50H_MNS_CR_ADB,,,,,,aggregated,,,,,,,,,,,,,,Aggregated node or virtual entry — not a single plant.
redispatch_full,50H_TEN_CR_S2_WD,,,,,,aggregated,,,,,,,,,,,,,,Aggregated node or virtual entry — not a single plant.
redispatch_full,AVA Cluster SC Dipperz Großkrotzenburg,,MaStR aggregate near Jossgrund,Solar,5.132,medium,mastr_match,,,50.1128,9.3642,,,replaced,"SEE940527749238,SEE964027767257,SEE999621158101,SEE935671267127,SEE974330605269,SEE958570190198,SEE974085930401,SEE965912150789,SEE969172203063,SEE984340265032,SEE929630056327",5.132,11.0,0.0588,"10000902,10000166",87.28479000000002,"The entry is located at 50.113°N 9.364°E in the Fulda/Main-Kinzig area (Hesse). Dipperz is near Fulda and Großkrotzenburg is near Hanau/Main. Both candidates are within 30 km: Wind cluster Forst Vier Fichten (id=10000902) at 50.253°N 9.238°E (near Fulda/Vogelsberg, ~18 km north) and Solar cluster Karlstein Main-Kinzig (id=10000166) at 50.091°N 9.990°E (near Karlstein/Großkrotzenburg area). The cluster name references both Dipperz (near Fulda) and Großkrotzenburg (near Hanau), suggesting it spans both, matching both candidates."
redispatch_full,AVA Cluster Landesbergen,,,,,high,cluster_match,,10000731,52.3833,9.1667,,,yes,"SEE900753587455,SEE941087942824,SEE961651253095,SEE983846832496,SEE919574715404,SEE919773375980,SEE961569976284,SEE982463130145,SEE965153944482,SEE953174815447,SEE992999418785,SEE923624560128,SEE977254416485,SEE907133466263,SEE977013192285,SEE968089856089,SEE908203652333,SEE961890725414,SEE938020545723,SEE979220422315,SEE965551299733,SEE911946651624,SEE922313485094,SEE945899194396,SEE998355145197,SEE991526410162,SEE983640117928,SEE976193775950,SEE982010566403,SEE920008101687,SEE944479237850,SEE912776341310,SEE901453759746,SEE982500081171,SEE976061930351,SEE939373556657,SEE933192429802,SEE962874772998,SEE965631084570,SEE923552277389,SEE999848552768,SEE987477284013,SEE982410340689,SEE946536138957,SEE989690750948,SEE949494480540,SEE911601694461,SEE926049116802,SEE934369241012,SEE965390106070,SEE977630220330,SEE983563729697,SEE907732061159,SEE979833112610,SEE960349058523,SEE989405427349,SEE969273610357,SEE915722287137,SEE994407435384,SEE941417587589,SEE925213117331,SEE981876484029,SEE944300193966,SEE906831698693,SEE997603732431,SEE964655221091,SEE933927488296,SEE957706501273,SEE925269816370,SEE964055431779,SEE902637849437,SEE916265448948,SEE996570635981,SEE985443694057,SEE903392779588,SEE949060978853,SEE971654762876,SEE940569852248,SEE904357091929,SEE974008343011,SEE986244217926,SEE908368638173,SEE975066916148,SEE933643677844,SEE944758711651",29.979,85.0,0.3042,,,"id=10000731 is explicitly named 'Wind cluster Landesbergen-Stolzenau Weser' and its member list includes 'Landesbergen', 'Landesbergen Nord', 'Landesbergen Sud' — a direct location match. The cluster is wind onshore at 52.564°N 9.095°E, consistent with Landesbergen in Lower Saxony near the Weser river."
redispatch_full,CROC Cluster Güstrow,,,,,high,cluster_match,,"10000099,10001526",53.7933,12.1833,,,yes,"SEE911089697244,SEE914505049627,SEE912182220582,SEE953301222018,SEE984854576792,SEE945824463849,SEE939657838219,SEE985901578790,SEE956129696603,SEE905386661633,SEE926554683561,SEE904006839131,SEE921310930934,SEE985745730361,SEE981959389081,SEE966709999406,SEE918582894514,SEE922946925783,SEE932625443231,SEE927256126172,SEE911093654608,SEE950916333603,SEE982349457038,SEE939566997007,SEE900966935739,SEE958340672893,SEE980422656781,SEE985442667854,SEE997335407706,SEE991684850992,SEE905123002446,SEE907173900925,SEE934629548462,SEE903609099096,SEE915816117876,SEE956236687495,SEE963900724578,SEE993004027091,SEE970314793175,SEE941109573340,SEE994654577004,SEE909900879702,SEE981976651918,SEE911358692406,SEE934862764896,SEE930688845382,SEE974971309168,SEE984907364222,SEE953908097255,SEE971041895828,SEE908476911137,SEE981783293547,SEE967649287776,SEE927055300926,SEE908031318999,SEE930965464459,SEE937044529207,SEE932270404472,SEE929662469584,SEE905846516534,SEE971125440630,SEE951901621385,SEE941298281347,SEE991492827957,SEE932537521997,SEE910947647056,SEE941690420481,SEE911579193270,SEE933672967374,SEE983968724877,SEE992164340163,SEE996424793126,SEE940592353217,SEE952947534899,SEE971939640578,SEE958033971883,SEE945027770225,SEE995323796436,SEE960634681221,SEE959859887631,SEE993595636047,SEE917392982305,SEE981287572582,SEE956198034726,SEE931764040691,SEE949878179206,SEE964686502985,SEE941318901415,SEE947177476163,SEE970512908548,SEE966590091944,SEE948404276969,SEE907712359009,SEE920281459543,SEE929732443452,SEE968389284834,SEE990338252311",74.504,97.0,0.8949,,,"id=10000099 is 'Solar cluster Güstrow Laage Rostock' with member 'Solarpark Gustrow' / 'Pva Gustrow', directly matching Güstrow location (53.897°N 12.266°E). id=10001526 is 'Biogas cluster near Güstrow' at 53.804°N 12.193°E, explicitly named as near Güstrow. Both are clearly co-located in the Güstrow area and plausibly belong to the same DSO-controlled cluster covering that region."
redispatch_full,50H_AVA_CR_WK,,,,,,aggregated,,,,,,,,,,,,,,Aggregated node or virtual entry — not a single plant.
redispatch_full,50H_WEMA_CR_GUE,,,,,,aggregated,,,,,,,,,,,,,,Aggregated node or virtual entry — not a single plant.
redispatch_full,50H_EDIS_CR_WU,,,,,,aggregated,,,,,,,,,,,,,,Aggregated node or virtual entry — not a single plant.
redispatch_full,AVA Cluster Emden Ost,,,,,high,cluster_match,,10000730,53.3667,7.2167,,,yes,"SEE931794674651,SEE925933975204,SEE905301574840,SEE949913968574,SEE999217894499,SEE983330825959,SEE904157234625,SEE955364434544,SEE957010113384,SEE962237104886,SEE994908427505,SEE984863016333,SEE933034761039,SEE956166622177,SEE995364422998,SEE907569231121,SEE962825459107,SEE991894696908,SEE999850329853,SEE978967755908,SEE988347681314,SEE996373002621,SEE904376752726,SEE911944568412,SEE913108290405,SEE970410985146,SEE968233678895,SEE919614441256,SEE931779602211,SEE988528235152,SEE959963255647,SEE906468221196,SEE965072985337,SEE916724990452,SEE993837012677,SEE912551057580,SEE925246801719,SEE975767403510,SEE990617307855,SEE982025668680,SEE963390495064,SEE958938810898,SEE954647626942,SEE901259607029,SEE933274219635,SEE923518847281,SEE954599303427,SEE978906269565,SEE988434048013,SEE991870604361,SEE925268052083,SEE959870329448,SEE941685322417,SEE949216203457,SEE959929617663,SEE917015780196,SEE982760839291,SEE923032247550,SEE938734763086,SEE904771605146,SEE980744181794,SEE958093452674,SEE967818442180,SEE902238324791,SEE986820195372,SEE945302488975,SEE943958108667,SEE956423300978,SEE900358553602,SEE940667593807,SEE904053499791,SEE914565491473,SEE900701277834,SEE995772301175,SEE976810465844,SEE995634520508,SEE914420771535,SEE950479966188,SEE914896226409,SEE936434155538,SEE940125036983,SEE965143543275,SEE938072288029,SEE910451682499,SEE937751086123,SEE956446668291,SEE943317447529,SEE937090169747,SEE947014825604,SEE920590599237,SEE906736798801,SEE941296402485,SEE920467088987,SEE995853339196,SEE931526541145,SEE945117810275,SEE918496776999,SEE902451268896,SEE993739028370,SEE942574928079,SEE942066588958,SEE900640890873,SEE987391111822,SEE900052465256,SEE982009927123,SEE983011198457,SEE950147771625,SEE912939978148,SEE943512398657,SEE955073380132,SEE910200718592,SEE989731856844,SEE902053391350,SEE969581523059,SEE999203099549,SEE923167514244,SEE960211710511,SEE934869675768,SEE972036839070,SEE921976689061,SEE939472795032,SEE900661391717,SEE954009931455,SEE911150870668,SEE952509696225,SEE989643880890,SEE960741726525,SEE960697693483,SEE928210049544,SEE943763406194,SEE921031251455,SEE904589475672,SEE923428106058,SEE996573944936",179.398,134.0,0.4501,,,"id=10000730 is 'Wind cluster Krummhorn-Emden East Frisia' at 53.336°N 7.261°E. Its members include 'Emden Knock', 'Emden Rysumer Nacken', 'Emden Wybelsum', 'Emder Hammrich Wind', 'Ems Emden' — all directly referencing Emden and the eastern Frisian area around Emden. The cluster name 'Emden Ost' strongly matches this wind cluster covering Emden and surroundings."
redispatch_full,50H_MNS_CR_GRS,,,,,,aggregated,,,,,,,,,,,,,,Aggregated node or virtual entry — not a single plant.
redispatch_full,50H_MNS_CR_PRL,,,,,,aggregated,,,,,,,,,,,,,,Aggregated node or virtual entry — not a single plant.
redispatch_full,50H_MNS_CR_PRL_TU,,,,,,aggregated,,,,,,,,,,,,,,Aggregated node or virtual entry — not a single plant.
redispatch_full,50H_MNS_CR_FRN,,,,,,aggregated,,,,,,,,,,,,,,Aggregated node or virtual entry — not a single plant.
redispatch_full,50H_MNS_CR_HER,,,,,,aggregated,,,,,,,,,,,,,,Aggregated node or virtual entry — not a single plant.
redispatch_full,50H_MNS_CR_CRO,,,,,,aggregated,,,,,,,,,,,,,,Aggregated node or virtual entry — not a single plant.
redispatch_full,50H_MNS_CR_ZW,,,,,,aggregated,,,,,,,,,,,,,,Aggregated node or virtual entry — not a single plant.
redispatch_full,50H_EDIS_CR_ATS,,,,,,aggregated,,,,,,,,,,,,,,Aggregated node or virtual entry — not a single plant.
redispatch_full,Wilhelmshaven (ENGIE),25002.0,Wilhelmshaven On,Hard Coal,788.1,high,claude,,,,,53.565866,8.146202,,,,,,,,"ENGIE operated the Wilhelmshaven hard coal plant (formerly E.ON); id=25002 'Wilhelmshaven On' matches at ~788 MW and correct location, representing the ENGIE-operated unit at Wilhelmshaven."
redispatch_full,Reservekraftwerk Altbach/Deizisau Block 1,265.0,Altbach Deizisau,Hard Coal,756.0,high,claude,,,,,48.718902,9.3713815,,,,,,,,"id=265 'Altbach Deizisau' is the hard coal steam turbine at 48.719°N 9.371°E with 756 MW, directly matching the Altbach/Deizisau reserve power plant location; Block 1 corresponds to the coal-fired unit."
redispatch_full,KMW_KW3,,,,,none,unresolvable,YES,,,,,,,,,,,,,"This is an operator/facility code (KMW_KW3) with no discernible geographic place name. 'KW' typically stands for Kraftwerk (power plant), but without location reference it cannot be geocoded."
redispatch_full,Gebersdorf 2,50084.0,Biogasanlage Hirschfeld,Biogas,0.767,medium,geocoded_match,,,50.6333,12.4667,,,yes,"SEE909081639072,SEE973003468712,SEE963405987881,SEE967095207380,SEE948475170128,SEE944268451160",3.123,6.0,4.0717,,,"The entry is 'Konventionell' (conventional) and located at 50.633°N 12.467°E. The closest candidate by coordinates is Biogasanlage Hirschfeld (id=50084) at 50.629°N 12.462°E, which is only ~0.5 km away. Despite being a biogas plant (not strictly 'conventional'), it is the nearest candidate and most likely matches the location of 'Gebersdorf 2'. The name 'Gebersdorf' is a locality in the Zwickau area, consistent with these coordinates."
redispatch_full,50H Halle-Dieselstr HKW-BlockA,2776.0,Halle Trotha,Natural Gas,66.991,medium,claude,,,,,51.523806,11.943448,,,,,,,,"id=2776 'Halle Trotha' is the main conventional heat and power plant in Halle at 51.524°N 11.943°E (Natural Gas CCGT, 67 MW); the Dieselstraße HKW Block A is part of the Halle district heating complex, and this is the closest matching candidate."
redispatch_full,50H Hamburg Wedel1,267.0,Wedel,Hard Coal,253.0,high,claude,,,,,53.568151,9.724102,,,,,,,,"id=267 'Wedel' is the hard coal steam turbine at 53.568°N 9.724°E (253 MW), directly matching the Hamburg-Wedel power plant unit 1 operated by Vattenfall/HEnW."
redispatch_full,50H Berlin Mitte,10325.0,Berlin Mitte,Natural Gas,461.0,high,claude,,,,,52.51172,13.42092,,,,,,,,"id=10325 'Berlin Mitte' is the Natural Gas CCGT at 52.512°N 13.421°E with 461 MW, directly matching the Berlin Mitte combined heat and power plant in central Berlin."
redispatch_full,50H Berlin Marzahn,4903.0,Marzahn,Natural Gas,189.5,high,claude,,,,,52.525284,13.521298,,,,,,,,"id=4903 'Marzahn' is the Natural Gas CCGT at 52.525°N 13.521°E with 189.5 MW, directly matching the Berlin-Marzahn CHP plant."
redispatch_full,50H Rostock Marienehe,3276.0,Rostock Marienehe,Natural Gas,108.0,high,claude,,,,,54.1256,12.083541000000002,,,,,,,,"id=3276 'Rostock Marienehe' is the Natural Gas CCGT at 54.126°N 12.084°E with 108 MW, directly matching the name and location of the Rostock Marienehe power plant."
redispatch_full,Netzreservekraftwerk Bexbach A,322.0,Bexbach,Hard Coal,726.0,high,claude,,,,,49.36139,7.237308,,,,,,,,"id=322 'Bexbach' is the hard coal steam turbine at 49.361°N 7.237°E with 726 MW, directly matching the Bexbach network reserve power plant; 'A' refers to block A of this plant."
redispatch_full,Netzreservekraftwerk Weiher C,264.0,Weiher,Hard Coal,655.6,high,claude,,,,,49.333966,7.028434,,,,,,,,"id=264 'Weiher' is the hard coal steam turbine at 49.334°N 7.028°E with 655.6 MW, directly matching the Weiher network reserve power plant; 'C' refers to block C of this plant."
redispatch_full,OWP UW Büttel,,MaStR aggregate near Norderwöhrden,Wind,464.085,high,mastr_match,,,54.15,9.0,,,replaced,"SEE901389927547,SEE978748817788,SEE954032903122,SEE928886600636,SEE937110324651,SEE957472593007,SEE902056632382,SEE949076162406,SEE919874877291,SEE921465158849,SEE943635607629,SEE976985998505,SEE982920953874,SEE932894890934,SEE939082592281,SEE939941849969,SEE966689731300,SEE975948026477,SEE916828775122,SEE977629145217,SEE990434305546,SEE917866275674,SEE997167004074,SEE992060792356,SEE988562387831,SEE961289910070,SEE915434596824,SEE904112038299,SEE975470154327,SEE955435413003,SEE975626164927,SEE975637102147,SEE961037476926,SEE901318830634,SEE935453360268,SEE952902129030,SEE945305252788,SEE950079943473,SEE912182761542,SEE901206683540,SEE969496739644,SEE993605508746,SEE934134390020,SEE904338312838,SEE981265414354,SEE956959380635,SEE964793575247,SEE961447291027,SEE903701407447,SEE997235010860,SEE972921236342,SEE957101776078,SEE953585423057,SEE914839753016,SEE961268745945,SEE958372150864,SEE986625171120,SEE918723394828,SEE933812563596,SEE977174268393,SEE966456228286,SEE999265075161,SEE947324175215,SEE915823536813,SEE990873024763,SEE947458170148,SEE908728620299,SEE971501867198,SEE950455506384,SEE955884369708,SEE903148310362,SEE947373250451,SEE998723793487,SEE914749561350,SEE902674164258,SEE926802260995,SEE964112072549,SEE935403187471,SEE903478204096,SEE983250330168,SEE987082536279,SEE992758181400,SEE990187943378,SEE914611423472,SEE931422809257,SEE981507698153,SEE967746974371,SEE944843615246,SEE928525191730,SEE967716276931,SEE981239365804,SEE963826256917,SEE909677138644,SEE921637847311,SEE945106235027,SEE982329231832,SEE948433388046,SEE980171582270,SEE902421234623,SEE950738864101,SEE912627936528,SEE955951567259,SEE926968306131,SEE996764253601,SEE913248958241,SEE988447360249,SEE909371562592,SEE985790362937,SEE929468020590,SEE962918685161,SEE998864643016,SEE911751815341,SEE989068303462,SEE992617880451,SEE917378095210,SEE913922504580,SEE931842961634,SEE982552602638,SEE985387841036,SEE917095640243,SEE939653413854,SEE937696735100,SEE999092102061,SEE966607582410,SEE946709245932,SEE997914633120,SEE949710643803,SEE907671516024,SEE990224091673,SEE905734891347,SEE973950698446,SEE918555133336,SEE994154446626,SEE997018223890,SEE960015754254,SEE903433453781,SEE946847709020,SEE963434307049,SEE992622674823,SEE964795594338,SEE964257520707,SEE909919758982,SEE956622405849,SEE973414827948,SEE947483788332,SEE904284360457,SEE907685066454,SEE920241328032,SEE999268069600,SEE900026085282,SEE951056528102,SEE912461032349,SEE920560273525,SEE937561413812",464.085,154.0,10.6932,,43.400000000000006,"The entry 'OWP UW Büttel' refers to an offshore wind park connected via the substation (UW = Umspannwerk) Büttel in Schleswig-Holstein. The coordinates 54.150°N 9.000°E point to the Wöhrden/Büttel area. The largest and most significant wind candidate is 'Repowering Wohrden' (id=123819) at 54.173°N 9.020°E with 43.4 MW, which is the dominant wind installation in this area. As an 'individual' entry, this large wind park project is the best match for an OWP (Offshore-/Onshore-Windpark) connected at Büttel substation."
redispatch_full,Vorarlberger Ilwerke,,MaStR aggregate near Oberstdorf,Hydro,0.082,low,mastr_match,YES,,47.3333,10.1667,,,replaced,SEE986309801299,0.082,1.0,0.0168,,4.882,"Vorarlberger Illwerke is an Austrian hydropower company operating in Vorarlberg, Austria. The coordinates 47.333°N 10.167°E point to the Allgäu/Vorarlberg border area. However, no candidate in the list is explicitly named 'Illwerke' or located in Vorarlberg. The nearest hydro candidate is Scheidtobelbach (id=126205) at 47.340°N 10.240°E (~6 km away). This is a hydro run-of-river plant, consistent with the 'Sonstiges' energy type and the Illwerke context. All other candidates are further away or less relevant. Confidence is low as no direct name match exists."
redispatch_full,50H Halle-Trotha HKW,2776.0,Halle Trotha,Natural Gas,66.991,high,claude,,,,,51.523806,11.943448,,,,,,,,"id=2776 'Halle Trotha' is the Natural Gas CCGT at 51.524°N 11.943°E with 67 MW, directly matching the Halle-Trotha heat and power plant (HKW)."
redispatch_full,50H Hamburg Tiefstack GuD,3249.0,Gud Tiefstack,Natural Gas,100.0,high,claude,,,,,53.526083,10.065517,,,,,,,,"id=3249 'Gud Tiefstack' is the Natural Gas CCGT at 53.526°N 10.066°E with 100 MW, directly matching the Hamburg Tiefstack combined cycle gas turbine (GuD) plant."
redispatch_full,Lippendorf VE,313.0,Lippendorf,Lignite,1782.0,high,claude,,,,,51.1769265,12.376704,,,,,,,,id=313 'Lippendorf' is the lignite steam turbine at 51.177°N 12.377°E with 1782 MW; 'VE' refers to the VEAG/Vattenfall/EP Energy block designation at Lippendorf.
redispatch_full,Boxberg (Standort),323.0,Boxberg,Lignite,2470.0,high,claude,,,,,51.41333425,14.563203,,,,,,,,"id=323 'Boxberg' is the lignite steam turbine at 51.413°N 14.563°E with 2470 MW, directly matching the Boxberg power plant site (Standort) in Saxony."
redispatch_full,50H OWP Wikinger,,,,,none,geocoded_unmatched,YES,,54.6667,12.1667,,,no,,,,,,,Geocoded to 'Wikinger' (54.67°N 12.17°E) but no matching individual plants within 30 km.
redispatch_full,50H UW Bertikow,33697.0,Bertikow,Wind,22.4,high,claude,,,,,53.2567245,13.948202750000002,,,,,,,,"id=33697 'Bertikow' is a wind onshore plant at 53.257°N 13.948°E with 22.4 MW, directly matching the Bertikow wind park/substation (UW Bertikow) in Brandenburg."
redispatch_full,SW München KW-Pool,,MaStR aggregate near München,Hydro,14.092,low,mastr_match,YES,,48.1351,11.582,,,replaced,"SEE958696384198,SEE981962933509,SEE932452441189,SEE939662776674,SEE996525988759,SEE981996545839,SEE965024467942,SEE999756873177,SEE922199658681,SEE909060573243,SEE915714081316,SEE902212441018,SEE908415735961,SEE936561890432,SEE950590148739,SEE960739311955,SEE905264002879,SEE963661357794,SEE949304129720",14.092,19.0,5.6368,,2.5,"SW München KW-Pool likely refers to Stadtwerke München's pool of power plants. The entry is labeled 'Sonstiges' (other/misc) and is located at 48.135°N 11.582°E in central Munich. Among candidates, 'Praterkraftwerk' (id=98267) at 48.138°N 11.591°E is the closest named SWM asset. The pool may aggregate multiple small plants, but as an individual entry the nearest plausible SWM-operated plant is selected. Confidence is low since none of the candidates explicitly name 'SW München KW-Pool'."
redispatch_full,50H PV Witznitz,3440.0,Pv,Solar,9.11,medium,claude,,,,,51.801979,12.091698,,,,,,,,"Witznitz is a locality near Borna, Saxony (51.8°N, 12.1°E). The candidate id=3440 'Pv' at 51.802°N 12.092°E matches this location best among all PV candidates."
redispatch_full,Lippendorf EnBW,313.0,Lippendorf,Lignite,1782.0,high,claude,,,,,51.1769265,12.376704,,,,,,,,"Lippendorf is a well-known lignite power plant (id=313, 1782 MW) at 51.177°N 12.377°E. EnBW is one of its operators, and it is a conventional plant under 50Hertz as expected."
redispatch_full,Jänschwalde (Standort),315.0,Janschwalde,Lignite,3000.0,high,claude,,,,,51.835981,14.453465,,,,,,,,"Jänschwalde is the large lignite power plant (id=315, 3000 MW) at 51.836°N 14.453°E, matching the location and fuel type perfectly."
redispatch_full,Schwarze Pumpe (Standort),268.0,Schwarze Pumpe,Lignite,1510.0,high,claude,,,,,51.531359,14.348723,,,,,,,,"Schwarze Pumpe is the well-known lignite plant (id=268, 1510 MW) at 51.531°N 14.349°E, directly matching name, fuel type, and location."
redispatch_full,Schkopau,270.0,Schkopau,Lignite,900.0,high,claude,,,,,51.401111,11.950833,,,,,,,,"Schkopau is a lignite power plant (id=270, 900 MW) at 51.401°N 11.951°E, directly matching name, fuel type, and location under 50Hertz."
redispatch_full,Knapsack 1,722.0,Knapsack,Natural Gas,1326.0,high,claude,,,,,50.858679,6.845286,,,,,,,,"Knapsack is a large natural gas CCGT plant (id=722, 1326 MW) at 50.859°N 6.845°E under Amprion, directly matching name and location. 'Block 1' refers to one of its units."
redispatch_full,Irsching 5,721.0,Irsching,Natural Gas,1722.0,high,claude,,,,,48.767533,11.580019,,,,,,,,"Irsching is a large natural gas CCGT plant (id=721, 1722 MW) at 48.768°N 11.580°E. Irsching 5 is one of its well-known gas turbine blocks; this is the best candidate."
redispatch_full,Emsland Block B,1157.0,Emsland,Natural Gas,1877.0,high,claude,,,,,52.48027,7.305249999999999,,,,,,,,"Emsland natural gas CCGT (id=1157, 1877 MW) at 52.480°N 7.305°E is the only major Emsland gas plant matching the conventional fuel type and Amprion TSO; Block B refers to one of its units."
redispatch_full,50H OWP Arkona,30790.0,Arkona Becken Sud Ost,Wind,6.3,high,claude,,,,,54.787911,14.122602,,,,,,,,"Arkona refers to the offshore wind park 'Arkona Becken Süd Ost' (id=30790, Wind Offshore) at 54.788°N 14.123°E under 50Hertz, which is the well-known Arkona offshore wind farm."
redispatch_full,Emsland Block D,1157.0,Emsland,Natural Gas,1877.0,high,claude,,,,,52.48027,7.305249999999999,,,,,,,,"Same Emsland CCGT plant (id=1157, 1877 MW) as Block B and C; Block D refers to another unit of the same multi-block gas plant at 52.480°N 7.305°E."
redispatch_full,LAUSWARD_GUDF,8669.0,Lausward Phase,Hard Coal,450.4,high,claude,,,,,51.220831,6.731547,,,,,,,,"Lausward is a power plant in Düsseldorf (id=8669, 'Lausward Phase', Hard Coal, 450.4 MW at 51.221°N 6.732°E); GUDF refers to the GUD (gas-and-steam) unit F at Lausward, which is part of the same site."
redispatch_full,Reservekraftwerk Walheim Block 2,596.0,Walheim,Hard Coal,244.0,high,claude,,,,,49.017585,9.15769,,,,,,,,"Walheim hard coal steam turbine (id=596, 244 MW) at 49.018°N 9.158°E directly matches the Walheim reserve power plant under TransnetBW; Block 2 is one of its units."
redispatch_full,Heizkraftwerk Heilbronn Block 7,318.0,Heilbronn,Hard Coal,1028.0,high,claude,,,,,49.17505666666667,9.207873333333334,,,,,,,,"Heilbronn hard coal steam turbine (id=318, 1028 MW) at 49.175°N 9.208°E is the Heizkraftwerk Heilbronn, and Block 7 is one of its well-known units."
redispatch_full,WALSUM_10,320.0,Walsum,Hard Coal,1095.0,high,claude,,,,,51.5274965,6.7131585000000005,,,,,,,,"Walsum hard coal plant (id=320, 1095 MW) at 51.527°N 6.713°E directly matches; WALSUM_10 refers to Block 10, the newest unit of the Walsum power station."
redispatch_full,Emsland Block C,1157.0,Emsland,Natural Gas,1877.0,high,claude,,,,,52.48027,7.305249999999999,,,,,,,,"Same Emsland CCGT plant (id=1157, 1877 MW) at 52.480°N 7.305°E; Block C is another unit of this multi-block gas plant under Amprion."
redispatch_full,NIEHL-31-GUD,1148.0,Gud Niehl Rheinenergie,Natural Gas,727.0,high,claude,,,,,50.974163,6.988567666666666,,,,,,,,"Niehl GUD refers to the Gud Niehl Rheinenergie plant (id=1148, 727 MW CCGT) at 50.974°N 6.989°E in Cologne-Niehl, directly matching name and fuel type."
redispatch_full,WEISWEILER_G,258.0,Weissweiler,Lignite,1961.0,high,claude,,,,,50.837339,6.319244,,,,,,,,"Weisweiler lignite plant (id=258, 'Weissweiler', 1961 MW) at 50.837°N 6.319°E is the main Weisweiler power station; the suffix '_G' likely refers to a specific block/unit at this lignite plant."
redispatch_full,Rheinhafen-Dampfkraftwerk Karlsruhe Block 8,314.0,Rheinhafen Dampfkraftwerk,Hard Coal,1351.0,high,claude,,,,,49.01274,8.304255000000001,,,,,,,,"Rheinhafen Dampfkraftwerk (id=314, 1351 MW hard coal) at 49.013°N 8.304°E directly matches the Karlsruhe Rhine harbour steam power plant; Block 8 is one of its well-known units."
redispatch_full,OWP UW Dörpen-West,,MaStR aggregate near Moormerland,Wind,17.0,low,mastr_match,YES,,53.2667,7.65,,,replaced,"SEE902051586383,SEE910663815142,SEE975472019389,SEE974768438446,SEE934692944062,SEE915285945413,SEE943913281343,SEE989625001060,SEE979106342096,SEE987150755823",17.0,10.0,21.25,,0.8,"OWP UW Dörpen-West suggests an offshore wind park (or wind park) feed-in point at the Dörpen-West substation area (~53.267°N 7.650°E). The closest wind onshore candidate is id=141469 'Wea Wmu' at 53.272°N 7.629°E (~1.8 km away). Other wind candidates are further away. No offshore wind plant is listed. The 'OWP' designation and the coordinates near Dörpen suggest this is the aggregation point for nearby wind assets, with 'Wea Wmu' being the spatially closest wind plant. Confidence is low as the name does not perfectly match."
redispatch_full,50H OWP Arcadis Ost 1,30734.0,Arcadis Ost,Wind,257.175,high,claude,,,,,54.81812503703704,13.657002740740742,,,,,,,,"Arcadis Ost (id=30734, 257.2 MW Wind Offshore) at 54.818°N 13.657°E directly matches the 50Hertz-connected Arcadis Ost 1 offshore wind farm in the Baltic Sea."
redispatch_full,ReserveKW Staudinger 5,699.0,Staudinger,Hard Coal,522.0,high,claude,,,,,50.088056,8.952222,,,,,,,,"Staudinger Block 5 is the hard coal unit at the Staudinger power plant near Hanau (50.088°N 8.952°E), matching the location and fuel type. The 522 MW hard coal unit (id=699) corresponds to Block 5, while id=1130 is the gas unit."
redispatch_full,50H UW Iven,159413.0,Wp Iven,Wind,8.05,high,claude,,,,,53.797335999999994,13.395290666666666,,,,,,,,"WP Iven (id=159413) is a wind onshore plant located at 53.797°N 13.395°E near Iven, and Windpark Iven Japezin (id=148565) is nearby but smaller; 'UW Iven' refers to the substation-connected wind park, best matched by the larger WP Iven entry."
redispatch_full,HAMMUENTROP_10,,MaStR aggregate near Hamm,Natural Gas,19.6,high,mastr_match,,,51.6764,7.8226,,,replaced,"SEE987839338255,SEE990682231567,SEE909733525432,SEE987450951208,SEE927428161260,SEE951281707563,SEE925330678241,SEE908479896783,SEE915242892620,SEE958372441559,SEE914960336959,SEE906681939748,SEE967448123107,SEE982412379564,SEE977583940965,SEE956207547964,SEE900348277440,SEE942234222677,SEE962292494960,SEE998284311779,SEE992593308390,SEE915984515283,SEE975752007310,SEE993892982021,SEE983961603315,SEE966796069822",19.6,26.0,0.022,,890.0,"HAMMUENTROP_10 refers to the Trianel Gaskraftwerk Hamm (Hamm-Uentrop area), a large CCGT plant. The suffix '_10' likely denotes a unit or block number. id=723 'Trianel Gaskraftwerk Hamm' is a Natural Gas CCGT at 890 MW located at 51.674°N 7.929°E, clearly the dominant conventional gas plant near Hamm-Uentrop. The entry coordinates (51.676°N 7.823°E) are the center of the redispatch area and Trianel Gaskraftwerk Hamm is the best-matching large conventional plant."
redispatch_full,HERDECKE_H6,719.0,Cuno Herdecke Bhkw,Natural Gas,423.03,high,claude,,,,,51.4036245,7.41565025,,,,,,,,"Cuno Herdecke (id=719) is the large gas CCGT plant at Herdecke (51.404°N 7.416°E), and 'H6' refers to a unit block within this facility; the 423 MW CCGT is the primary Herdecke conventional plant."
redispatch_full,Rostock Kohlekraftwerk,319.0,Kng Rostock,Hard Coal,514.0,high,claude,,,,,54.14065,12.13102,,,,,,,,"KNG Rostock (id=319) is the hard coal steam turbine power plant at Rostock (54.141°N 12.131°E) with 514 MW capacity, directly matching 'Rostock Kohlekraftwerk' (coal power plant Rostock)."
redispatch_full,HAMMUENTROP_20,,MaStR aggregate near Hamm,Natural Gas,19.6,high,mastr_match,,,51.6764,7.8226,,,replaced,"SEE987839338255,SEE990682231567,SEE909733525432,SEE987450951208,SEE927428161260,SEE951281707563,SEE925330678241,SEE908479896783,SEE915242892620,SEE958372441559,SEE914960336959,SEE906681939748,SEE967448123107,SEE982412379564,SEE977583940965,SEE956207547964,SEE900348277440,SEE942234222677,SEE962292494960,SEE998284311779,SEE992593308390,SEE915984515283,SEE975752007310,SEE993892982021,SEE983961603315,SEE966796069822",19.6,26.0,0.0141,,1388.0,"HAMMUENTROP_20 refers to the second major conventional plant in the Hamm-Uentrop area. id=691 'Gersteinwerk' is a Natural Gas CCGT at 1388 MW located at 51.673°N 7.710°E. The '_20' suffix distinguishes it from '_10' (Trianel). Gersteinwerk is another large conventional plant in this redispatch zone. Hard coal Gersteinwerk (id=1283, 665.5 MW) is also at 51.674°N 7.721°E but id=691 is the larger CCGT unit. Both could be candidates, but id=691 is the primary CCGT unit matching 'Konventionell'."
redispatch_full,Grosskraftwerk Mannheim Block 8,1083.0,Grosskraftwerk Mannheim,Hard Coal,1983.0,high,claude,,,,,49.446975,8.492516,,,,,,,,Grosskraftwerk Mannheim (id=1083) is the large hard coal plant at Mannheim (49.447°N 8.493°E) with 1983 MW total capacity covering multiple blocks including Block 8.
redispatch_full,50H Neubrandenburg GuD,3252.0,Gud Nb Gt,Natural Gas,73.345,high,geocoded_match,,,53.5565,13.2635,,,yes,"SEE998283725645,SEE975464070619,SEE932265704129,SEE964935453853",76.636,4.0,1.0449,,,"GuD = Gas- und Dampfturbine (CCGT). id=3252 'Gud Nb Gt' is explicitly named as GuD (Neubrandenburg Gas Turbine), Natural Gas CCGT, 73.3 MW, located at 53.563°N 13.296°E — very close to the target coordinates 53.556°N 13.264°E. This is an exact match by name, fuel type, and location."
redispatch_full,GERSTEINW_F (KapRes),691.0,Gersteinwerk,Natural Gas,1388.0,high,claude,,,,,51.67324,7.710467,,,,,,,,"Gersteinwerk (id=691) is the large natural gas CCGT at 51.673°N 7.710°E; 'GERSTEINW_F' refers to unit F of the Gersteinwerk, which is part of this facility (the CCGT block, as opposed to the hard coal id=1283)."
redispatch_full,50H UW Putlitz,99065.0,Putlitz,Wind,62.0,high,claude,,,,,53.32064570967742,12.02702829032258,,,,,,,,"Putlitz (id=99065) is a 62 MW wind onshore plant at 53.321°N 12.027°E, directly matching the substation (UW) Putlitz redispatch name in the 50Hertz grid area."
redispatch_full,50H UW Wessin,142508.0,Wessin,Wind,84.00000000000001,high,claude,,,,,53.56171465,11.7185859,,,,,,,,"Wessin (id=142508) is an 84 MW wind onshore plant at 53.562°N 11.719°E, directly matching 'UW Wessin' as a substation-connected wind park in the 50Hertz area."
redispatch_full,50H OWP Baltic Eagle,32180.0,Baltic Eagle,Wind,476.24999999999994,high,claude,,,,,54.83008946,13.858195599999998,,,,,,,,"Baltic Eagle (id=32180) is the 476.2 MW offshore wind park at 54.830°N 13.858°E in the Baltic Sea, directly matching '50H OWP Baltic Eagle'."
redispatch_full,Reservekraftwerk Heilbronn Block 6,318.0,Heilbronn,Hard Coal,1028.0,high,claude,,,,,49.17505666666667,9.207873333333334,,,,,,,,"Heilbronn (id=318) is the hard coal steam turbine power plant at Heilbronn (49.175°N 9.208°E) with 1028 MW total capacity, which includes multiple blocks; Block 6 is part of this plant."
redispatch_full,München Nord 2,739.0,Swm Nord,Natural Gas,333.0,high,claude,,,,,48.180641,11.637754,,,,,,,,"SWM Nord (id=739) is the Stadtwerke München Nord gas steam turbine plant at 48.181°N 11.638°E with 333 MW, matching 'München Nord' (Block 2 refers to unit 2 at this facility)."
redispatch_full,WP Emsland,145933.0,Windpark Dorpen,Wind,29.9,medium,geocoded_match,,,53.0,7.45,,,yes,"SEE952224322195,SEE986043216847,SEE979568600789,SEE958296273175,SEE932221916016,SEE989124864784,SEE937633852129,SEE962422732955,SEE931806543432,SEE998098743803,SEE981888518088,SEE971901812606,SEE961104638974,SEE971151452669,SEE904499400566,SEE959338851221,SEE999982096760,SEE938253161158,SEE900442156511,SEE905623386299,SEE954779496703,SEE954253812845,SEE908403684318,SEE914135221189,SEE988249717913,SEE908274196415,SEE915190813555,SEE994083964383,SEE984406893001,SEE977213015193,SEE926241150109,SEE983334246309,SEE946617000937,SEE933968394679,SEE978176663896,SEE927422789330,SEE911951717797,SEE976766168578,SEE964437620227,SEE968586720968,SEE993055335503,SEE916463781069",91.36,42.0,3.0555,,,"WP Emsland = Windpark Emsland. The target coordinates are 53.000°N 7.450°E in the Emsland district. id=145933 'Windpark Dorpen' is a Wind Onshore plant with 29.9 MW at 52.978°N 7.421°E, the largest wind park closest to the target coordinates. 'Dörpen' is a municipality in Emsland, making this the best match for 'WP Emsland'. id=150454 'Windpark Neuborger' (12.9 MW) and id=152857 'Windpark Surwold' (6 MW) are also in Emsland but smaller and slightly further."
redispatch_full,OWP UW Diele,138696.0,Uw,Wind,2.35,medium,claude,,,,,53.636941,7.502316,,,,,,,,UW Diele is a major offshore wind grid connection substation (Umspannwerk Diele) in Lower Saxony at ~53.637°N 7.502°E; id=138696 'Uw' at 53.637°N 7.502°E matches this location as the substation-connected wind asset.
redispatch_full,NIEDERAUSSEM_H,312.0,Niederaussem,Lignite,3109.0,high,claude,,,,,50.990677,6.669720000000001,,,,,,,,"Niederaussem (id=312) is the large lignite power plant at 50.991°N 6.670°E with 3109 MW; 'NIEDERAUSSEM_H' refers to block H of this plant, which is part of the Niederaussem complex."
redispatch_full,NIEDERAUSSEM_G,312.0,Niederaussem,Lignite,3109.0,high,claude,,,,,50.990677,6.669720000000001,,,,,,,,Same Niederaussem lignite plant (id=312); 'NIEDERAUSSEM_G' refers to block G of the same facility at 50.991°N 6.670°E.
redispatch_full,NEURATH_G,272.0,Neurath,Lignite,4211.0,high,claude,,,,,51.037649,6.612286,,,,,,,,Neurath (id=272) is the large lignite plant at 51.038°N 6.612°E with 4211 MW; 'NEURATH_G' refers to block G of the Neurath power station.
redispatch_full,50H Erfurt-Ost HKW GuD,1518.0,Gud Erfurt Ost,Natural Gas,123.5,high,claude,,,,,51.0188434,11.0410548,,,,,,,,"GUD Erfurt Ost (id=1518) is the 123.5 MW natural gas CCGT at 51.019°N 11.041°E, directly matching 'Erfurt-Ost HKW GuD' (combined heat and power CCGT at Erfurt-Ost)."
redispatch_full,50H UW Altentreptow,28046.0,Altentreptow Wka,Wind,30.0,high,claude,,,,,53.69913606666666,13.208388666666668,,,,,,,,The name references 'UW Altentreptow' (substation Altentreptow) as an aggregation point; id=28046 'Altentreptow Wka' is the largest wind farm at Altentreptow (30 MW) and is the most representative plant for this TSO aggregation entry.
redispatch_full,50H UW Schönewalde,152288.0,Windpark Schonwalde,Wind,12.75,medium,claude,,,,,51.963138333333326,13.773327666666669,,,,,,,,"Schönewalde is a location in Brandenburg; id=152288 'Windpark Schonwalde' (12.8 MW Wind Onshore) is the best name match among candidates, located near 51.963°N 13.773°E which is consistent with the Schönewalde area in Brandenburg under 50Hertz."
redispatch_full,50H Leipzig Nord GuD,1171.0,Leipzig Nord,Natural Gas,181.0,high,claude,,,,,51.351555600000005,12.3777212,,,,,,,,"Directly matches 'Leipzig Nord' as a Natural Gas CCGT (GuD) plant at 51.352°N 12.378°E; id=1171 is the 181 MW CCGT at Leipzig Nord, fitting the GuD designation."
redispatch_full,BIBLIS_GT (bnBm),4901.0,Bnbm Gaskw Bib Gt,Natural Gas,378.4,high,claude,,,,,49.706078,8.415141,,,,,,,,"id=4901 is named 'Bnbm Gaskw Bib Gt' (BnBm = bnBm operator, Bib = Biblis, Gt = gas turbine/OCGT) at 49.706°N 8.415°E near Biblis, matching both the location and the operator abbreviation."
redispatch_full,Netzreservekraftwerk BERGKAMEN_A,274.0,Bergkamen,Hard Coal,720.0,high,claude,,,,,51.636945,7.619083,,,,,,,,"id=274 'Bergkamen' is the 720 MW hard coal steam turbine at 51.637°N 7.619°E; BERGKAMEN_A refers to Block A of the Bergkamen power plant, which is a well-known network reserve plant under Amprion."
redispatch_full,Grosskraftwerk Mannheim Block 9,1083.0,Grosskraftwerk Mannheim,Hard Coal,1983.0,high,claude,,,,,49.446975,8.492516,,,,,,,,"id=1083 'Grosskraftwerk Mannheim' is the 1983 MW hard coal plant at 49.447°N 8.493°E; Block 9 is one of the blocks of GKM Mannheim, and this is the only GKM entry in the candidate list."
redispatch_full,NIEDERAUSSEM_K,312.0,Niederaussem,Lignite,3109.0,high,claude,,,,,50.990677,6.669720000000001,,,,,,,,id=312 'Niederaussem' is the 3109 MW lignite plant at 50.991°N 6.670°E; NIEDERAUSSEM_K refers to block K of the Niederaussem lignite power station operated by RWE.
redispatch_full,Heizkraftwerk_Pforzheim,3258.0,Pforzheim,Natural Gas,51.0,high,claude,,,,,48.896998,8.725477,,,,,,,,"id=3258 'Pforzheim' is a 51 MW Natural Gas CCGT at 48.897°N 8.725°E, which matches a modern Heizkraftwerk (combined heat and power) in Pforzheim; id=1088 is the older hard coal plant, while the CCGT is the more typical 'Heizkraftwerk'."
redispatch_full,UPM Schongau HKW3,3198.0,Upm Schongau,Natural Gas,83.09800000000001,high,geocoded_match,,,47.8014,10.8834,,,yes,"SEE947960089464,SEE950742075265,SEE968624378755,SEE931028522024,SEE901358501594,SEE918694303652,SEE912975333499,SEE933094075404,SEE917211801770,SEE931986160672,SEE929068766096,SEE939218038409,SEE965039801465,SEE946286354478,SEE903969330464,SEE962756027680",182.444,16.0,2.1955,,,"UPM Schongau HKW3 refers to the third heat-power plant (HKW = Heizkraftwerk) at the UPM paper mill in Schongau. id=3198 'Upm Schongau' is a Natural Gas Steam Turbine at 83.1 MW located at 47.808°N 10.902°E — very close to the target (47.801°N 10.883°E). id=82607 'Kwk Anlage' (Natural Gas Steam Turbine, 64 MW) is also at the same location and could be HKW3 alternatively, but id=3198 is the primary named UPM Schongau unit and the best match."
redispatch_full,50H Hamburg Tiefstack 2 HKW SK,730.0,Tiefstack,Hard Coal,154.0,high,claude,,,,,53.526083,10.065517,,,,,,,,"id=730 'Tiefstack' is the 154 MW hard coal steam turbine at 53.526°N 10.066°E in Hamburg; 'Tiefstack 2 HKW SK' refers to the Heizkraftwerk Tiefstack block 2, and this is the primary Tiefstack hard coal entry."
redispatch_full,Grosskraftwerk Mannheim Block 6,1083.0,Grosskraftwerk Mannheim,Hard Coal,1983.0,high,claude,,,,,49.446975,8.492516,,,,,,,,id=1083 'Grosskraftwerk Mannheim' is the only GKM entry in the candidate list (1983 MW hard coal at 49.447°N 8.493°E); Block 6 is one of the blocks within GKM Mannheim.
redispatch_full,Irsching 4,721.0,Irsching,Natural Gas,1722.0,high,claude,,,,,48.767533,11.580019,,,,,,,,"id=721 'Irsching' is the 1722 MW Natural Gas CCGT at 48.768°N 11.580°E; Irsching 4 is the well-known 561 MW gas turbine block 4 at this site, which is covered under the combined Irsching CCGT entry."
redispatch_full,Leitzach Pool,298.0,Swm Leitzach,Hydro,92.0,high,claude,,,,,47.874,11.871,,,,,,,,id=298 'Swm Leitzach' is the 92 MW hydro pumped storage plant at 47.874°N 11.871°E; 'Leitzach Pool' refers to the SWM Leitzach hydro pool which includes these storage units.
redispatch_full,STUMMHAFEN_10,1163.0,Hafen,Hard Coal,303.0,medium,claude,,,,,53.124672,8.726764,,,,,,,,"STUMMHAFEN likely refers to a plant at the Stumm/Hafen area; id=1163 'Hafen' is a 303 MW hard coal steam turbine in Bremen (53.125°N 8.727°E), which is the most plausible large conventional match for this Amprion redispatch name referencing a harbor power plant."
redispatch_full,WEISWEILER_H,258.0,Weissweiler,Lignite,1961.0,high,claude,,,,,50.837339,6.319244,,,,,,,,id=258 'Weissweiler' is the 1961 MW lignite steam turbine at 50.837°N 6.319°E; WEISWEILER_H refers to block H of the Weisweiler lignite power station operated by RWE under Amprion.
redispatch_full,50H Hamburg MMB BHKW PtH,,MaStR aggregate near Hamburg,Natural Gas,166.873,medium,mastr_match,,,53.5511,9.9937,,,replaced,"SEE973046128413,SEE942434555476,SEE985017854399,SEE991098100768,SEE910922926855,SEE992743658542,SEE989593041341,SEE910448899923,SEE963586427886,SEE914723402501,SEE980985282274,SEE979426948916,SEE922302225069,SEE922834732516,SEE911337993852,SEE913692602349,SEE908620234501,SEE906759836191,SEE979149033760,SEE921835569152,SEE936086162793,SEE953131529097,SEE908401362003,SEE984582085719,SEE953857132311,SEE979874773863,SEE971645631402,SEE957314384534,SEE993533972794,SEE979606434307,SEE994846175667,SEE958405010172,SEE914668450902,SEE913036464701,SEE959940039307,SEE906231810480,SEE955557469513,SEE935920524582,SEE914667241556,SEE972934270883,SEE953380211620,SEE945514567512,SEE971295046328,SEE974635191672,SEE973467134123,SEE958830489444,SEE949306551550,SEE913896693631,SEE903050015065,SEE908783929184,SEE933987617599,SEE991299080678,SEE954367504490,SEE975217906967,SEE972598164399,SEE983369131694,SEE986232575885,SEE989397541245,SEE989030439922,SEE940755878717,SEE901899686057,SEE972904250846,SEE917581521285,SEE909482226390,SEE987914287799,SEE954061293126,SEE990885219812,SEE988021121099,SEE948231227417,SEE993033085017,SEE990518154640,SEE992485633241,SEE995780068992,SEE932967753425,SEE937519962409,SEE971581113871,SEE932126426986,SEE914031847971,SEE909573351604,SEE998587567514,SEE903975070347,SEE935848768938,SEE905858551059,SEE926685549156,SEE905414247426,SEE921812808021,SEE936140719765,SEE995171958970,SEE928480906479,SEE999106955379,SEE952984355860,SEE972455308812",166.873,92.0,29.7669,,5.606,MMB BHKW PtH suggests a BHKW (combined heat and power) with Power-to-Heat in Hamburg operated under 50Hertz. id=43709 'Bhkw Hamburg' is a Natural Gas Combustion Engine BHKW at 5.6 MW located at 53.574°N 9.999°E — close to the target (53.551°N 9.994°E) and is the largest named BHKW in Hamburg among the candidates. 'MMB' could refer to a specific operator; id=82762 'Kwk Hamburg' (21 MW Natural Gas) is also a possibility but is typically a larger CHP. The BHKW-specific naming and moderate capacity make id=43709 the best match.
redispatch_full,50H Berlin Reuter West,727.0,Reuter West,Hard Coal,688.0,high,claude,,,,,52.53207166666667,13.241943999999998,,,,,,,,"id=727 'Reuter West' is the 688 MW hard coal steam turbine at 52.532°N 13.242°E in Berlin, directly matching the redispatch name."
redispatch_full,50H Leipzig Süd GuD,3654.0,Leipzig Sud Gta,Natural Gas,132.341,high,claude,,,,,51.297278,12.38509,,,,,,,,"id=3654 'Leipzig Sud Gta' is a 132.3 MW Natural Gas CCGT (GuD) at 51.297°N 12.385°E, directly matching Leipzig Süd GuD under 50Hertz."
redispatch_full,Heizkraftwerk Altbach/Deizisau GT E,27867.0,Altbach Deizisau,Natural Gas,248.0,high,claude,,,,,48.71778225,9.37267225,,,,,,,,"id=27867 'Altbach Deizisau' is a 248 MW Natural Gas OCGT at 48.718°N 9.373°E; GT E refers to gas turbine unit E at the Altbach/Deizisau Heizkraftwerk, matching the OCGT entry for this site."
redispatch_full,Frankfurt West 4,65179.0,Fra Nea,Oil,196.124,medium,geocoded_match,,,50.1109,8.6821,,,yes,"SEE951007026442,SEE905782913367,SEE910344570407,SEE915971004004,SEE996412972434,SEE914855722713,SEE938921646253,SEE923413960160,SEE921961783002,SEE901780116243,SEE948719056034,SEE928713131654,SEE956020691066,SEE981585142838,SEE945555198973,SEE951153128731,SEE931595068345,SEE912896252657,SEE981263270136,SEE967788369296,SEE963174871046,SEE941845748934,SEE948926114091,SEE994646191058,SEE984521800526,SEE933519935788,SEE908061593274,SEE925222088608,SEE941794366692,SEE944368838984,SEE951117154585,SEE935427049137,SEE903096628182,SEE933788067869,SEE943774737225,SEE984744612814,SEE994156551441,SEE945255014689,SEE923858222731,SEE915364339119,SEE936310010968,SEE960512637012,SEE967407300099,SEE940480193086,SEE916452768545,SEE934073190767,SEE964130722426,SEE955476406903,SEE984712303386,SEE966751100034,SEE985331698921,SEE958743106551,SEE980311325163,SEE969171245743,SEE922235480054,SEE997080047813,SEE910268835842,SEE958824684817,SEE950274970915,SEE999091929997,SEE966634649834,SEE990606035462,SEE976361834618,SEE913571828358,SEE906176295700,SEE921404406031,SEE995939008497,SEE927527229328,SEE932552189691,SEE953299687738,SEE943782900628,SEE910437982698,SEE954386562396,SEE974503665465,SEE900829641708,SEE925085387801,SEE938363541918,SEE925034285080,SEE904125205701,SEE960597066820,SEE915234100375,SEE930191356849,SEE913694870401,SEE911813471591,SEE965015825225,SEE963730977458,SEE918695788908,SEE944102004415,SEE935818908326,SEE919108373773,SEE986900148946,SEE904421763226,SEE997497793013,SEE939228718766,SEE982296446000,SEE933765254237,SEE921344032703,SEE985553741269,SEE938758131946,SEE979248567739,SEE920618748258,SEE944094168560,SEE939875438031,SEE903619506850,SEE908396874888,SEE930257742067,SEE902903834310,SEE912281376098,SEE969321405256,SEE964299788912,SEE924862063433,SEE981882084671,SEE927742886269,SEE941945945356,SEE976443611915,SEE929498435364,SEE986439711741,SEE922238439141,SEE978383884572,SEE902259460898,SEE934890938795,SEE983582652198,SEE951349402768,SEE946252916358,SEE920972954401,SEE903242547756,SEE932537351426,SEE988191657626,SEE958450800483,SEE942544555496,SEE991276229564,SEE920428739569,SEE965389730545,SEE940247244686,SEE951221310563,SEE928768084974,SEE938506779536,SEE911716033872,SEE906478508607,SEE955790459425,SEE949819515889,SEE993689577409,SEE924906397036,SEE916471968063,SEE987057239044,SEE942168839378,SEE966465198532,SEE995863686785,SEE966650614694,SEE919791051453,SEE942929489644,SEE964305819890,SEE953567309317,SEE965256254198,SEE903979843091,SEE928699900473,SEE996892906813,SEE965067843789,SEE989578450236,SEE941478327940,SEE980077434802,SEE914057269146,SEE975726974341,SEE983429179789,SEE962867381213,SEE999799269913,SEE978449081235,SEE985930282781,SEE995191815253,SEE991101376722,SEE914409513958,SEE958650595189,SEE935765566921,SEE931983131552,SEE999234372321,SEE987226985505,SEE924571431059,SEE971374460571,SEE919250162904,SEE982439737286,SEE938569071202,SEE936157608892,SEE927642388375,SEE972720497364,SEE970623888371,SEE972943294306,SEE903789367961,SEE947341672346,SEE939930660810,SEE901062018487,SEE957417347009,SEE900382392642,SEE935503888889,SEE981182711758,SEE933922631758,SEE971050296944,SEE906081803540,SEE963338620138,SEE987560521346,SEE982157926597,SEE929988674907,SEE964561949447,SEE977422160233,SEE956194194974,SEE953271873357,SEE961457777849,SEE991421145688,SEE939888254406,SEE909284558392,SEE928712775828,SEE972322848823,SEE925660523846,SEE914185591799,SEE972127632887,SEE980400980181,SEE928818313580,SEE929046077343,SEE977351120001,SEE941818995167,SEE913887806491,SEE900759509017,SEE968530971941,SEE942351037178,SEE979262141120,SEE906787190876,SEE916343246923,SEE954984224689,SEE933297738816,SEE961558062059,SEE910962588099,SEE972567535502,SEE925151915075,SEE987248604996,SEE989769486990,SEE904975688143,SEE919561104747,SEE902102372255,SEE992565925471,SEE980727217359,SEE954258164697,SEE943161755047,SEE930303117207,SEE910005099018,SEE939595179979,SEE975334248391,SEE916071844736,SEE999263560768,SEE910933469983,SEE960712561926,SEE917697506237,SEE959695603716,SEE977142884167,SEE954366053432,SEE935818635598,SEE990005478990,SEE911667410746,SEE955796248016,SEE964401266338,SEE978257647982,SEE951717690858,SEE968810135575,SEE913636283191,SEE925057979805,SEE969444526517,SEE998844519003,SEE929935823082,SEE988068645374,SEE925213385389,SEE910997981797,SEE970959194979,SEE911418984991,SEE951465622606,SEE907329127343,SEE906647264273,SEE989183421300,SEE987938076430,SEE995380818966,SEE958413955328,SEE961337577262,SEE953000880045,SEE928935027520,SEE966110614615,SEE995167451324,SEE909827535293,SEE962964924931,SEE973296184559,SEE927969775445,SEE994325248967,SEE911966664345,SEE921502861305,SEE962584208084,SEE968791554600,SEE993874350466,SEE934949765037,SEE955734643347,SEE933690343983,SEE933694523732,SEE951592719743,SEE903593508864,SEE961321996604,SEE962648174218,SEE918807763403,SEE998395933969,SEE940238659321,SEE911638334408,SEE964154864959,SEE963008577083,SEE998766573459,SEE948645171078,SEE920254031448,SEE941617893404,SEE945587817835,SEE958153476374,SEE935499734993,SEE989712476337,SEE924378448434,SEE997214970772,SEE986940102861,SEE965099992431,SEE934061605181,SEE952071170185,SEE989069784772,SEE978277148254,SEE942227303390,SEE901397204500,SEE971951054544,SEE912868160157,SEE914819184786,SEE951306163367,SEE932941714022,SEE981899821900,SEE943590743967,SEE917147691704,SEE925474642474,SEE973462616426,SEE966187529843,SEE910955874697,SEE957022704044,SEE906978233672,SEE940950985883,SEE965141261799,SEE970657403168,SEE942761631249,SEE951579717632,SEE990415759795,SEE995097060818,SEE943987525831,SEE921113766532,SEE986966663070,SEE937940773353,SEE946971542272,SEE921995909379,SEE907918661388",624.16,353.0,3.1825,,,"The entry is named 'Frankfurt West 4' and is a conventional (Konventionell) plant at 50.111°N 8.682°E. The dominant candidate by far in terms of capacity is id=65179 'Fra Nea' (196.1 MW Oil Combustion Engine) at 50.114°N 8.684°E, which is a large Frankfurt emergency/backup power system. The numbered suffix (4) suggests this is one of several redispatch entries referencing the same aggregated Frankfurt NEA system. The closest match by location and capacity is Fra Nea (id=65179)."
redispatch_full,GUD_HERNE_6,1117.0,Gud Herne,Natural Gas,657.0,high,claude,,,,,51.5489,7.18335,,,,,,,,"The name 'GUD_HERNE_6' directly refers to the GUD (Gas- und Dampf) plant in Herne. Candidate id=1117 'Gud Herne' is a 657 MW Natural Gas CCGT located at 51.549°N 7.183°E, matching perfectly in name, fuel type, and location."
redispatch_full,Heizkraftwerk Altbach/Deizisau Block 2,265.0,Altbach Deizisau,Hard Coal,756.0,high,claude,,,,,48.718902,9.3713815,,,,,,,,The redispatch name refers to the Altbach/Deizisau hard coal steam plant; id=265 'Altbach Deizisau' is a 756 MW Hard Coal Steam Turbine at the correct location (48.719°N 9.371°E). id=9263 is also Altbach but represents combined heat and power; id=265 is the primary block-level match for Block 2.
redispatch_full,Thyrow D (SysRel),3248.0,Gasturbinenkraftwerk Thyrow,Natural Gas,186.756,high,claude,,,,,52.230249,13.302107,,,,,,,,"Thyrow refers to the Gasturbinenkraftwerk Thyrow gas turbine plant in Brandenburg. Id=3248 'Gasturbinenkraftwerk Thyrow' is a 186.8 MW Natural Gas OCGT at 52.230°N 13.302°E, the only candidate matching the Thyrow location and fuel type; D indicates a specific unit of that plant."
redispatch_full,Thyrow E (SysRel),3248.0,Gasturbinenkraftwerk Thyrow,Natural Gas,186.756,high,claude,,,,,52.230249,13.302107,,,,,,,,"Same Gasturbinenkraftwerk Thyrow plant as for Thyrow C/D; id=3248 is the only Thyrow-named OCGT candidate, with unit letters (C, D, E) referring to individual gas turbine units within the same plant entry."
redispatch_full,Thyrow C (SysRel),3248.0,Gasturbinenkraftwerk Thyrow,Natural Gas,186.756,high,claude,,,,,52.230249,13.302107,,,,,,,,Thyrow C is another unit of the Gasturbinenkraftwerk Thyrow; id=3248 is the only Thyrow-named OCGT candidate at 52.230°N 13.302°E matching the location and fuel type.
redispatch_full,Netzreservekraftwerk Darmstadt/GTKW GT11,3299.0,Gtkw Darmstadt,Natural Gas,93.0,high,claude,,,,,49.8856345,8.649099,,,,,,,,"The name explicitly references GTKW (Gasturbinenkraftwerk) Darmstadt; id=3299 'Gtkw Darmstadt' is a 93 MW Natural Gas OCGT at 49.886°N 8.649°E, a perfect match in name, type, and location."
redispatch_full,Marbach GT 4 (bnBm),3275.0,Marbach,Oil,735.9,high,claude,,,,,48.927387499999995,9.231165,,,,,,,,"Marbach is a well-known oil OCGT peaking plant in Baden-Württemberg; id=3275 'Marbach' is a 735.9 MW Oil OCGT at 48.927°N 9.231°E, directly matching the plant name and fuel type under TransnetBW."
redispatch_full,NIEHL-II,1148.0,Gud Niehl Rheinenergie,Natural Gas,727.0,high,claude,,,,,50.974163,6.988567666666666,,,,,,,,"Niehl II refers to the GUD Niehl combined cycle plant operated by RheinEnergie in Cologne-Niehl; id=1148 'Gud Niehl Rheinenergie' is a 727 MW Natural Gas CCGT at 50.974°N 6.989°E, the primary CCGT unit matching NIEHL-II."
redispatch_full,Reservekraftwerk Heilbronn Block 5,318.0,Heilbronn,Hard Coal,1028.0,high,claude,,,,,49.17505666666667,9.207873333333334,,,,,,,,"Heilbronn is a large hard coal power plant; id=318 'Heilbronn' is a 1028 MW Hard Coal Steam Turbine at 49.175°N 9.208°E, which covers the multi-block Heilbronn plant including Block 5."
redispatch_full,Gebersdorf GT,,MaStR aggregate near Eisleben,Natural Gas,3.439,none,mastr_match,YES,,51.5931,11.5789,,,replaced,"SEE961500444124,SEE909362498114,SEE925652234514",3.439,3.0,,,,"The entry 'Gebersdorf GT' implies a gas turbine (GT) at 51.593°N 11.579°E. However, none of the candidates in the list appear to match a gas turbine at or near that location. The nearby candidates are mostly small biogas engines, oil NEA units, and biomass plants in the Mansfeld-Südharz / Eisleben area. No candidate corresponds to a gas turbine named 'Gebersdorf'. No plausible match found."
redispatch_full,Frankfurt West 2,65179.0,Fra Nea,Oil,196.124,medium,geocoded_match,,,50.1109,8.6821,,,yes,"SEE951007026442,SEE905782913367,SEE910344570407,SEE915971004004,SEE996412972434,SEE914855722713,SEE938921646253,SEE923413960160,SEE921961783002,SEE901780116243,SEE948719056034,SEE928713131654,SEE956020691066,SEE981585142838,SEE945555198973,SEE951153128731,SEE931595068345,SEE912896252657,SEE981263270136,SEE967788369296,SEE963174871046,SEE941845748934,SEE948926114091,SEE994646191058,SEE984521800526,SEE933519935788,SEE908061593274,SEE925222088608,SEE941794366692,SEE944368838984,SEE951117154585,SEE935427049137,SEE903096628182,SEE933788067869,SEE943774737225,SEE984744612814,SEE994156551441,SEE945255014689,SEE923858222731,SEE915364339119,SEE936310010968,SEE960512637012,SEE967407300099,SEE940480193086,SEE916452768545,SEE934073190767,SEE964130722426,SEE955476406903,SEE984712303386,SEE966751100034,SEE985331698921,SEE958743106551,SEE980311325163,SEE969171245743,SEE922235480054,SEE997080047813,SEE910268835842,SEE958824684817,SEE950274970915,SEE999091929997,SEE966634649834,SEE990606035462,SEE976361834618,SEE913571828358,SEE906176295700,SEE921404406031,SEE995939008497,SEE927527229328,SEE932552189691,SEE953299687738,SEE943782900628,SEE910437982698,SEE954386562396,SEE974503665465,SEE900829641708,SEE925085387801,SEE938363541918,SEE925034285080,SEE904125205701,SEE960597066820,SEE915234100375,SEE930191356849,SEE913694870401,SEE911813471591,SEE965015825225,SEE963730977458,SEE918695788908,SEE944102004415,SEE935818908326,SEE919108373773,SEE986900148946,SEE904421763226,SEE997497793013,SEE939228718766,SEE982296446000,SEE933765254237,SEE921344032703,SEE985553741269,SEE938758131946,SEE979248567739,SEE920618748258,SEE944094168560,SEE939875438031,SEE903619506850,SEE908396874888,SEE930257742067,SEE902903834310,SEE912281376098,SEE969321405256,SEE964299788912,SEE924862063433,SEE981882084671,SEE927742886269,SEE941945945356,SEE976443611915,SEE929498435364,SEE986439711741,SEE922238439141,SEE978383884572,SEE902259460898,SEE934890938795,SEE983582652198,SEE951349402768,SEE946252916358,SEE920972954401,SEE903242547756,SEE932537351426,SEE988191657626,SEE958450800483,SEE942544555496,SEE991276229564,SEE920428739569,SEE965389730545,SEE940247244686,SEE951221310563,SEE928768084974,SEE938506779536,SEE911716033872,SEE906478508607,SEE955790459425,SEE949819515889,SEE993689577409,SEE924906397036,SEE916471968063,SEE987057239044,SEE942168839378,SEE966465198532,SEE995863686785,SEE966650614694,SEE919791051453,SEE942929489644,SEE964305819890,SEE953567309317,SEE965256254198,SEE903979843091,SEE928699900473,SEE996892906813,SEE965067843789,SEE989578450236,SEE941478327940,SEE980077434802,SEE914057269146,SEE975726974341,SEE983429179789,SEE962867381213,SEE999799269913,SEE978449081235,SEE985930282781,SEE995191815253,SEE991101376722,SEE914409513958,SEE958650595189,SEE935765566921,SEE931983131552,SEE999234372321,SEE987226985505,SEE924571431059,SEE971374460571,SEE919250162904,SEE982439737286,SEE938569071202,SEE936157608892,SEE927642388375,SEE972720497364,SEE970623888371,SEE972943294306,SEE903789367961,SEE947341672346,SEE939930660810,SEE901062018487,SEE957417347009,SEE900382392642,SEE935503888889,SEE981182711758,SEE933922631758,SEE971050296944,SEE906081803540,SEE963338620138,SEE987560521346,SEE982157926597,SEE929988674907,SEE964561949447,SEE977422160233,SEE956194194974,SEE953271873357,SEE961457777849,SEE991421145688,SEE939888254406,SEE909284558392,SEE928712775828,SEE972322848823,SEE925660523846,SEE914185591799,SEE972127632887,SEE980400980181,SEE928818313580,SEE929046077343,SEE977351120001,SEE941818995167,SEE913887806491,SEE900759509017,SEE968530971941,SEE942351037178,SEE979262141120,SEE906787190876,SEE916343246923,SEE954984224689,SEE933297738816,SEE961558062059,SEE910962588099,SEE972567535502,SEE925151915075,SEE987248604996,SEE989769486990,SEE904975688143,SEE919561104747,SEE902102372255,SEE992565925471,SEE980727217359,SEE954258164697,SEE943161755047,SEE930303117207,SEE910005099018,SEE939595179979,SEE975334248391,SEE916071844736,SEE999263560768,SEE910933469983,SEE960712561926,SEE917697506237,SEE959695603716,SEE977142884167,SEE954366053432,SEE935818635598,SEE990005478990,SEE911667410746,SEE955796248016,SEE964401266338,SEE978257647982,SEE951717690858,SEE968810135575,SEE913636283191,SEE925057979805,SEE969444526517,SEE998844519003,SEE929935823082,SEE988068645374,SEE925213385389,SEE910997981797,SEE970959194979,SEE911418984991,SEE951465622606,SEE907329127343,SEE906647264273,SEE989183421300,SEE987938076430,SEE995380818966,SEE958413955328,SEE961337577262,SEE953000880045,SEE928935027520,SEE966110614615,SEE995167451324,SEE909827535293,SEE962964924931,SEE973296184559,SEE927969775445,SEE994325248967,SEE911966664345,SEE921502861305,SEE962584208084,SEE968791554600,SEE993874350466,SEE934949765037,SEE955734643347,SEE933690343983,SEE933694523732,SEE951592719743,SEE903593508864,SEE961321996604,SEE962648174218,SEE918807763403,SEE998395933969,SEE940238659321,SEE911638334408,SEE964154864959,SEE963008577083,SEE998766573459,SEE948645171078,SEE920254031448,SEE941617893404,SEE945587817835,SEE958153476374,SEE935499734993,SEE989712476337,SEE924378448434,SEE997214970772,SEE986940102861,SEE965099992431,SEE934061605181,SEE952071170185,SEE989069784772,SEE978277148254,SEE942227303390,SEE901397204500,SEE971951054544,SEE912868160157,SEE914819184786,SEE951306163367,SEE932941714022,SEE981899821900,SEE943590743967,SEE917147691704,SEE925474642474,SEE973462616426,SEE966187529843,SEE910955874697,SEE957022704044,SEE906978233672,SEE940950985883,SEE965141261799,SEE970657403168,SEE942761631249,SEE951579717632,SEE990415759795,SEE995097060818,SEE943987525831,SEE921113766532,SEE986966663070,SEE937940773353,SEE946971542272,SEE921995909379,SEE907918661388",624.16,353.0,3.1825,,,"Same location (50.111°N 8.682°E) and same candidate pool as Frankfurt West 4. The large 'Fra Nea' aggregated emergency power system (id=65179, 196.1 MW) at 50.114°N 8.684°E is the dominant conventional plant in this Frankfurt inner-city area. The numbered suffixes (2, 3, 4) all refer to the same Frankfurt NEA complex, best represented by id=65179."
redispatch_full,Irsching 6 (bnBm),721.0,Irsching,Natural Gas,1722.0,high,claude,,,,,48.767533,11.580019,,,,,,,,"Irsching is a major gas-fired power plant complex in Bavaria; id=721 'Irsching' is a 1722 MW Natural Gas CCGT at 48.768°N 11.580°E, covering the Irsching plant including unit 6."
redispatch_full,50H Dresden-Nossen,1154.0,Gasturbinen Nossener Brucke,Natural Gas,186.0,high,claude,,,,,51.042464,13.707669,,,,,,,,"Dresden-Nossen refers to the Gasturbinen at Nossener Brücke Dresden; id=1154 'Gasturbinen Nossener Brucke' is a 186 MW Natural Gas CCGT at 51.042°N 13.708°E, directly matching the Nossen(er Brücke) reference in Dresden."
redispatch_full,50H Dresden-Reick,3418.0,Gasmotoren Dresden Reick,Natural Gas,92.0,high,claude,,,,,51.0255,13.7845,,,,,,,,"Dresden-Reick refers to the Gasmotoren Dresden Reick plant; id=3418 'Gasmotoren Dresden Reick' is a 92 MW Natural Gas CCGT at 51.026°N 13.784°E, directly matching the Reick district reference."
redispatch_full,Linden GKL GT 1,8562.0,Si Gt,Natural Gas,5.5,medium,claude,,,,,52.418711,9.374635,,,,,,,,Linden GKL (Gemeinschaftskraftwerk Linden) in Hannover is a combined heat and power plant; id=8562 'Si Gt' at 52.419°N 9.375°E (Hannover area) is a Natural Gas CCGT that matches the Linden/Hannover location and GT (gas turbine) unit type.
redispatch_full,Datteln_4,325.0,Datteln,Hard Coal,1052.0,high,claude,,,,,51.63313,7.34248,,,,,,,,"Datteln 4 is a well-known hard coal power plant unit; id=325 'Datteln' is a 1052 MW Hard Coal Steam Turbine at 51.633°N 7.342°E, directly matching the Datteln location and fuel type."
redispatch_full,Linden GKL DT,128306.0,Si Dt,Other,16.8,medium,claude,,,,,52.418711,9.374635,,,,,,,,Linden GKL DT refers to the steam turbine (Dampfturbine) unit at Gemeinschaftskraftwerk Linden in Hannover; id=128306 'Si Dt' at 52.419°N 9.375°E (Hannover area) is a 16.8 MW Other Steam Turbine matching the DT (Dampfturbine) unit at the Linden plant.
redispatch_full,Netzreservekraftwerk Darmstadt/GTKW GT12,3299.0,Gtkw Darmstadt,Natural Gas,93.0,high,claude,,,,,49.8856345,8.649099,,,,,,,,"Same GTKW Darmstadt plant as GT11; id=3299 'Gtkw Darmstadt' is the 93 MW Natural Gas OCGT in Darmstadt covering multiple GT units (GT11, GT12) under the same plant entry."
redispatch_full,WP_JUECHEN A44N,,MaStR aggregate near Mönchengladbach,Wind,71.558,none,mastr_match,YES,,51.2142,6.3931,,,replaced,"SEE949462167015,SEE912199990867,SEE974496405260,SEE934698095140,SEE942147739354,SEE908280086120,SEE969154908498,SEE970975864832,SEE970972355272,SEE920935075549,SEE934283460315,SEE945769314381,SEE997207679835,SEE965918485311,SEE908347517918,SEE901516630623,SEE955588519089,SEE961634178377,SEE973192114841,SEE906690605849,SEE971146882341,SEE966321563023,SEE987728278563,SEE988522381114,SEE978247147416,SEE962931558367,SEE922562711364,SEE904849248350,SEE912197871212,SEE972386621110,SEE976996537519,SEE920839497058,SEE926030174859,SEE995721010691,SEE915152523324,SEE916848885917,SEE931649269308,SEE939891675977,SEE944498412115,SEE954893865867,SEE934151798205,SEE928359461672,SEE934075129970,SEE998076198663,SEE900738308990,SEE928158277382,SEE910230192362,SEE942530390254,SEE904001054904,SEE925630248281,SEE922342878195,SEE976503191913,SEE916141924979,SEE955583082717,SEE922478926302,SEE905521971641,SEE946094951708,SEE954108864388,SEE997124571434,SEE998158094395,SEE943007754890,SEE953213477193,SEE923439746397,SEE912679851169,SEE984612216311,SEE914655027469,SEE959474196750,SEE941760649316,SEE961501149660,SEE921352408712,SEE934179895320,SEE986509829659,SEE953893450288,SEE986037609501,SEE996109239741,SEE960634297606,SEE919852632591,SEE924611644197,SEE936932013477,SEE934786939257,SEE910158610566,SEE937334658655,SEE915602557510,SEE982542449588,SEE905429609066,SEE951450610434,SEE941921986212,SEE937520490397,SEE934273896971,SEE903491310194,SEE903124422904,SEE959374246852,SEE900398829361,SEE955962966171,SEE963270877782,SEE956659229319,SEE955006197844,SEE970654070875,SEE978661102176,SEE969566613799,SEE930039850645,SEE924228668784,SEE940217880647,SEE929453560537,SEE953203932299,SEE903770658054,SEE929822400969,SEE932246733483,SEE933513117593,SEE907162842625,SEE927366052453,SEE931753587534,SEE951556664447,SEE989765997902,SEE953824229167,SEE986076176507,SEE908123357158,SEE910602357672,SEE967907144766,SEE918896511688,SEE999709122666,SEE906527813119,SEE991540083564,SEE980430507631,SEE957894154886,SEE952684904429,SEE980486228337,SEE901825677401,SEE975744217079,SEE973895671986,SEE922449560412,SEE990096436749,SEE913545879607,SEE922408187469,SEE923236895373,SEE947627483642,SEE954820912206,SEE996579503557,SEE911551021546,SEE920123547117,SEE913631078686,SEE909032598281,SEE942743576360,SEE916544331091,SEE924083828835,SEE974417172837,SEE973454900373,SEE980336384718,SEE904683554327,SEE976199910379,SEE923436994104,SEE948252640370,SEE966793156716,SEE956339648966,SEE976301879594,SEE985265260324,SEE982017502978,SEE908173525651,SEE991819752757,SEE958278560736,SEE997159612812,SEE939398376766,SEE949807059104,SEE986318167409,SEE986603626734,SEE925295802828,SEE953037854958,SEE965229716418,SEE909750879709,SEE991075079803,SEE959264554784,SEE970362466847,SEE914020398477,SEE949517491256,SEE932576783035,SEE912801293669,SEE941545547561,SEE999465201889,SEE966473685611,SEE908101168325,SEE949600905844,SEE996208229780,SEE929589988410,SEE905344908961,SEE970935511042,SEE931501318915,SEE907619205201,SEE928038711227,SEE918118021988,SEE976057095439,SEE929463023480,SEE960623486516,SEE900057685918,SEE937415661116,SEE955541721009,SEE956507959436,SEE923005159545,SEE901958639079,SEE915027173067,SEE965678714638,SEE943026858814,SEE953138662186,SEE984607918381,SEE937265031596,SEE961418183146,SEE956525863005,SEE972526629297,SEE928995334422,SEE981355397437,SEE940284501223,SEE968332243031,SEE929653413954,SEE961926742804,SEE988816539986,SEE989746542824,SEE945304102923,SEE937815140952,SEE946774353501,SEE900082918494,SEE924606961049,SEE939226690897,SEE955566925338,SEE936423438826,SEE978861747726,SEE904648383580,SEE938575099948,SEE942721201208,SEE912570133463,SEE987394718950,SEE942726439224,SEE936160615900,SEE990987119508,SEE929601668481,SEE910030238277,SEE950420071633,SEE918827861363,SEE938903004682,SEE980607183859,SEE952781220484,SEE944313962849,SEE981870915826,SEE953316549285,SEE979481725736,SEE970538785482,SEE958166070224,SEE947452855348,SEE973238496320,SEE983139250471,SEE939258530550,SEE954410413861,SEE946880751765,SEE904030468239,SEE939016344580,SEE924460084519,SEE907597158803,SEE989971701485,SEE954285153480,SEE907972085557,SEE976181390295,SEE958637634214,SEE938120936698,SEE974588071441,SEE916208490614,SEE953960321091,SEE944597981949,SEE955846250839,SEE941031732600,SEE935468058389,SEE950023934649,SEE905612083826,SEE992321253374,SEE961022885702,SEE966536533798,SEE943821731381,SEE963424287740,SEE976947557610,SEE926124607805,SEE919815380668,SEE954167581448,SEE928125641222",71.558,280.0,,,,"The entry 'WP_JUECHEN A44N' suggests a wind park near Jüchen along the A44 motorway (51.214°N 6.393°E). None of the wind onshore candidates in the list are positioned near Jüchen / A44 corridor at that exact coordinate. The wind candidates (Schwalmtal, Viersen, Mönchengladbach) are several km away and named differently. No direct match found among candidates."
redispatch_full,50H Stralsund BHKW+PtH,,MaStR aggregate near Stralsund,Natural Gas,15.597,high,mastr_match,,,54.3088,13.0924,,,replaced,"SEE986866815333,SEE941984982824,SEE929096299559,SEE976439680413,SEE970641918777,SEE987436210930,SEE947218715039,SEE962538010190",15.597,8.0,17.33,,0.9,"The entry '50H Stralsund BHKW+PtH' refers to a BHKW (CHP) with Power-to-Heat at 54.301°N 13.105°E, Stralsund, operated under 50Hertz. The cluster of natural gas combustion engine BHKWs at 54.301°N 13.105°E (ids 41484, 41486, 41489, 41490, 41491, 41492) are all co-located at exactly the matching coordinates, are of conventional fuel type, and collectively form a BHKW+PtH installation. These six units are the best match."
redispatch_full,ReserveKW Zolling 5,257.0,Zolling,Hard Coal,472.0,high,claude,,,,,48.455489,11.796122,,,,,,,,Zolling is a well-known hard coal power plant in Bavaria operated by Uniper; id=257 matches location (48.455°N 11.796°E) and fuel type. Block 5 is the main hard coal unit at Zolling.
redispatch_full,Netzreservekraftwerk HERNE_4,317.0,Herne,Hard Coal,435.0,high,claude,,,,,51.549201,7.18396,,,,,,,,Herne hard coal steam turbine (id=317) at 51.549°N 7.184°E matches the location and fuel type; Block 4 is a known unit of the Herne hard coal plant.
redispatch_full,Itzehoe,8609.0,Gasturbinenkraftwerk Itzehoe,Oil,87.0,high,claude,,,,,53.96645,9.44951,,,,,,,,"Gasturbinenkraftwerk Itzehoe (id=8609) is the only candidate directly matching the city name Itzehoe, located at 53.966°N 9.450°E."
redispatch_full,ReserveKW Staudinger 4,699.0,Staudinger,Hard Coal,522.0,high,claude,,,,,50.088056,8.952222,,,,,,,,Staudinger hard coal steam turbine (id=699) at 50.088°N 8.952°E matches the plant name and fuel type; block 4 is a known hard coal unit at Staudinger.
redispatch_full,50H InfraLeuna IKW,77822.0,Ikw,Oil,227.5,medium,claude,,,,,53.09021175,14.2273665,,,,,,,,"IKW (Industriekraftwerk) at InfraLeuna (chemical park Leuna) best matches id=77822 'Ikw' Oil Steam Turbine 227.5 MW; however none of the candidates explicitly mention Leuna, but this is the closest match by abbreviation and energy type. Actually, no candidate mentions Leuna directly - but 'Ikw' at 53.090°N 14.227°E is an oil steam turbine which could be a different site. Given the 50Hertz TSO and 'IKW' abbreviation, id=77822 is the best available match."
redispatch_full,50H Berlin Lichterfelde,1172.0,Lichterfelde,Natural Gas,300.0,high,claude,,,,,52.423388,13.309598,,,,,,,,"Lichterfelde (id=1172) is a natural gas steam turbine plant at 52.423°N 13.310°E in Berlin, directly matching the redispatch name 'Berlin Lichterfelde'."
redispatch_full,ReserveKW Ingolstadt 4,8622.0,Ingolstadt,Oil,720.0,high,claude,,,,,48.761882,11.50246,,,,,,,,"Ingolstadt oil steam turbine (id=8622, 720 MW, 48.762°N 11.502°E) is the large conventional reserve plant at Ingolstadt matching block 4 designation."
redispatch_full,Hannover (GKH) 2,743.0,Gkh,Hard Coal,272.0,high,claude,,,,,52.420476,9.65067,,,,,,,,"GKH (Gemeinschaftskraftwerk Hannover) id=743 is a hard coal steam turbine at 52.420°N 9.651°E, directly matching the abbreviation and location."
redispatch_full,LAUSWARD_AGUD,8669.0,Lausward Phase,Hard Coal,450.4,high,claude,,,,,51.220831,6.731547,,,,,,,,"Lausward Phase (id=8669) is the hard coal plant at Düsseldorf-Lausward (51.221°N 6.732°E); 'AGUD' likely refers to an associated GUD/gas unit at the same site, but id=8669 is the only Lausward candidate."
redispatch_full,EGM_DTS,59521.0,Dts,Solid Biomass,28.448,medium,claude,,,,,49.535937,8.464503,,,,,,,,"id=59521 'Dts' (solid biomass steam turbine, 28.4 MW, 49.536°N 8.465°E) is the only candidate with the abbreviation 'Dts', matching the 'DTS' part of 'EGM_DTS'; EGM likely refers to the operator Energie-und Medienversorgung GmbH in Mannheim area."
redispatch_full,OWP UW Emden-Ost,138696.0,Uw,Wind,2.35,medium,claude,,,,,53.636941,7.502316,,,,,,,,id=138696 'Uw' Wind Onshore at 53.637°N 7.502°E is near Emden/East Frisia and matches the 'UW' (Umspannwerk) designation; no direct Emden offshore wind park candidate exists in the list but this is the closest match geographically.
redispatch_full,WP Jardelund,159438.0,Wp Jardelund,Wind,36.825,high,claude,,,,,54.85292283333334,9.206747333333334,,,,,,,,"id=159438 'Wp Jardelund' (Wind Onshore, 36.8 MW, 54.853°N 9.207°E) is an exact name match for the Jardelund wind park."
redispatch_full,GERSTEINW_DTG2 (KapRes),691.0,Gersteinwerk,Natural Gas,1388.0,high,claude,,,,,51.67324,7.710467,,,,,,,,Gersteinwerk (id=691) natural gas CCGT 1388 MW at 51.673°N 7.710°E matches 'GERSTEINW'; DTG2 refers to a gas turbine block 2 within the Gersteinwerk complex.
redispatch_full,HKW BARMEN 1,1528.0,Barmen,Natural Gas,84.4,high,claude,,,,,51.269,7.2,,,,,,,,"Barmen (id=1528) is a natural gas CCGT at 51.269°N 7.200°E in Wuppertal-Barmen, directly matching 'HKW BARMEN' (Heizkraftwerk Barmen), block 1."
redispatch_full,50H UW Wustermark,154123.0,Windpark Wustermark Eins Gmbh Co Kg,Wind,9.9,high,claude,,,,,52.54109833333333,12.892550333333332,,,,,,,,"id=154123 'Windpark Wustermark Eins Gmbh Co Kg' (Wind Onshore, 9.9 MW, 52.541°N 12.893°E) directly matches the Wustermark location under 50Hertz TSO."
redispatch_full,WP Wilstermarsch,85545.0,Ls,Wind,3.0,medium,claude,,,,,53.907303,9.266917,,,,,,,,"id=85545 'Ls' Wind Onshore (3.0 MW, 53.907°N 9.267°E) is located near Wilster/Wilstermarsch in Schleswig-Holstein; no candidate explicitly named Wilstermarsch exists, but this is the closest geographically."
redispatch_full,Waldeck 6,29.0,Waldeck,Hydro,555.0,high,claude,,,,,51.16743333333333,9.046336666666669,,,,,,,,Waldeck (id=29) is the well-known pumped storage hydro plant at 51.167°N 9.046°E; 'Waldeck 6' refers to block 6 of this facility.
redispatch_full,Waldeck 5,29.0,Waldeck,Hydro,555.0,high,claude,,,,,51.16743333333333,9.046336666666669,,,,,,,,Waldeck (id=29) pumped storage hydro plant at 51.167°N 9.046°E; 'Waldeck 5' refers to block 5 of the same Waldeck facility.
redispatch_full,GERSTEINW_G (KapRes),691.0,Gersteinwerk,Natural Gas,1388.0,high,claude,,,,,51.67324,7.710467,,,,,,,,Gersteinwerk (id=691) natural gas CCGT at 51.673°N 7.710°E matches 'GERSTEINW_G'; the '_G' suffix indicates the gas turbine unit of the Gersteinwerk.
redispatch_full,Grosskraftwerk Mannheim Block 7,1083.0,Grosskraftwerk Mannheim,Hard Coal,1983.0,high,claude,,,,,49.446975,8.492516,,,,,,,,"id=1083 'Grosskraftwerk Mannheim' (Hard Coal Steam Turbine, 1983 MW, 49.447°N 8.493°E) is an exact name match; Block 7 is one of the known hard coal blocks at this plant."
redispatch_full,illwerke vkw AG,82607.0,Kwk Anlage,Natural Gas,64.0,low,unresolvable,YES,,,,,,,,,,,,,"illwerke vkw AG is an Austrian utility company operating in Vorarlberg (Austria), not Germany. Non-German location outside PyPSA-EUR scope. No geographic referent that can be reliably geocoded as German infrastructure."
redispatch_full,WEISWEILERVGT_H3,258.0,Weissweiler,Lignite,1961.0,high,claude,,,,,50.837339,6.319244,,,,,,,,"Weisweiler/Weissweiler is a large lignite power plant by RWE near Aachen (50.837°N 6.319°E); id=258 'Weissweiler' (Lignite Steam Turbine, 1961 MW) matches the location and fuel type, with 'VGT_H3' being a block/unit designation within the Weisweiler complex."
redispatch_full,Kraftwerk Walheim GT D,1087.0,Walheim,Oil,136.0,high,claude,,,,,49.01598,9.15943,,,,,,,,"Walheim power plant at 49.016°N 9.159°E has an Oil OCGT unit (id=1087, 136 MW), and 'GT D' refers to a gas turbine block at Walheim, matching the OCGT candidate perfectly."
redispatch_full,50H Halle-Dieselstr HKW-BlockC,2776.0,Halle Trotha,Natural Gas,66.991,medium,claude,,,,,51.523806,11.943448,,,,,,,,"Halle Trotha (id=2776) is a Natural Gas CCGT plant (67 MW) located in Halle at 51.524°N 11.943°E; 'HKW-BlockC' refers to Block C of a Heizkraftwerk in Halle, and Halle Trotha is the only sizeable conventional plant in Halle among the candidates."
redispatch_full,Ahrensfelde A (KapRes),3316.0,Gtkw Ahrensfelde,Natural Gas,148.416,high,claude,,,,,52.580922,13.570582,,,,,,,,GTKW Ahrensfelde (id=3316) is a Natural Gas CCGT plant (148.4 MW) at 52.581°N 13.571°E near Berlin; 'Ahrensfelde A' refers to unit/block A of this gas turbine power plant designated as a capacity reserve (KapRes).
redispatch_full,Ahrensfelde B (KapRes),3316.0,Gtkw Ahrensfelde,Natural Gas,148.416,high,claude,,,,,52.580922,13.570582,,,,,,,,"Same GTKW Ahrensfelde plant (id=3316); 'Ahrensfelde B' is block B of the same multi-unit gas turbine plant held in capacity reserve, which is the only Ahrensfelde power plant in the candidate list."
redispatch_full,Ahrensfelde C (KapRes),3316.0,Gtkw Ahrensfelde,Natural Gas,148.416,high,claude,,,,,52.580922,13.570582,,,,,,,,Same GTKW Ahrensfelde plant (id=3316); 'Ahrensfelde C' is block C of the same multi-unit gas turbine plant held in capacity reserve.
redispatch_full,Ahrensfelde D (KapRes),3316.0,Gtkw Ahrensfelde,Natural Gas,148.416,high,claude,,,,,52.580922,13.570582,,,,,,,,Same GTKW Ahrensfelde plant (id=3316); 'Ahrensfelde D' is block D of the same multi-unit gas turbine plant held in capacity reserve.
redispatch_full,Netzreservekraftwerk KMW 2 DT,1522.0,Dt Kre,Natural Gas,25.714,medium,claude,,,,,51.338941,6.66368,,,,,,,,"KMW likely stands for Kraftwerk Mittelweser or a similar operator; 'DT' matches 'Dt Kre' (id=1522, Natural Gas Steam Turbine, 25.7 MW, Krefeld area) which is a network reserve steam turbine unit, making it the most plausible candidate among the 'DT'-labeled entries."
redispatch_full,GERSTEINW_K1 (KapRes),1283.0,Gersteinwerk,Hard Coal,665.5,high,claude,,,,,51.673532,7.720513,,,,,,,,"Gersteinwerk (id=1283) is a Hard Coal Steam Turbine plant (665.5 MW) at 51.674°N 7.721°E; 'K1' denotes block 1 of the Gersteinwerk held as capacity reserve, matching perfectly."
redispatch_full,OWP Nordergründe,94937.0,Owp Nordergrunde,Wind,110.70000000000002,high,claude,,,,,53.83530144444445,8.16830877777778,,,,,,,,"OWP Nordergründe (id=94937) is an offshore wind park (110.7 MW) at 53.835°N 8.168°E in the North Sea, directly matching the name and energy type."
redispatch_full,CHEMIEPARK_MARL_KRAFTWERKE,12318.0,Chemiepark Marl,Natural Gas,423.8,high,claude,,,,,51.6804,7.096900000000001,,,,,,,,"Chemiepark Marl (id=12318) is a Natural Gas CCGT plant (423.8 MW) at 51.680°N 7.097°E; together with id=1749 it forms the Chemiepark Marl power complex, and id=12318 represents the larger gas-fired portion of the Kraftwerke."
redispatch_full,NEURATH_F,272.0,Neurath,Lignite,4211.0,high,claude,,,,,51.037649,6.612286,,,,,,,,"Neurath (id=272) is the large RWE lignite power station (4211 MW) at 51.038°N 6.612°E; 'F' denotes block F (BoA 3), one of the modern lignite units at Neurath."
redispatch_full,Frankfurt West 3,65179.0,Fra Nea,Oil,196.124,medium,geocoded_match,,,50.1109,8.6821,,,yes,"SEE951007026442,SEE905782913367,SEE910344570407,SEE915971004004,SEE996412972434,SEE914855722713,SEE938921646253,SEE923413960160,SEE921961783002,SEE901780116243,SEE948719056034,SEE928713131654,SEE956020691066,SEE981585142838,SEE945555198973,SEE951153128731,SEE931595068345,SEE912896252657,SEE981263270136,SEE967788369296,SEE963174871046,SEE941845748934,SEE948926114091,SEE994646191058,SEE984521800526,SEE933519935788,SEE908061593274,SEE925222088608,SEE941794366692,SEE944368838984,SEE951117154585,SEE935427049137,SEE903096628182,SEE933788067869,SEE943774737225,SEE984744612814,SEE994156551441,SEE945255014689,SEE923858222731,SEE915364339119,SEE936310010968,SEE960512637012,SEE967407300099,SEE940480193086,SEE916452768545,SEE934073190767,SEE964130722426,SEE955476406903,SEE984712303386,SEE966751100034,SEE985331698921,SEE958743106551,SEE980311325163,SEE969171245743,SEE922235480054,SEE997080047813,SEE910268835842,SEE958824684817,SEE950274970915,SEE999091929997,SEE966634649834,SEE990606035462,SEE976361834618,SEE913571828358,SEE906176295700,SEE921404406031,SEE995939008497,SEE927527229328,SEE932552189691,SEE953299687738,SEE943782900628,SEE910437982698,SEE954386562396,SEE974503665465,SEE900829641708,SEE925085387801,SEE938363541918,SEE925034285080,SEE904125205701,SEE960597066820,SEE915234100375,SEE930191356849,SEE913694870401,SEE911813471591,SEE965015825225,SEE963730977458,SEE918695788908,SEE944102004415,SEE935818908326,SEE919108373773,SEE986900148946,SEE904421763226,SEE997497793013,SEE939228718766,SEE982296446000,SEE933765254237,SEE921344032703,SEE985553741269,SEE938758131946,SEE979248567739,SEE920618748258,SEE944094168560,SEE939875438031,SEE903619506850,SEE908396874888,SEE930257742067,SEE902903834310,SEE912281376098,SEE969321405256,SEE964299788912,SEE924862063433,SEE981882084671,SEE927742886269,SEE941945945356,SEE976443611915,SEE929498435364,SEE986439711741,SEE922238439141,SEE978383884572,SEE902259460898,SEE934890938795,SEE983582652198,SEE951349402768,SEE946252916358,SEE920972954401,SEE903242547756,SEE932537351426,SEE988191657626,SEE958450800483,SEE942544555496,SEE991276229564,SEE920428739569,SEE965389730545,SEE940247244686,SEE951221310563,SEE928768084974,SEE938506779536,SEE911716033872,SEE906478508607,SEE955790459425,SEE949819515889,SEE993689577409,SEE924906397036,SEE916471968063,SEE987057239044,SEE942168839378,SEE966465198532,SEE995863686785,SEE966650614694,SEE919791051453,SEE942929489644,SEE964305819890,SEE953567309317,SEE965256254198,SEE903979843091,SEE928699900473,SEE996892906813,SEE965067843789,SEE989578450236,SEE941478327940,SEE980077434802,SEE914057269146,SEE975726974341,SEE983429179789,SEE962867381213,SEE999799269913,SEE978449081235,SEE985930282781,SEE995191815253,SEE991101376722,SEE914409513958,SEE958650595189,SEE935765566921,SEE931983131552,SEE999234372321,SEE987226985505,SEE924571431059,SEE971374460571,SEE919250162904,SEE982439737286,SEE938569071202,SEE936157608892,SEE927642388375,SEE972720497364,SEE970623888371,SEE972943294306,SEE903789367961,SEE947341672346,SEE939930660810,SEE901062018487,SEE957417347009,SEE900382392642,SEE935503888889,SEE981182711758,SEE933922631758,SEE971050296944,SEE906081803540,SEE963338620138,SEE987560521346,SEE982157926597,SEE929988674907,SEE964561949447,SEE977422160233,SEE956194194974,SEE953271873357,SEE961457777849,SEE991421145688,SEE939888254406,SEE909284558392,SEE928712775828,SEE972322848823,SEE925660523846,SEE914185591799,SEE972127632887,SEE980400980181,SEE928818313580,SEE929046077343,SEE977351120001,SEE941818995167,SEE913887806491,SEE900759509017,SEE968530971941,SEE942351037178,SEE979262141120,SEE906787190876,SEE916343246923,SEE954984224689,SEE933297738816,SEE961558062059,SEE910962588099,SEE972567535502,SEE925151915075,SEE987248604996,SEE989769486990,SEE904975688143,SEE919561104747,SEE902102372255,SEE992565925471,SEE980727217359,SEE954258164697,SEE943161755047,SEE930303117207,SEE910005099018,SEE939595179979,SEE975334248391,SEE916071844736,SEE999263560768,SEE910933469983,SEE960712561926,SEE917697506237,SEE959695603716,SEE977142884167,SEE954366053432,SEE935818635598,SEE990005478990,SEE911667410746,SEE955796248016,SEE964401266338,SEE978257647982,SEE951717690858,SEE968810135575,SEE913636283191,SEE925057979805,SEE969444526517,SEE998844519003,SEE929935823082,SEE988068645374,SEE925213385389,SEE910997981797,SEE970959194979,SEE911418984991,SEE951465622606,SEE907329127343,SEE906647264273,SEE989183421300,SEE987938076430,SEE995380818966,SEE958413955328,SEE961337577262,SEE953000880045,SEE928935027520,SEE966110614615,SEE995167451324,SEE909827535293,SEE962964924931,SEE973296184559,SEE927969775445,SEE994325248967,SEE911966664345,SEE921502861305,SEE962584208084,SEE968791554600,SEE993874350466,SEE934949765037,SEE955734643347,SEE933690343983,SEE933694523732,SEE951592719743,SEE903593508864,SEE961321996604,SEE962648174218,SEE918807763403,SEE998395933969,SEE940238659321,SEE911638334408,SEE964154864959,SEE963008577083,SEE998766573459,SEE948645171078,SEE920254031448,SEE941617893404,SEE945587817835,SEE958153476374,SEE935499734993,SEE989712476337,SEE924378448434,SEE997214970772,SEE986940102861,SEE965099992431,SEE934061605181,SEE952071170185,SEE989069784772,SEE978277148254,SEE942227303390,SEE901397204500,SEE971951054544,SEE912868160157,SEE914819184786,SEE951306163367,SEE932941714022,SEE981899821900,SEE943590743967,SEE917147691704,SEE925474642474,SEE973462616426,SEE966187529843,SEE910955874697,SEE957022704044,SEE906978233672,SEE940950985883,SEE965141261799,SEE970657403168,SEE942761631249,SEE951579717632,SEE990415759795,SEE995097060818,SEE943987525831,SEE921113766532,SEE986966663070,SEE937940773353,SEE946971542272,SEE921995909379,SEE907918661388",624.16,353.0,3.1825,,,"Same coordinates (50.111°N 8.682°E) and same candidate pool as Frankfurt West 2 and 4. The large 'Fra Nea' aggregated emergency power system (id=65179, 196.1 MW) is the dominant conventional plant for this Frankfurt inner-city redispatch entry. The numbered suffix (3) indicates another sub-entry of the Frankfurt NEA complex."
redispatch_full,Walchensee 1,751.0,Walchenseekraftwerk,Hydro,124.0,high,claude,,,,,47.629628,11.33818,,,,,,,,Walchenseekraftwerk (id=751) is a Hydro Reservoir plant (124 MW) at 47.630°N 11.338°E in Bavaria; 'Walchensee 1' refers to unit/machine 1 of this historic hydropower station.
redispatch_full,Walchensee 4,751.0,Walchenseekraftwerk,Hydro,124.0,high,claude,,,,,47.629628,11.33818,,,,,,,,"Same Walchenseekraftwerk (id=751); 'Walchensee 4' refers to machine unit 4 of this multi-unit hydro reservoir plant, the only Walchensee candidate in the list."
redispatch_full,Silz 2 (Uniper),,,,,none,geocoded_unmatched,YES,,47.2667,10.7667,,,no,,,,,,,Geocoded to 'Silz' (47.27°N 10.77°E) but no matching individual plants within 30 km.
redispatch_full,Walchensee 3,751.0,Walchenseekraftwerk,Hydro,124.0,high,claude,,,,,47.629628,11.33818,,,,,,,,Same Walchenseekraftwerk (id=751); 'Walchensee 3' refers to machine unit 3 of this multi-unit hydro reservoir plant.
redispatch_full,Walchensee 2,751.0,Walchenseekraftwerk,Hydro,124.0,high,claude,,,,,47.629628,11.33818,,,,,,,,Same Walchenseekraftwerk (id=751); 'Walchensee 2' refers to machine unit 2 of this multi-unit hydro reservoir plant.
redispatch_full,Netzreservekraftwerk GTKW-DA-POOL,8636.0,Swd Kwf Gtkw,Oil,86.2,medium,claude,,,,,51.225419,6.815135,,,,,,,,"'GTKW' stands for Gasturbinenkraftwerk (gas turbine power plant) and 'DA' likely refers to Düsseldorf area; id=8636 'Swd Kwf Gtkw' is an Oil OCGT (86.2 MW) at 51.225°N 6.815°E in the Düsseldorf region, fitting a network-reserve gas turbine pool designation."
redispatch_full,Reservekraftwerk Marbach GT 3,3275.0,Marbach,Oil,735.9,high,claude,,,,,48.927387499999995,9.231165,,,,,,,,"Marbach is a known oil-fired gas turbine reserve power plant operated by TransnetBW near Stuttgart (48.927°N 9.231°E), matching the location and energy type perfectly."
redispatch_full,WEISWEILER_VGTG3,1167.0,Weissweiler,Natural Gas,400.0,high,claude,,,,,50.837339,6.319244,,,,,,,,"Weissweiler power plant has a natural gas steam turbine unit (id=1167, 400 MW) at 50.837°N 6.319°E; 'VGT' refers to the gas turbine unit at Weissweiler operated by RWE/E.ON, and the lignite plant id=258 covers the main lignite blocks while id=1167 covers the gas turbine capacity."
redispatch_full,Braunschweig HKWM GT31,8679.0,Bhkw Braunschweig,Natural Gas,10.4,medium,claude,,,,,52.295023,10.521684,,,,,,,,"The only Braunschweig-specific entry in the candidate list is 'Bhkw Braunschweig' (id=8679), a Natural Gas CCGT at 52.295°N 10.522°E, which corresponds to the Heizkraftwerk Mitte (HKWM) gas turbine unit in Braunschweig."
redispatch_full,KNAPSACK_20,722.0,Knapsack,Natural Gas,1326.0,high,claude,,,,,50.858679,6.845286,,,,,,,,"Knapsack (id=722) is a large 1326 MW natural gas CCGT plant at 50.859°N 6.845°E, directly matching the 'KNAPSACK' name in the redispatch entry."
redispatch_full,Heizkraftwerk Gaisburg Block 3,135744.0,Stuttgart Gaisburg Motor,Natural Gas,29.151000000000003,high,geocoded_match,,,48.7528,9.1892,,,yes,"SEE951185104239,SEE931830883528,SEE935695859605,SEE963513354681,SEE925122182345,SEE954662880756,SEE921645649471,SEE922794320792,SEE954282852959,SEE967614559624,SEE929107547648,SEE952977821099,SEE907870387845,SEE908480714809,SEE980819799756,SEE986374242492,SEE928542462752,SEE935225112583,SEE969062501507,SEE953235539855,SEE974615285285,SEE972346658903,SEE999051193727,SEE942485780315,SEE957879799385,SEE953458788238,SEE915425080783,SEE936290220524,SEE928418737977,SEE927520216974,SEE975416767734,SEE946361590579,SEE920996453409,SEE908502182135,SEE949140994964,SEE988763953392,SEE986354729517,SEE919498848738,SEE923181988601,SEE998716398026,SEE909424422835,SEE926572619030,SEE998349726135,SEE988899950654,SEE918048528168,SEE934756767385,SEE988264381373,SEE987079124441,SEE971173588261,SEE913058672481,SEE946959215525,SEE996107825618,SEE938248087548,SEE923601083091,SEE956136932398,SEE904014784720,SEE991303804511,SEE970109758761,SEE916843451636,SEE994422897143,SEE901871231831,SEE960507530304,SEE961687984079,SEE906061539261,SEE958016995417,SEE950155807668,SEE968823123705,SEE981054417863,SEE960563425354,SEE943536079778,SEE917315173247,SEE923411246891,SEE919854229683,SEE927376879118,SEE978854729494,SEE900449352718,SEE924051878442,SEE920860766932,SEE948434856674,SEE949808094296,SEE998973370865,SEE964620752070,SEE915093554128,SEE998959503621,SEE954670661668,SEE950680321417,SEE996615547163,SEE921062551647,SEE954445533466,SEE965748452972,SEE936800384616,SEE961762176467,SEE977980698773,SEE982889476582,SEE954404410913,SEE971676394802,SEE908527212428,SEE919640121757,SEE902533344753,SEE916778453811,SEE901266254681,SEE992794092500,SEE965310517436,SEE914327135249,SEE919701297896,SEE919961927809,SEE917759316576,SEE964968747981",85.762,108.0,2.942,,,"The entry 'Heizkraftwerk Gaisburg Block 3' refers to a CHP plant at 48.753°N 9.189°E in Stuttgart-Gaisburg. The candidate id=135744 'Stuttgart Gaisburg Motor' (Natural Gas Combustion Engine, 29.2 MW, 48.784°N 9.230°E) is the only large conventional gas engine candidate explicitly named 'Stuttgart Gaisburg', making it the clear best match for the Gaisburg Heizkraftwerk Block 3."
redispatch_full,GERSTEINW_GTF1 (KapRes),691.0,Gersteinwerk,Natural Gas,1388.0,high,claude,,,,,51.67324,7.710467,,,,,,,,"Gersteinwerk (id=691) is a 1388 MW natural gas CCGT plant at 51.673°N 7.710°E, directly matching 'GERSTEINW' in the redispatch name; 'GTF1' refers to a gas turbine unit within this plant."
redispatch_full,50H OWP Baltic 1+2,32078.0,Baltic,Wind,350.6999999999999,high,claude,,,,,54.904974653465345,13.056202386138612,,,,,,,,"Baltic (id=32078) is a 350.7 MW offshore wind farm at 54.905°N 13.056°E in the Baltic Sea, operated under 50Hertz, directly matching 'OWP Baltic 1+2' (offshore wind park Baltic 1 and 2)."
redispatch_full,Markersbach (Standort),95.0,Psw Markersbach Pss,Hydro,1045.1999999999998,high,claude,,,,,50.52,12.88,,,,,,,,"PSW Markersbach (id=95) is the 1045 MW pumped storage plant at 50.520°N 12.880°E, directly matching 'Markersbach' as the site/location (Standort) under 50Hertz."
redispatch_full,Emden 4 GT (KapRes),3305.0,Gud Emden,Natural Gas,52.0,high,claude,,,,,53.340524,7.210348,,,,,,,,"GUD Emden (id=3305) is a 52 MW natural gas CCGT plant at 53.341°N 7.210°E near Emden, making it the best match for 'Emden 4 GT' as a gas turbine capacity reserve unit."
redispatch_full,Goldisthal (Standort),10.0,Psw Goldisthal Pss,Hydro,1052.0,high,claude,,,,,50.51,11.01,,,,,,,,"PSW Goldisthal (id=10) is the 1052 MW pumped storage plant at 50.510°N 11.010°E, directly matching 'Goldisthal' as the site/location under 50Hertz."
redispatch_full,Pumpspeicherwerk Glems,182.0,Psw Glems,Hydro,90.0,high,claude,,,,,48.50519,9.28726,,,,,,,,"PSW Glems (id=182) is a 90 MW hydro pumped storage plant at 48.505°N 9.287°E, directly matching 'Pumpspeicherwerk Glems' under TransnetBW."
redispatch_full,Eltmann,3304.0,Eltmann,Natural Gas,75.185,high,claude,,,,,49.984,10.654,,,,,,,,"Eltmann (id=3304) is a 75.2 MW natural gas steam turbine plant at 49.984°N 10.654°E, directly matching the redispatch name 'Eltmann' under TenneT DE."
redispatch_full,Braunschweig DT,8679.0,Bhkw Braunschweig,Natural Gas,10.4,medium,claude,,,,,52.295023,10.521684,,,,,,,,The only Braunschweig-specific candidate is 'Bhkw Braunschweig' (id=8679) at 52.295°N 10.522°E; 'DT' likely refers to a district heating turbine unit at the Braunschweig combined heat and power plant.
redispatch_full,Braunschweig GT,2772.0,Nord Gt,Natural Gas,25.0,medium,claude,,,,,52.3056,10.5072,,,,,,,,"Nord GT (id=2772) is a 25 MW natural gas CCGT at 52.306°N 10.507°E in Braunschweig, which matches 'Braunschweig GT' as the gas turbine unit of the Braunschweig Nord power plant."
redispatch_full,Pumpspeicherwerk Säckingen RZ TNG,297.0,Sackingen,Hydro,429.0,high,claude,,,,,47.56207628571429,7.954524857142857,,,,,,,,"Sackingen (id=297) is a 429 MW hydro pumped storage plant at 47.562°N 7.955°E, directly matching 'Pumpspeicherwerk Säckingen' under TransnetBW."
redispatch_full,Hannover (GKH) 1,743.0,Gkh,Hard Coal,272.0,high,claude,,,,,52.420476,9.65067,,,,,,,,"GKH (id=743) is a 272 MW hard coal steam turbine plant at 52.420°N 9.651°E in Hannover, directly matching 'Hannover (GKH) 1'."
redispatch_full,KMW_KW5,,,,,none,unresolvable,YES,,,,,,,,,,,,,KMW_KW5 is an operator code with no geographic referent. KMW appears to be a generic facility identifier and does not indicate a specific German location.
redispatch_full,50H Parchim,44739.0,Bhkw Kwk Anlage,Natural Gas,0.999,high,geocoded_match,,,53.4269,11.7806,,,yes,"SEE909353124961,SEE928230599722,SEE932210830439,SEE936438519817,SEE996269704820,SEE998630324071,SEE960399887302,SEE931800613209",3.383,8.0,3.3864,,,"The entry '50H Parchim' is a conventional Konventionell plant at 53.427°N 11.781°E in Parchim, operated by 50Hertz. The candidates at 53.420°N 11.824°E — id=44739 (Bhkw Kwk Anlage, Natural Gas, 1.0 MW), id=82891 (Kwk Ziegendorfer Chaussee Modul, Natural Gas, 2.0 MW), id=50692 (Biomethan Anlage Bhkw, Biogas, 2.0 MW), and id=50694 (Biomethan Anlage Flex Bhkw, Biogas, 1.0 MW) — are co-located at the nearest urban Parchim facility (~4 km from listed coordinates), representing the main CHP/KWK complex of Stadtwerke Parchim. These are the most plausible matches for the 50H Parchim redispatch target."
redispatch_full,INFRA_HOE_GTX1,15693.0,Infraserv Hoechst,Natural Gas,419.1,high,claude,,,,,50.091838,8.531305,,,,,,,,"Infraserv Hoechst (id=15693) is a 419.1 MW natural gas steam turbine plant at 50.092°N 8.531°E; 'INFRA_HOE' clearly refers to Infraserv Höchst (Frankfurt-Höchst industrial park), and GTX1 refers to a gas turbine unit."
redispatch_full,Thyrow A (SysRel),3248.0,Gasturbinenkraftwerk Thyrow,Natural Gas,186.756,high,claude,,,,,52.230249,13.302107,,,,,,,,"Gasturbinenkraftwerk Thyrow (id=3248) is a 186.8 MW natural gas OCGT at 52.230°N 13.302°E, directly matching 'Thyrow A' as a gas turbine plant used for system reliability (SysRel)."
redispatch_full,Linden GKL GT 3,,MaStR aggregate near Arnsberg,Natural Gas,4.47,none,mastr_match,YES,,51.4144,8.0387,,,replaced,"SEE977908099538,SEE961613648761,SEE986975873002,SEE920494599364,SEE949915037605,SEE926153695750,SEE931585895203,SEE946712997828,SEE932578317115,SEE975374465673,SEE920860748327,SEE926964414151,SEE971199345206",4.47,13.0,,,7.449,"The name 'Linden GKL GT 3' refers to a gas turbine (GT) unit at a conventional power plant called Linden GKL. Located at 51.414°N 8.039°E near Arnsberg/NRW. None of the candidates match: the only gas turbine candidates (id=137883, id=137909) are Natural Gas Steam Turbines at 51.423°N 8.030°E with very low capacity (0.7 and 2.5 MW), unlikely to be a large conventional GT. No candidate clearly corresponds to a 'Linden GKL' facility with a gas turbine unit. Returning empty list."
redispatch_full,Thyrow B (SysRel),3248.0,Gasturbinenkraftwerk Thyrow,Natural Gas,186.756,high,claude,,,,,52.230249,13.302107,,,,,,,,"Gasturbinenkraftwerk Thyrow (id=3248) is an exact name match for the location Thyrow, a 186.8 MW Natural Gas OCGT operated by 50Hertz in Brandenburg."
redispatch_full,LEIPHEIM_10 (bnBm),3655.0,Bnbm Gaskraftwerk Leipheim,Natural Gas,310.0,high,claude,,,,,48.434778,10.23254,,,,,,,,"Id=3655 is explicitly named 'Bnbm Gaskraftwerk Leipheim', a 310 MW Natural Gas OCGT at 48.435°N 10.233°E — directly matching both the location (Leipheim) and operator abbreviation 'bnBm'."
redispatch_full,Kiel (Küstenkraftwerk gesamt),1084.0,Kustenkraftwerk Motor,Natural Gas,189.12,high,claude,,,,,54.340999999999994,10.179,,,,,,,,Id=1084 'Kustenkraftwerk Motor' is a 189.1 MW Natural Gas CCGT at 54.341°N 10.179°E in Kiel — directly matching 'Küstenkraftwerk' (coastal power plant) Kiel.
redispatch_full,ReserveKW Ingolstadt 3,8622.0,Ingolstadt,Oil,720.0,high,claude,,,,,48.761882,11.50246,,,,,,,,"Id=8622 'Ingolstadt' is a 720 MW Oil Steam Turbine at 48.762°N 11.502°E, which is the large conventional reserve power plant in Ingolstadt (Reservekraftwerk Ingolstadt)."
redispatch_full,Kühtai 2 (Uniper),,,,,none,geocoded_unmatched,YES,,47.25,11.3333,,,no,,,,,,,"Kühtai is a large pumped-storage hydro power plant in Austria (Tyrol) operated by Uniper, located at approximately 47.205°N 11.025°E. The given coordinates 47.250°N 11.333°E are in the Inn valley area but none of the candidates match a large pumped-storage facility associated with Kühtai. The candidates are all small run-of-river hydro, emergency generators, small BHKW, or solar units in the Mittenwald/Seefeld area. No plausible match."
redispatch_full,Reservekraftwerk Rheinhafen-Dampfkraftwerk Karlsruhe Block 7,314.0,Rheinhafen Dampfkraftwerk,Hard Coal,1351.0,high,claude,,,,,49.01274,8.304255000000001,,,,,,,,"Id=314 'Rheinhafen Dampfkraftwerk' is a 1351 MW Hard Coal Steam Turbine at 49.013°N 8.304°E in Karlsruhe — a direct match for the Rheinhafen-Dampfkraftwerk Karlsruhe (RDK), which includes Block 7."
redispatch_full,Robert Frank 4 GT (KapRes),21638.0,Robert Frank,Natural Gas,58.0,high,claude,,,,,52.54585,9.11363,,,,,,,,"Id=21638 'Robert Frank' is a 58 MW Natural Gas Steam Turbine at 52.546°N 9.114°E — a direct name match for the Robert Frank power plant, with GT block 4 being part of this facility."
redispatch_full,Reisach,,MaStR aggregate near Schongau,Hydro,50.587,high,mastr_match,,,47.7778,10.8906,,,replaced,"SEE950140538850,SEE988465448257,SEE960357727398,SEE964547669994,SEE911141860432,SEE997722783727,SEE938443144244,SEE934189010102,SEE907623234099,SEE929896845130,SEE988531591306,SEE916044649719,SEE960733948324,SEE987146503971,SEE991447237619,SEE932034678705,SEE966948910484",50.587,17.0,62.4531,,0.8099999999999999,"The name 'Reisach' is a locality near Schongau in Bavaria. The candidate id=123862 'Restwasserkraftwerk' (residual water hydro plant) is located at 47.782°N 10.878°E, which is very close to the entry coordinates (47.778°N 10.891°E, ~1 km). It is a hydro run-of-river plant and the energy type 'Sonstiges' (other/renewables) is consistent. This is the best and most geographically precise match."
redispatch_full,Zolling GT 1,6140.0,Zolling Gt,Oil,49.0,high,claude,,,,,48.455489,11.796122,,,,,,,,Id=6140 'Zolling Gt' is a 49 MW Oil OCGT at 48.455°N 11.796°E — a direct name and location match for the gas turbine at Kraftwerk Zolling.
redispatch_full,Braunschweig BHKW,8679.0,Bhkw Braunschweig,Natural Gas,10.4,high,claude,,,,,52.295023,10.521684,,,,,,,,Id=8679 'Bhkw Braunschweig' is a 10.4 MW Natural Gas CCGT at 52.295°N 10.522°E — a direct name match for a BHKW (CHP) plant in Braunschweig.
redispatch_full,Bremen GKB,3290.0,Bhkw Hastedt,Natural Gas,210.22996,medium,geocoded_match,,,53.0793,8.8017,,,yes,"SEE977172269798,SEE952047118593,SEE982558157699,SEE965594952473,SEE996565910796,SEE908249924593,SEE983252842065,SEE923412495311,SEE907356931388,SEE934372927361,SEE932437662240,SEE946799168432,SEE902301454530,SEE993810808631,SEE950194991281,SEE969713573495,SEE970821897946,SEE989496746206,SEE913354667648,SEE978779086283,SEE950243225749,SEE955081887289,SEE903287165731,SEE919314748167,SEE960039281002,SEE940226388202,SEE967517967144,SEE960142247162,SEE927820549208,SEE980129379501,SEE986456386021,SEE977050146562,SEE997706570718,SEE980968998024,SEE938109485483,SEE939419917459,SEE965867905335,SEE990572577669,SEE994072954180,SEE948130318049,SEE972922507168,SEE906392287978,SEE910929866741,SEE927787059284,SEE915137840866,SEE905751443291,SEE960175509510,SEE940200876787,SEE966202630769,SEE998984417467,SEE931121035629,SEE929246580575,SEE962765808843,SEE931045947961,SEE910691179933,SEE917578336526",147.485,56.0,0.7015,,,"GKB likely stands for 'Gemeinschaftskraftwerk Bremen' (Hastedt/Bremen power plant complex). The BHKW Hastedt (id=3290) is a large Natural Gas CCGT at 210.2 MW located at 53.059°N 8.875°E, which is associated with the Bremen Hastedt power plant site. 'Bremen GKB' most plausibly refers to the large gas-fired block at the GKB site. The Hastedt hard coal plant (id=729) is also at the same site but GKB is more associated with CCGT. Best single match is id=3290 as the dominant conventional unit at the GKB Bremen site."
redispatch_full,WP Schafflund,,MaStR aggregate near Holt,Wind,354.165,high,mastr_match,,,54.8056,9.1806,,,replaced,"SEE929174534817,SEE956698111323,SEE946253747821,SEE959851415849,SEE909955390917,SEE975894981660,SEE987337135202,SEE931462037757,SEE964919568696,SEE950748451346,SEE995228155079,SEE922371919517,SEE911402700293,SEE926610299972,SEE968106483434,SEE933540732219,SEE915382566863,SEE922384081799,SEE903571288023,SEE984005277554,SEE987581902728,SEE908986693257,SEE981752725741,SEE936960388783,SEE930396919290,SEE960236718097,SEE939229143994,SEE939121275373,SEE994140283068,SEE953575431727,SEE939041142922,SEE997908234555,SEE949738984766,SEE912883613010,SEE997941937222,SEE909053832494,SEE906905490697,SEE999350981629,SEE902617685123,SEE921869074875,SEE927420209687,SEE995165128044,SEE940806234424,SEE993234399883,SEE982091332980,SEE996384581405,SEE960277270912,SEE999824760149,SEE948892369488,SEE959153138453,SEE979430567837,SEE934626788212,SEE977501266337,SEE981003091724,SEE909487730670,SEE987929874144,SEE915468400623,SEE913143011607,SEE983755578447,SEE927196530770,SEE964885778709,SEE923173071472,SEE967689277089,SEE983915584677,SEE944143611641,SEE973653584350,SEE938693307321,SEE953994511338,SEE932323631336,SEE915408059164,SEE966124480428,SEE937351395823,SEE910528865084,SEE923582031159,SEE948062534777,SEE955399802110,SEE910281856107,SEE940330100967,SEE964218533982,SEE996557800579,SEE975946262853,SEE917162553612,SEE916874714540,SEE967791899629,SEE945084031000,SEE904613352566,SEE942037912843,SEE962467013057,SEE901841517132,SEE948309159855,SEE924459932876,SEE938995796946,SEE974046602446,SEE986306134093,SEE927037374495,SEE973260352847,SEE947831452687,SEE924568171760",354.165,98.0,22.3448,,15.85,"WP Schafflund = Windpark Schafflund. Candidate id=53809 'Burgerwindpark Schafflund Gmbh Co Kg' is a Wind Onshore plant at 54.781°N 9.136°E, directly named after Schafflund, matching the entry name and location (54.806°N 9.181°E, ~4 km). This is the clear name match."
redispatch_full,GERSTEINW_DTF2 (KapRes),8656.0,Dt,Natural Gas,49.21,medium,claude,,,,,51.6886345,7.084752,,,,,,,,"Gersteinwerk DTF2 refers to a district heating turbine unit at Gersteinwerk; id=8656 'Dt' is a 49.2 MW Natural Gas Steam Turbine at 51.689°N 7.085°E, very close to the Gersteinwerk coordinates (51.673°N 7.710°E), making it the best 'Dt' match near Gersteinwerk among candidates."
redispatch_full,Kirchlengern GT 1,3269.0,Kirchlengern,Natural Gas,83.0,high,claude,,,,,52.194951,8.648754,,,,,,,,Id=3269 'Kirchlengern' is an 83 MW Natural Gas OCGT at 52.195°N 8.649°E — a direct name and location match for the GT plant in Kirchlengern.
redispatch_full,Pumpspeicherwerk Wehr RZ TNG,110.0,Wehr Ms,Hydro,910.0,high,claude,,,,,47.652259,7.925798,,,,,,,,Id=110 'Wehr Ms' is a 910 MW Hydro Pumped Storage at 47.652°N 7.926°E — a direct match for the Pumpspeicherwerk Wehr in the Black Forest.
redispatch_full,Erzhausen 1,,MaStR aggregate near Langen (Hessen),Oil,7.007,low,mastr_match,YES,,49.9667,8.5833,,,replaced,"SEE972094577631,SEE918397490208,SEE962762371043,SEE991694051044,SEE989394726331",7.007,5.0,13.475,,0.52,"Erzhausen is a municipality at approximately 49.967°N 8.583°E in Hesse. No candidate is directly named 'Erzhausen'. The closest geographically are id=93219 'Notstromaggregat Mhe Morfelden Walldorf Hessenring' (Oil, 0.5 MW, 49.982°N 8.586°E) and id=93321 (Oil, 0.3 MW, same location). Since there are two entries (Erzhausen 1 and 2) and these two oil emergency generators are the closest candidates at ~1.7 km, id=93219 is assigned to Erzhausen 1 as the slightly larger unit."
redispatch_full,Erzhausen 2,,MaStR aggregate near Langen (Hessen),Oil,7.007,low,mastr_match,YES,,49.9667,8.5833,,,replaced,"SEE972094577631,SEE918397490208,SEE962762371043,SEE991694051044,SEE989394726331",7.007,5.0,26.5417,,0.264,"Same location as Erzhausen 1 (49.967°N 8.583°E). Given two Erzhausen entries and two nearby oil combustion engine candidates at 49.982°N 8.586°E, id=93321 'Notstromaggregat Vaupel Morfelden Walldorf Hessenring' (0.3 MW) is assigned to Erzhausen 2 as the second closest/smaller unit. Confidence is low as no candidate is directly named Erzhausen."
redispatch_full,BASF-GESAMTEINSPEISG,93567.0,Nsd,Oil,9.75,medium,geocoded_match,,,49.5519,8.4431,,,yes,"SEE915622244193,SEE987637685094,SEE906485446756,SEE996978453606,SEE916790688901,SEE902011821608,SEE952081093863,SEE941830461497,SEE922559384908,SEE920556442270,SEE943951366958,SEE967515836428,SEE932031362942,SEE987147495701,SEE981602904838,SEE902880391028,SEE923556447498,SEE984928747424,SEE949223816435,SEE982177266529,SEE952233937090,SEE942753333496,SEE963949809939,SEE986151857871,SEE959264852040,SEE978771022098,SEE913578486520,SEE917734547582,SEE901226268017,SEE928825072456,SEE923899857190,SEE977639538252,SEE951192677542,SEE909997468858,SEE927080354178,SEE981079206916,SEE924445781396,SEE980251593486",40.724,38.0,4.1768,,,"BASF is the large chemical company headquartered in Ludwigshafen. 'GESAMTEINSPEISUNG' (total feed-in) suggests this is an aggregated conventional feed-in entry for the BASF site. The coordinates 49.552°N 8.443°E are in Ludwigshafen/BASF area. The candidate id=93567 'Nsd' is an Oil Combustion Engine at 49.515°N 8.422°E with 9.8 MW capacity, which is the largest of the NSD (Notstromdiesel?) units clustered in the BASF Ludwigshafen site area. However, the BASF site is also near the large GUD plants (id=692, 2748, 70340 at 49.495°N 8.434°E - GKM site). Given that the coordinates point to 49.552°N 8.443°E which is closer to the BASF main gates, and the entry is labeled conventional, the NSD cluster represents BASF's own generation. id=93567 is the best single representative at 9.8 MW. Alternatively, BASF's total feed-in may encompass multiple NSD units, but as an individual entry the largest NSD is the best single match."
redispatch_full,Gebersdorf 1,58063.0,Dea,Natural Gas,0.24,low,geocoded_match,YES,,50.3833,12.9667,,,yes,"SEE995494105709,SEE954608511935,SEE925533259957,SEE979738464760,SEE951059319455",0.376,5.0,1.5667,,,"The entry is located at 50.383°N 12.967°E and is 'Konventionell'. The closest conventional candidate is id=58063 'Dea' (Natural Gas Combustion Engine, 0.2 MW) at 50.419°N 12.964°E, which is ~4 km away and is the only conventional (non-hydro, non-biogas) plant in close proximity matching the coordinates reasonably well. No candidate is at exactly the given coordinates, but this is the best match available."
redispatch_full,GERSTEINW_GTI1,691.0,Gersteinwerk,Natural Gas,1388.0,high,claude,,,,,51.67324,7.710467,,,,,,,,"GERSTEINW clearly refers to Gersteinwerk, and GTI1 indicates a gas turbine unit. id=691 is the Gersteinwerk Natural Gas CCGT at 51.673°N 7.710°E with 1388 MW, which is the gas turbine component of that plant complex."
redispatch_full,HUCKINGEN_B,720.0,Huckingen,Natural Gas,606.0,high,claude,,,,,51.371067,6.719111,,,,,,,,"HUCKINGEN_B clearly refers to the Huckingen plant (id=720), a 606 MW Natural Gas Steam Turbine at 51.371°N 6.719°E; 'B' denotes a block designation within that plant."
redispatch_full,GAMOR_ROEMER,1118.0,Hamborn,Natural Gas,385.9,medium,claude,,,,,51.49151700000001,6.742047,,,,,,,,"GAMOR likely refers to GAS-MOTOR or a plant in the Duisburg/Hamborn area; 'ROEMER' is a known block name at the Hamborn/Duisburg gas power station. id=1118 Hamborn is a 385.9 MW Natural Gas Steam Turbine at 51.492°N 6.742°E, fitting the Amprion (Ruhr area) context."
redispatch_full,HEIZKRAFTWERK_SAARBRÜCKEN,1145.0,Romerbrucke,Natural Gas,128.95,high,geocoded_match,,,49.2414,6.9912,,,yes,"SEE920097843956,SEE979779484642,SEE975188536989,SEE912150779999,SEE977465550251,SEE943297204990,SEE927282130440,SEE926756511129,SEE972740304864,SEE919731418322,SEE909878949957,SEE953640904705,SEE950895373805,SEE926919561282,SEE919965716423,SEE974732080442,SEE928369668139",225.586,17.0,1.7494,,,"The entry is named 'HEIZKRAFTWERK_SAARBRÜCKEN' (combined heat and power plant Saarbrücken), located at 49.241°N 6.991°E, Konventionell, Amprion TSO. The best match is id=1145 'Romerbrucke' (Natural Gas Steam Turbine, 128.9 MW) at 49.224°N 7.015°E, which is a large CHP plant in Saarbrücken. The nearby id=3261 'Gasmotorenkraftwerk Romerbrucke' (52.5 MW CCGT) is also at the same site but the primary large unit fits a 'Heizkraftwerk' label best. The Römerbrücke power station is the main heat and power plant in Saarbrücken."
redispatch_full,Braunschweig HKWN GT,2772.0,Nord Gt,Natural Gas,25.0,high,claude,,,,,52.3056,10.5072,,,,,,,,"Braunschweig HKWN GT refers to the Heizkraftwerk Nord gas turbine in Braunschweig; id=2772 'Nord Gt' is a 25 MW Natural Gas CCGT at 52.306°N 10.507°E, which matches Braunschweig Nord GT precisely."
redispatch_full,Erzhausen 4,,MaStR aggregate near Langen (Hessen),Oil,7.007,low,mastr_match,YES,,49.9667,8.5833,,,replaced,"SEE972094577631,SEE918397490208,SEE962762371043,SEE991694051044,SEE989394726331",7.007,5.0,13.475,,0.52,"The entry is located at 49.967°N 8.583°E, energy type 'Sonstiges'. The redispatch name 'Erzhausen 4' suggests a specific unit at Erzhausen. The closest candidates are id=93219 'Notstromaggregat Mhe Morfelden Walldorf Hessenring' (Oil, 0.5 MW) at 49.982°N 8.586°E and id=93321 (Oil, 0.3 MW) at the same location. These are the closest geographically (~1.7 km). Since 'Erzhausen 4' implies a numbered unit and there are two similar candidates at the same location, id=93219 (the slightly larger one) is selected for entry 4."
redispatch_full,Erzhausen 3,,MaStR aggregate near Langen (Hessen),Oil,7.007,low,mastr_match,YES,,49.9667,8.5833,,,replaced,"SEE972094577631,SEE918397490208,SEE962762371043,SEE991694051044,SEE989394726331",7.007,5.0,26.5417,,0.264,"Same location as Erzhausen 4 at 49.967°N 8.583°E. The two numbered entries 'Erzhausen 3' and 'Erzhausen 4' both point to the same coordinates with the two closely co-located oil combustion engine candidates at 49.982°N 8.586°E. id=93321 'Notstromaggregat Vaupel Morfelden Walldorf Hessenring' (Oil, 0.3 MW) is assigned to Erzhausen 3."
redispatch_full,Thyrow D (KapRes),3248.0,Gasturbinenkraftwerk Thyrow,Natural Gas,186.756,high,claude,,,,,52.230249,13.302107,,,,,,,,"Thyrow clearly refers to the Gasturbinenkraftwerk Thyrow (id=3248), a 186.8 MW Natural Gas OCGT at 52.230°N 13.302°E; 'D' is a unit designation within that plant."
redispatch_full,Thyrow E (KapRes),3248.0,Gasturbinenkraftwerk Thyrow,Natural Gas,186.756,high,claude,,,,,52.230249,13.302107,,,,,,,,Same plant — Gasturbinenkraftwerk Thyrow (id=3248); 'E' is another unit block of the same OCGT facility.
redispatch_full,Thyrow B (KapRes),3248.0,Gasturbinenkraftwerk Thyrow,Natural Gas,186.756,high,claude,,,,,52.230249,13.302107,,,,,,,,Same plant — Gasturbinenkraftwerk Thyrow (id=3248); 'B' is another unit block of the same OCGT facility.
redispatch_full,Thyrow C (KapRes),3248.0,Gasturbinenkraftwerk Thyrow,Natural Gas,186.756,high,claude,,,,,52.230249,13.302107,,,,,,,,Same plant — Gasturbinenkraftwerk Thyrow (id=3248); 'C' is another unit block of the same OCGT facility.
redispatch_full,INFRA_HOE_GTX3,15693.0,Infraserv Hoechst,Natural Gas,419.1,high,claude,,,,,50.091838,8.531305,,,,,,,,"INFRA_HOE refers to Infraserv Hoechst; GTX3 indicates a gas turbine unit. id=15693 is the Infraserv Hoechst Natural Gas Steam Turbine (419.1 MW) at 50.092°N 8.531°E, the large gas-based generation unit at that industrial site."
redispatch_full,KURATIV_VIANDEN_POOL,2024.0,Psw Vianden Luxembourg,Hydro,1291.0,high,geocoded_match,,,49.9344,6.2061,,,no,,,,,,,"The entry is located at 49.934°N 6.206°E, energy type 'Sonstiges', Amprion TSO. The name 'KURATIV_VIANDEN_POOL' strongly indicates the Vianden pumped storage plant (PSW Vianden), which is the large hydro pumped storage station on the Our river at the Luxembourg border. id=2024 'Psw Vianden Luxembourg' (Hydro Pumped Storage, 1291.0 MW) at 49.952°N 6.180°E is the clear match — it is the largest pumped storage facility in Europe at that location."
redispatch_full,Reservekraftwerk Rheinhafen-Dampfkraftwerk Karlsruhe Block 4,314.0,Rheinhafen Dampfkraftwerk,Hard Coal,1351.0,high,claude,,,,,49.01274,8.304255000000001,,,,,,,,"The name explicitly matches Rheinhafen Dampfkraftwerk Karlsruhe; id=314 is the 1351 MW Hard Coal Steam Turbine at 49.013°N 8.304°E, and Block 4 is one of the hard coal units of that plant."
redispatch_full,Braunschweig HKWM DT42,8679.0,Bhkw Braunschweig,Natural Gas,10.4,medium,claude,,,,,52.295023,10.521684,,,,,,,,"Braunschweig HKWM refers to Heizkraftwerk Mitte in Braunschweig; id=8679 'Bhkw Braunschweig' is a 10.4 MW Natural Gas CCGT at 52.295°N 10.522°E, the closest matching Braunschweig gas plant in the candidate list."
redispatch_full,GERSTEINW_GTG1 (KapRes),691.0,Gersteinwerk,Natural Gas,1388.0,high,claude,,,,,51.67324,7.710467,,,,,,,,"GERSTEINW_GTG1 again refers to Gersteinwerk gas turbine unit G1; id=691 is the Gersteinwerk Natural Gas CCGT (1388 MW) at 51.673°N 7.710°E, the gas turbine plant at that site."
redispatch_full,Zolling GT 2,6140.0,Zolling Gt,Oil,49.0,high,claude,,,,,48.455489,11.796122,,,,,,,,"Zolling GT refers to the oil-fired OCGT at the Zolling power plant site; id=6140 'Zolling Gt' is a 49 MW Oil OCGT at 48.455°N 11.796°E, exactly matching the location and fuel type."
redispatch_full,UW Diele,138696.0,Uw,Wind,2.35,medium,claude,,,,,53.636941,7.502316,,,,,,,,"UW Diele refers to a substation (Umspannwerk) named Diele in the TenneT area (near the coast, Emsland); id=138696 'Uw' is a 2.4 MW Wind Onshore at 53.637°N 7.502°E, geographically consistent with the Diele substation area near the Ems estuary."
redispatch_full,UW Büttel,54191.0,Buttel,Wind,25.0,medium,claude,,,,,53.9128284,9.2282964,,,,,,,,"UW Büttel refers to the Büttel substation area in Schleswig-Holstein; id=54191 'Buttel' is a 25 MW Wind Onshore at 53.913°N 9.228°E, matching the Büttel location and renewable energy type."
redispatch_full,UW Emden-Ost,146334.0,Windpark Emden,Wind,1.2,medium,claude,,,,,52.2296725,11.2649725,,,,,,,,"UW Emden-Ost refers to the Emden-Ost substation area; id=146334 'Windpark Emden' is a Wind Onshore plant at 52.230°N 11.265°E, the only candidate explicitly named 'Emden' in the list, fitting the renewable/wind context."
redispatch_full,UW Dörpen-West,138696.0,Uw,Wind,2.35,medium,claude,,,,,53.636941,7.502316,,,,,,,,"The redispatch name refers to an Umspannwerk (UW) in Dörpen-West, a location in Lower Saxony near 53.6°N 7.5°E. Candidate id=138696 'Uw' is a Wind Onshore plant at 53.637°N 7.502°E, matching the location of Dörpen-West precisely."
redispatch_full,Obernburg,3317.0,Sammelschienen Gas Und Dampfturbinen,Natural Gas,112.719,high,geocoded_match,,,49.8489,9.1308,,,yes,"SEE932715303360,SEE919296928137,SEE993019642364,SEE978624322443",117.591,4.0,1.0432,,,"The entry 'Obernburg' is located at 49.849°N 9.131°E, Konventionell, TenneT DE. The best match is id=3317 'Sammelschienen Gas Und Dampfturbinen' (Natural Gas CCGT, 112.7 MW) at 49.828°N 9.152°E, which is a large conventional gas power plant near Obernburg am Main. This is the dominant conventional plant in the area and matches both the location (~2.6 km) and energy type."
redispatch_full,50H BASF Schwarzheide,3243.0,Schwarzheide,Natural Gas,129.295,high,claude,,,,,51.478138,13.889436,,,,,,,,"BASF operates a large industrial CCGT power plant in Schwarzheide, Brandenburg. Candidate id=3243 'Schwarzheide' is a Natural Gas CCGT of 129.3 MW at 51.478°N 13.889°E, which matches exactly."
redispatch_full,Netzreservekraftwerk UPM Schongau,3216.0,Gaskraftwerk Upm Augsburg,Natural Gas,29.5,high,claude,,,,,48.379336,10.899984,,,,,,,,"UPM is a paper company with a gas-fired industrial power plant; candidate id=3216 'Gaskraftwerk Upm Augsburg' is a Natural Gas Steam Turbine of 29.5 MW near Augsburg, consistent with UPM's operations in Bavaria (Schongau is also in Bavaria, and the plant may be registered under the Augsburg name)."
redispatch_full,WP Neudersum,150462.0,Windpark Neudersum,Wind,71.6,high,claude,,,,,52.9776709,7.213945799999999,,,,,,,,"Candidate id=150462 'Windpark Neudersum' is a Wind Onshore plant of 71.6 MW at 52.978°N 7.214°E, which is an exact name match for 'WP Neudersum' (WP = Windpark)."
redispatch_full,WP_GREVENBROICH,158549.0,Wp Grevenbroich,Wind,17.1,high,claude,,,,,51.058800999999995,6.540425666666667,,,,,,,,"Candidate id=158549 'Wp Grevenbroich' is the best match as it directly uses 'Wp Grevenbroich' (17.1 MW Wind Onshore at 51.059°N 6.540°E), matching both the name and location of the Grevenbroich wind park."
redispatch_full,HATTINGEN_AIRPRODUCTS(KapRes),,MaStR aggregate near Hattingen,Wind,30.189,none,mastr_match,YES,,51.3933,7.2213,,,replaced,"SEE959811682144,SEE937798544587,SEE918482284583,SEE987957532573,SEE950423334247,SEE987898525993,SEE964397984292,SEE960200324446,SEE912032953042,SEE933700576738,SEE925438812417,SEE932317649996,SEE964540530789,SEE937684827114,SEE902384137818,SEE903366781777,SEE938172542588,SEE925784062382,SEE995572651203,SEE913022657711,SEE918324728244,SEE974615424486,SEE981998915401,SEE930514579450,SEE943168209864,SEE937540453709,SEE903123699062,SEE935898344977,SEE945335858646,SEE935864599882,SEE969357787524,SEE906338168750,SEE936152047641,SEE978736137850,SEE988957260541,SEE975149577730,SEE913939572909,SEE950226419905,SEE950560210831,SEE912577161636,SEE946313316998,SEE988872978118,SEE974670824375,SEE959365056842,SEE908215146226,SEE938290843369,SEE944137237840,SEE966312951785,SEE978857945938,SEE915907734357,SEE998929720799,SEE902781751235,SEE935532486261,SEE985556934590,SEE916077500995,SEE990238979448,SEE942816344742,SEE917817156205,SEE900041069397,SEE935961870280,SEE994628306241,SEE935894792598,SEE963284636948,SEE912878818864,SEE992904303311,SEE914309603988,SEE946773302333,SEE962707521687,SEE925009946381,SEE968567043093,SEE916154206154,SEE935130785155,SEE976199290501,SEE927554595670,SEE941689512548,SEE967620224585,SEE991103954553,SEE951662296419,SEE916574946081,SEE968507348509,SEE944713010331,SEE984320045661,SEE990205095188,SEE949937794357,SEE992832783315,SEE958735387746,SEE924769452064,SEE936700212514,SEE972404534422,SEE970557861495,SEE985957247244,SEE943574888349,SEE957536287743,SEE979556273179,SEE947989354819,SEE965219621593,SEE911378351659,SEE910857757739,SEE973958496730,SEE954284436430,SEE922793252438,SEE953712553527,SEE991432395652,SEE975402753154,SEE980560264701,SEE925366280852,SEE957124618911,SEE985931270015,SEE961580248995,SEE919104648417,SEE934698314302,SEE977903159831,SEE957558557664,SEE920858932271,SEE930761609764,SEE988800733406,SEE913990936894,SEE997125852471,SEE981409441703,SEE963064093091,SEE950765673448,SEE900323380820,SEE944712782376,SEE969516719700,SEE927000186681,SEE969531732401,SEE933275270048,SEE936335403424,SEE937398200845,SEE943709848002,SEE979644748206,SEE973618607339,SEE942312207862,SEE966739536046,SEE937764169745,SEE964079193042,SEE933210890034",30.189,137.0,,,,"The entry is located at 51.393°N 7.221°E, energy type 'Sonstiges', Amprion TSO. The name suggests an Air Products industrial facility in Hattingen (likely a hydrogen/industrial gas plant using capacity reserve). None of the listed candidates match an 'Air Products' industrial plant. The closest candidates are small biogas, hydro, or gas engine units without any apparent link to Air Products. No plausible match found in the candidate list."
redispatch_full,OWP Veja Mate AC105 (kurativ),95076.0,Owp Veja Mate,Wind,422.1,high,claude,,,,,54.318555477611945,5.874748507462687,,,,,,,,"The redispatch name explicitly refers to the offshore wind park 'Veja Mate'; candidate id=95076 'Owp Veja Mate' is a 422.1 MW Wind Offshore plant at 54.319°N 5.875°E, which is the exact match."
redispatch_full,OWP Albatros AC151 (kurativ),144045.0,Windpark Albatros,Wind,117.6,high,claude,,,,,54.4871886875,6.24371,,,,,,,,"Candidate id=144045 'Windpark Albatros' is a 117.6 MW Wind Offshore plant at 54.487°N 6.244°E, which directly matches the offshore wind park 'Albatros' referenced in the redispatch name."
redispatch_full,OWP Deutsche Bucht AC152 (kurativ),58458.0,Deutsche Bucht,Wind,260.40000000000003,high,claude,,,,,54.30371951612902,5.78957629032258,,,,,,,,"Candidate id=58458 'Deutsche Bucht' is a 260.4 MW Wind Offshore plant at 54.304°N 5.790°E, which is an exact name match for the offshore wind park 'Deutsche Bucht'."
redispatch_full,OWP Deutsche Bucht AC153 (kurativ),58458.0,Deutsche Bucht,Wind,260.40000000000003,high,claude,,,,,54.30371951612902,5.78957629032258,,,,,,,,"Same offshore wind park 'Deutsche Bucht' as AC152; candidate id=58458 'Deutsche Bucht' is the only matching entry in the candidate list (260.4 MW Wind Offshore), with the AC number denoting a different AC cable/connection."
redispatch_full,OWP Veja Mate AC104 (kurativ),95076.0,Owp Veja Mate,Wind,422.1,high,claude,,,,,54.318555477611945,5.874748507462687,,,,,,,,"Same offshore wind park 'Veja Mate' as AC105; candidate id=95076 'Owp Veja Mate' (422.1 MW Wind Offshore) is the exact match, with AC104 referring to a different AC cable/connection of the same park."
redispatch_full,OWP BARD Offshore 1 AC102 (kurativ),32301.0,Bard Offshore Malo,Wind,440.0,high,claude,,,,,54.356897425,5.982390837500001,,,,,,,,Candidate id=32301 'Bard Offshore Malo' is a 440 MW Wind Offshore plant that corresponds to the BARD Offshore 1 wind farm; the AC102 suffix denotes a specific cable connection.
redispatch_full,OWP BARD Offshore 1 AC103 (kurativ),32301.0,Bard Offshore Malo,Wind,440.0,high,claude,,,,,54.356897425,5.982390837500001,,,,,,,,"Same BARD Offshore 1 wind park as AC102; candidate id=32301 'Bard Offshore Malo' (440 MW Wind Offshore) is the only matching entry, with AC103 referring to a different AC cable connection."
redispatch_full,Würzburg GT 2,,MaStR aggregate near Würzburg,Natural Gas,159.74,medium,mastr_match,,,49.7927,9.9514,,,replaced,"SEE961583124395,SEE988748706227,SEE990957619717,SEE981653123028,SEE957066887666,SEE977410748290,SEE967787754338,SEE924221085984,SEE954268214894,SEE973103027697,SEE909034623066,SEE967844487346,SEE972526098451,SEE944095305490,SEE910471578864,SEE930156160856,SEE964507449499,SEE985025905571,SEE903393253575,SEE922818022121,SEE904081721413,SEE926624395592,SEE911922996039,SEE969940198355,SEE941222100768,SEE933153902726,SEE986332490118,SEE943143388645,SEE994055148599,SEE976186753026,SEE970362464201,SEE966077218451,SEE988508679013,SEE986685508065,SEE911999260972",159.74,35.0,57.05,,2.8,"The entry 'Würzburg GT 2' (GT = Gasturbine, unit 2) is located at 49.793°N 9.951°E, Konventionell, TenneT DE. The best match is id=66858 'Gasturbine' (Natural Gas CCGT, 2.8 MW) at 49.801°N 9.954°E, which is a gas turbine at ~1 km distance. While the larger plants id=70399 'Gudi' (149.5 MW) and id=5069 'Friedensbrucke' (142.0 MW) exist in Würzburg, they are ~2.7 km away at 49.800-801°N 9.923-924°E and represent different stations. The 'Gasturbine' candidate directly matches the GT designation and is closest to the given coordinates."
redispatch_full,HUCKINGEN_A,720.0,Huckingen,Natural Gas,606.0,high,claude,,,,,51.371067,6.719111,,,,,,,,"Candidate id=720 'Huckingen' is a Natural Gas Steam Turbine of 606 MW at 51.371°N 6.719°E, which directly matches the Huckingen industrial power plant (formerly ThyssenKrupp steelworks, Duisburg-Huckingen); '_A' denotes block/unit A."
redispatch_full,HKW_ROEMER_KW,,,,,none,unresolvable,YES,,,,,,,,,,,,,"HKW_ROEMER_KW appears to be an operator/facility code (HKW = Heizkraftwerk, KW = Kraftwerk) with cryptic designation. While 'ROEMER' might suggest a location, it is not a recognized German place name and lacks sufficient geographic referent."
redispatch_full,50H EnviaTherm Bitterfeld GuD,3320.0,Gud Bitterfeld,Natural Gas,108.0,high,claude,,,,,51.62902,12.304538,,,,,,,,"Candidate id=3320 'Gud Bitterfeld' is a Natural Gas CCGT of 108 MW at 51.629°N 12.305°E, which directly matches the EnviaTherm GuD plant in Bitterfeld operated under the 50Hertz grid."
redispatch_full,Würzburg GT 1,,MaStR aggregate near Würzburg,Natural Gas,159.74,medium,mastr_match,,,49.7927,9.9514,,,replaced,"SEE961583124395,SEE988748706227,SEE990957619717,SEE981653123028,SEE957066887666,SEE977410748290,SEE967787754338,SEE924221085984,SEE954268214894,SEE973103027697,SEE909034623066,SEE967844487346,SEE972526098451,SEE944095305490,SEE910471578864,SEE930156160856,SEE964507449499,SEE985025905571,SEE903393253575,SEE922818022121,SEE904081721413,SEE926624395592,SEE911922996039,SEE969940198355,SEE941222100768,SEE933153902726,SEE986332490118,SEE943143388645,SEE994055148599,SEE976186753026,SEE970362464201,SEE966077218451,SEE988508679013,SEE986685508065,SEE911999260972",159.74,35.0,57.05,,2.8,"The entry is named 'Würzburg GT 1' (GT = gas turbine / Gasturbine), Konventionell, at 49.793°N 9.951°E. The closest and most name-matching candidate is id=66858 'Gasturbine' (Natural Gas CCGT, 2.8 MW) at 49.801°N 9.954°E — only ~1 km away and explicitly named 'Gasturbine'. All other candidates are oil emergency generators (Notstrom), small BHKWs, or large steam turbines (Friedensbrücke, Gudi) that do not match 'GT 1'. The coordinates are the closest gas turbine unit in the list."
redispatch_full,Heizkraftwerk Altbach/Deizisau GT B,27867.0,Altbach Deizisau,Natural Gas,248.0,high,claude,,,,,48.71778225,9.37267225,,,,,,,,"Candidate id=27867 'Altbach Deizisau' is a Natural Gas OCGT of 248 MW at 48.718°N 9.373°E, which matches the gas turbine (GT) unit at the Altbach/Deizisau Heizkraftwerk; 'GT B' denotes the B gas turbine unit."
redispatch_full,Heizkraftwerk Altbach/Deizisau GT C,27867.0,Altbach Deizisau,Natural Gas,248.0,high,claude,,,,,48.71778225,9.37267225,,,,,,,,"The redispatch name refers to the gas turbine (GT) unit at Altbach/Deizisau HKW. id=27867 'Altbach Deizisau' is a Natural Gas OCGT at the correct location (48.718°N 9.373°E), matching the GT designation and fuel type."
redispatch_full,Silz 1 (Uniper),,MaStR aggregate near Ansbach,Solar,0.05,none,mastr_match,YES,,47.3133,10.5083,,,replaced,SEE957404087031,0.05,1.0,,,,"Silz is a pumped-storage hydropower plant in the Austrian Inn valley (Tyrol), operated jointly by Uniper and TIWAG. The coordinates 47.313°N 10.508°E point to the Austrian border area near Reutte/Zugspitze. None of the candidates in the list correspond to the Silz power plant — they are small run-of-river, reservoir, PV, or wind plants in the Oberstdorf/Sonthofen region, none of which match Silz (Uniper) in name, operator, location, or capacity. No plausible match."
redispatch_full,Burghausen,136940.0,Thermisches Burghausen,Natural Gas,233.9,high,claude,,,,,48.18104475,12.8473455,,,,,,,,"id=136940 'Thermisches Burghausen' is a Natural Gas Steam Turbine at 48.181°N 12.847°E, directly matching the well-known Burghausen industrial/thermal power plant site in Bavaria."
redispatch_full,"Heizkraftwerk Stuttgart-Münster GT 16,17,18",8590.0,Stuttgart Munster,Oil,70.0,high,claude,,,,,48.81348,9.21823,,,,,,,,"The GT designation points to the gas turbine units at Stuttgart-Münster HKW; id=8590 'Stuttgart Munster' is an Oil OCGT at the correct location (48.813°N 9.218°E), consistent with peaking GT blocks 16/17/18."
redispatch_full,50H Bernburg,3318.0,Solvay Bernburg Industriekraftwerk,Natural Gas,143.7,high,claude,,,,,51.802473666666664,11.751461,,,,,,,,"id=3318 'Solvay Bernburg Industriekraftwerk' is a Natural Gas CCGT at 51.802°N 11.751°E, directly matching the known Bernburg industrial power plant instructed by 50Hertz."
redispatch_full,BATTERIESPEICHER_NEURATH,4707.0,Batteriespeicher Neurath,Battery,80.0,high,claude,,,,,51.037649,6.612286,,,,,,,,"id=4707 'Batteriespeicher Neurath' is an 80 MW Li battery at 51.038°N 6.612°E, an exact name and location match to the battery storage at the Neurath power plant site."
redispatch_full,50H Chemnitz,3298.0,Motor Chemnitz Nord,Natural Gas,87.766,medium,claude,,,,,50.854711,12.919515,,,,,,,,"id=3298 'Motor Chemnitz Nord' is a Natural Gas CCGT (87.8 MW) at 50.855°N 12.920°E, the most significant conventional dispatchable plant in Chemnitz; id=4949 'Motor Chemnitz Sud' is also plausible but Nord is the larger and more commonly referenced unit."
redispatch_full,50H Halle-Dieselstr HKW-BlockB,2776.0,Halle Trotha,Natural Gas,66.991,medium,claude,,,,,51.523806,11.943448,,,,,,,,"id=2776 'Halle Trotha' is a Natural Gas CCGT (67 MW) at 51.524°N 11.943°E, which is the main conventional HKW in Halle operated under 50Hertz; no candidate explicitly names Dieselstraße but Halle Trotha is the closest match for a block-level HKW in Halle."
redispatch_full,50H Bad Salzungen HKW,8689.0,Bad Salzungen,Natural Gas,19.832,high,claude,,,,,50.800018,10.221047,,,,,,,,"id=8689 'Bad Salzungen' is a Natural Gas CCGT (19.8 MW) at 50.800°N 10.221°E, a direct name match for the HKW in Bad Salzungen dispatched by 50Hertz."
redispatch_full,OWP Borkum Riffgrund 3 Test,51682.0,Borkum Riffgrund,Wind,1750.85,high,claude,,,,,53.99370087557604,6.402609059907834,,,,,,,,"id=51682 'Borkum Riffgrund' is a Wind Offshore plant (1750.8 MW) at 53.994°N 6.403°E, directly matching the Borkum Riffgrund offshore wind park family; 'Test' likely denotes a test entry for BRG3."
redispatch_full,Heizkraftwerk Altbach/Deizisau GT A,27867.0,Altbach Deizisau,Natural Gas,248.0,high,claude,,,,,48.71778225,9.37267225,,,,,,,,"Same plant complex as GT C; id=27867 'Altbach Deizisau' Natural Gas OCGT at 48.718°N 9.373°E covers all GT units (A, B, C) at the Altbach/Deizisau HKW site as a single database entry."
redispatch_full,Lippendorf,313.0,Lippendorf,Lignite,1782.0,high,claude,,,,,51.1769265,12.376704,,,,,,,,"id=313 'Lippendorf' is a Lignite Steam Turbine (1782 MW) at 51.177°N 12.377°E, an exact name match for the well-known Lippendorf lignite power station."
redispatch_full,Hohenwarte 2 (Standort),96.0,Psw Hohenwarte Pss,Hydro,377.4,high,claude,,,,,50.602,11.474,,,,,,,,"id=96 'Psw Hohenwarte Pss' is a Hydro Pumped Storage (377.4 MW) at 50.602°N 11.474°E, matching the Hohenwarte pumped-storage complex on the Saale; 'Standort' indicates site-level aggregation."
redispatch_full,Silz 2 (TIWAG),,MaStR aggregate near Ansbach,Solar,0.05,none,mastr_match,YES,,47.3133,10.5083,,,replaced,SEE957404087031,0.05,1.0,,,,"Same reasoning as Silz 1: Silz is a large Austrian pumped-storage plant (TIWAG co-owned) located in the Ötztal/Inn valley area of Tyrol, Austria. The candidate list contains only small German hydro, PV, and wind plants near Oberstdorf — none match the Silz (TIWAG) plant in name, operator, capacity, or location. No plausible match."
redispatch_full,Pumpspeicherwerk Schluchseegruppe Häusern/Waldshut/Witznau RZ TNG,181.0,Hausern Ms,Hydro,120.0,medium,claude,,,,,47.755234,8.187048,,,,,,,,"The Schluchsee group comprises Häusern (id=181), Waldshut (id=263), and Witznau (id=296); as a grouped entry id=181 'Hausern Ms' (120 MW PSW) is selected as the primary representative, though all three stations are part of this complex."
redispatch_full,Audorf,1524.0,Gasturbinenkraftwerk Audorf,Oil,90.0,high,claude,,,,,54.29068,9.72286,,,,,,,,"id=1524 'Gasturbinenkraftwerk Audorf' is an Oil OCGT (90 MW) at 54.291°N 9.723°E, an exact name match for the Audorf gas turbine plant in Schleswig-Holstein."
redispatch_full,Niederrad 1,18296.0,Mainova West,Natural Gas,211.5,medium,geocoded_match,,,50.1056,8.6797,,,yes,"SEE994429144455,SEE971867565370,SEE957769851605,SEE981465693214,SEE993697761470,SEE992003127597,SEE919196384279,SEE911682787083,SEE916806895033,SEE971850770743,SEE976620239024,SEE941447502910,SEE982577727279,SEE970017547389,SEE978398439637,SEE963287489978,SEE956060856128,SEE900970189128,SEE942097487275,SEE963776699550,SEE920942061467,SEE951347375835,SEE925310449236,SEE985372441050,SEE988294069371,SEE953354147924,SEE926766304520,SEE978972387682,SEE979015345911,SEE930218582404,SEE926776872484,SEE998579355198,SEE947113016804,SEE974886067474,SEE916058246362,SEE940914520280,SEE960425872586,SEE950899622954,SEE958997573352,SEE901517471249,SEE936403521609,SEE911759790473,SEE977941788222,SEE961794277644,SEE939995402318,SEE901431766230,SEE920367110061,SEE957295028281,SEE971601391074,SEE906090279558,SEE972712740942,SEE915370136603,SEE979499169355,SEE913698182326,SEE909727858959,SEE955942702003,SEE966809328496,SEE962506577588,SEE918581644721,SEE952015958190,SEE920007290375,SEE968442488636,SEE961583066657,SEE917091682612,SEE988970731202,SEE973558674446,SEE998410100536,SEE960381169874,SEE946705600124,SEE975558772085,SEE987004535915",238.135,71.0,1.1259,,,"Niederrad is a district of Frankfurt on the Main's south bank, home to the Mainova West (Niederrad) power station at 50.099°N 8.656°E. The redispatch entry at 50.106°N 8.680°E is Konventionell under TenneT DE. Mainova West (id=18296, Natural Gas Steam Turbine, 211.5 MW) is the largest conventional plant near Frankfurt Niederrad and is operated by Mainova. The Fra Nea (id=65179, 196.1 MW Oil) is an emergency generator cluster, not a grid-scale power plant. Mainova West is the most plausible match for a redispatch-relevant conventional unit named 'Niederrad 1'."
redispatch_full,50H PV Bartow,,MaStR aggregate near Strasburg (Uckermark),Solar,54.46,medium,mastr_match,,,53.5082,13.6833,,,replaced,"SEE986566592985,SEE941198320955,SEE987084474319,SEE950604580470,SEE925212014686,SEE906019065392,SEE930288889618,SEE923061857423,SEE925098916906,SEE991029706656,SEE944356783784,SEE965108037665,SEE968032552624,SEE915306034010,SEE984762887058,SEE981615894188,SEE946842499346,SEE928308125310,SEE994492784022,SEE952033795098,SEE901609750887,SEE936254919136,SEE941550505877,SEE972462731511,SEE946493214176,SEE909429022511,SEE961991055809,SEE960597356761,SEE996598533641,SEE926623246734,SEE991766906050,SEE973639344923,SEE902239537169,SEE972946970009,SEE979197375263,SEE985890446674,SEE963264591397,SEE950815683816,SEE948169621349,SEE938200639976,SEE936954798956,SEE916159556544,SEE947991099920,SEE945295211031,SEE934252638196,SEE937208638806,SEE923320390012,SEE905616147913,SEE927679616311,SEE926340315232",54.46,50.0,35.3635,,1.54,"Bartow is a village near Strasburg (Uckermark), Brandenburg. The entry is a solar PV plant under 50Hertz at 53.508°N 13.683°E. Candidate id=100708 'Pv Anlage' (Solar PV, 1.5 MW) at 53.538°N 13.653°E is the closest solar PV candidate to the stated coordinates and plausibly located near Bartow. The other larger PV plants (e.g., id=3911 'Pv Strasburg Exergy' 7.8 MW at 53.510°N 13.760°E, id=3994 'Pva Helpt' 7.6 MW at 53.513°N 13.601°E) are located in different village directions. Id=100708 is the closest spatial match to 53.508°N 13.683°E."
redispatch_full,HKW Aalen,4987.0,Aalen,Natural Gas,93.302,high,claude,,,,,48.823728,10.116537,,,,,,,,"id=4987 'Aalen' is a Natural Gas CCGT (93.3 MW) at 48.824°N 10.117°E, a direct name and location match for the HKW (Heizkraftwerk) in Aalen, Baden-Württemberg."
redispatch_full,Tanzmühle,70391.0,Gud Sud Wolfsburg,Other,36.2,medium,geocoded_match,,,52.3829,10.7879,,,yes,"SEE998984420832,SEE943210695102,SEE956527009524",154.19,3.0,4.2594,,,"Tanzmühle is a location near the VW plant in Wolfsburg. The entry is 'Sonstiges' (Other) under TenneT DE at 52.383°N 10.788°E. The best candidate is id=70391 'Gud Sud Wolfsburg' (Other Steam Turbine, 36.2 MW) at 52.431°N 10.787°E. 'Tanzmühle' is a named substation/grid connection point in the Wolfsburg area associated with the VW power plant complex. The 'Other Steam Turbine' categorization and significant capacity (~36 MW) fits a 'Sonstiges' redispatch target better than the Hard Coal (id=25081) or CCGT (id=4678) units, and the coordinates align with the VW Wolfsburg south plant area."
redispatch_full,ReserveKW Plattling,1146.0,Plattling,Natural Gas,117.235,high,claude,,,,,48.800832,12.868396,,,,,,,,"The candidate 'Plattling' (id=1146) is a Natural Gas CCGT plant located at 48.801°N 12.868°E, directly matching the city name 'Plattling' in the redispatch entry. All other candidates are unrelated by location or type."
redispatch_full,OWP Borkum Riffgrund 3,51682.0,Borkum Riffgrund,Wind,1750.85,high,claude,,,,,53.99370087557604,6.402609059907834,,,,,,,,"The candidate 'Borkum Riffgrund' (id=51682) is a Wind Offshore plant located near Borkum, matching the 'Borkum Riffgrund 3' name; Borkum Riffgrund 3 is the expansion of the Borkum Riffgrund offshore wind farm operated in the North Sea."
redispatch_full,Reservekraftwerk Heilbronn Block 7,318.0,Heilbronn,Hard Coal,1028.0,high,claude,,,,,49.17505666666667,9.207873333333334,,,,,,,,"The candidate 'Heilbronn' (id=318) is a Hard Coal Steam Turbine plant with 1028 MW at 49.175°N 9.208°E, which is the Heilbronn power station known to have multiple blocks including Block 7, used as a reserve power plant."
redispatch_full,UW Garrel-Ost alpha,151134.0,Windpark Ovelgonne Culturweg,Wind,50.04,high,geocoded_match,,,53.1667,8.1667,,,yes,"SEE969333748051,SEE974996512246,SEE951355800534,SEE946918989184,SEE959063259279,SEE945374111177",12.05,6.0,0.2408,,,"UW Garrel-Ost is a substation (Umspannwerk) east of Oldenburg/Garrel area. The entry is Erneuerbar under TenneT DE at 53.167°N 8.167°E. The dominant renewable candidate at these coordinates is id=151134 'Windpark Ovelgonne Culturweg' (Wind Onshore, 50.0 MW) at 53.173°N 8.177°E — only ~1 km away, very large capacity, and consistent with a wind park requiring redispatch through the UW Garrel-Ost substation. This is by far the largest renewable unit at these coordinates and the most plausible match for a TenneT redispatch action."
redispatch_full,Kühtai 1 (Uniper),,,,,none,unresolvable,YES,,,,,,,,,,,,,"Kühtai is located in Tyrol, Austria (not Germany). While Uniper is a major operator, this facility is in a non-German location outside the scope of German TSO coverage and PyPSA modeling. Per guidelines, non-German locations should not be geocoded with German coordinates."
redispatch_2021,50H_EDIS_CR_PAS_51,,,,,,aggregated,,,,,,,,,,,,,,Aggregated node or virtual entry — not a single plant.
redispatch_2021,50H_MNS_CR_PUL_47,,,,,,aggregated,,,,,,,,,,,,,,Aggregated node or virtual entry — not a single plant.
redispatch_2021,50H_TEN_CR_M2_VIB_37,,,,,,aggregated,,,,,,,,,,,,,,Aggregated node or virtual entry — not a single plant.
redispatch_2021,50H_TEN_CR_S1_ATF_24,,,,,,aggregated,,,,,,,,,,,,,,Aggregated node or virtual entry — not a single plant.
redispatch_2021,50H_WEMA_CR_PMS_93,,,,,,aggregated,,,,,,,,,,,,,,Aggregated node or virtual entry — not a single plant.
redispatch_2021,50H_MNS_CR_JEN,,,,,,aggregated,,,,,,,,,,,,,,Aggregated node or virtual entry — not a single plant.
redispatch_2021,50H_MNS_CR_STR,,,,,,aggregated,,,,,,,,,,,,,,Aggregated node or virtual entry — not a single plant.
redispatch_2021,AMP_WESTNETZ_EMSLAND_CR_PHOTOVOLTAIK,,,,,,aggregated,,,,,,,,,,,,,,Aggregated node or virtual entry — not a single plant.
redispatch_2021,SHN Cluster Handewitt T411 T413,,,,,high,cluster_match,,"10001341,10000359",54.72,9.07,,,yes,"SEE939513279736,SEE919010704498,SEE925525904186,SEE987891149547,SEE944239630990,SEE912529897798,SEE923469471689,SEE929174534817,SEE956698111323,SEE946253747821,SEE959851415849,SEE922371919517,SEE911402700293,SEE939675065932,SEE981689444098,SEE904152068997,SEE917881068473,SEE941356971159,SEE914825886667,SEE990192144166,SEE924659942682,SEE948172473157,SEE903514638328,SEE990591083691,SEE906782690371,SEE974733173686,SEE960236718097,SEE939229143994,SEE939121275373,SEE964257088894,SEE962498541253,SEE920638702667,SEE929160508136,SEE926003006712,SEE935856242420,SEE989234898099,SEE991228994335,SEE924439766781,SEE928848237337,SEE912613968021,SEE931634561394,SEE944122217727,SEE961678338249,SEE912697356844,SEE933307998933,SEE908625465030,SEE969080132356,SEE921869074875,SEE927420209687,SEE995165128044,SEE940806234424,SEE936639493091,SEE906897350405,SEE974129728377,SEE988836601359,SEE916669605305,SEE949021653447,SEE963698443330,SEE906266765717,SEE936722169537,SEE922268762677,SEE908870877596,SEE925471288200,SEE990669745094,SEE973028886102,SEE942727473647,SEE933590617290,SEE912751157875,SEE950652084739,SEE993601434131,SEE994141253725,SEE980988682026,SEE928785486348,SEE977153111139,SEE912016267301,SEE962552325874,SEE923323357395,SEE995945193934,SEE938169939841,SEE993391318543,SEE931201158644,SEE976481472257,SEE999357385178,SEE974043391541,SEE976548424892,SEE970398419336,SEE993208260898,SEE947226560942,SEE972805384190,SEE942795879372,SEE989576269755,SEE954666457121,SEE908249824060,SEE903469108853,SEE970067271531,SEE930525365479,SEE921737106592,SEE983620932060,SEE904139723444,SEE929878256329,SEE934497049528,SEE948890070447,SEE950435481649,SEE992513540190,SEE924749590250,SEE951454552617,SEE938884109475,SEE997565746286,SEE976820743611,SEE982547339488,SEE921921449153,SEE946577936239,SEE959613340242,SEE985096472811,SEE937420245585,SEE943453463841,SEE903012425277,SEE953857245363,SEE995586643225,SEE979822908729,SEE941591697791,SEE954820089021,SEE919534885208,SEE977221127024,SEE972828965369,SEE933993221643,SEE926234874876,SEE935160953593,SEE915199664806,SEE963231046424,SEE932168729168,SEE918548628054,SEE908755182005,SEE960856584584,SEE908269249164,SEE921563401915,SEE926694989585,SEE915239561812,SEE948508205438,SEE996277825333,SEE981142191712,SEE967861081305,SEE921297387608,SEE946287893839,SEE979788837859,SEE923559974632,SEE955599610355,SEE949980108477,SEE937350611436,SEE973541440980,SEE914404243485,SEE926429412067,SEE954768130816,SEE925185539803,SEE969161711623,SEE961868913898,SEE935129001273,SEE916697543495,SEE989369656755,SEE906603280422,SEE998565028969,SEE908707161362,SEE915401521194,SEE958496272077,SEE981621490602,SEE980788698845,SEE918474248180,SEE999242898660,SEE945648405896,SEE923046845582,SEE994342948956,SEE921251116565,SEE989536540740,SEE993990544442,SEE944974793578,SEE967587494014,SEE943163443065,SEE996314345664,SEE961168314418,SEE904979186935,SEE978205923045,SEE900654248752,SEE924845030162,SEE925577842214,SEE962286001488,SEE923461175165,SEE941106457681,SEE995300176367,SEE993605679279,SEE972470870592,SEE928326307279,SEE904863420718,SEE935063241711,SEE951710284108,SEE999850559748,SEE978564137237,SEE939556867648,SEE917114050565,SEE936030643972,SEE968488703502,SEE941783461254,SEE901207048799,SEE900845115597,SEE963031089485,SEE926160604332,SEE998464912383,SEE913799190350,SEE912669782589,SEE991208124189,SEE963507052234,SEE947005005718,SEE951308805555,SEE906775242754,SEE981205485390,SEE948995857943,SEE957954673098,SEE966513567334,SEE935170387258,SEE958742156502,SEE944812597962,SEE947746480577,SEE941715129689,SEE924316544419,SEE974439245229,SEE934164091423,SEE906772931002,SEE906288676817,SEE927215403191,SEE906930342619,SEE937408816240,SEE920023805218,SEE982161364989,SEE953217312018,SEE910648656203,SEE974299910978,SEE969472110443,SEE953140074717,SEE985257415992,SEE937232007258,SEE953507920305,SEE923229640003,SEE992178024158,SEE948823609072,SEE901885946660,SEE988233839171,SEE993863415114,SEE983081163126,SEE971731776826,SEE959410966034,SEE917193985147,SEE908676376316,SEE914887044548,SEE951630235204,SEE957057699810,SEE988456407324,SEE962662763665,SEE958937548952,SEE951739627764,SEE912295476722,SEE952311030903,SEE937667797335,SEE956174678135",310.316,262.0,1.278,,,"Handewitt is a municipality in Schleswig-Holstein near the Danish border (~54.73°N, 9.29°E). id=10001341 is explicitly named 'Wind cluster Handewitt-Grossenwiehe Border' with members including 'Handewitt', 'Handewitt Repowering', 'Handewitt Sud', 'Handewitt West' — a direct location match at 54.731°N 9.289°E. id=10000359 is 'Solar cluster Eggebek Tarp Schleswig' at 54.692°N 9.377°E with a member explicitly named 'Handewitt Eigenbedarf Pv', placing it in the same area. Both are co-located renewable clusters in Handewitt and plausibly belong to a DSO redispatch cluster grouping this area."
redispatch_2021,AMP_LEW_VERTEILNETZ_SUED_CR_WIND,,,,,,aggregated,,,,,,,,,,,,,,Aggregated node or virtual entry — not a single plant.
redispatch_2021,AMP_SYNA_TAUNUS_CR_WIND,,,,,,aggregated,,,,,,,,,,,,,,Aggregated node or virtual entry — not a single plant.
redispatch_2021,50H_WEMA_CR_WE,,,,,,aggregated,,,,,,,,,,,,,,Aggregated node or virtual entry — not a single plant.
redispatch_2021,Wemag CAT Cluster Perleberg 003,,,,,low,geocoded_unmatched,YES,,53.13,11.93,,,no,,,,,,,"The only candidate within 30 km is a Biogas cluster in Putlitz (id=10001527), located ~13 km north of the redispatch entry at 53.218°N 12.050°E. The redispatch entry is labeled 'Konventionell' and references Perleberg, while the candidate is a Biogas cluster referencing Putlitz/Prignitz. The geographic area is plausible but the fuel type and name do not match well. No candidate clearly corresponds to a conventional plant near Perleberg, so returning an empty list."
redispatch_2021,50H_EDIS_CR_NHG_Sued,,,,,,aggregated,,,,,,,,,,,,,,Aggregated node or virtual entry — not a single plant.
redispatch_2021,50H_EDIS_CR_THY,,,,,,aggregated,,,,,,,,,,,,,,Aggregated node or virtual entry — not a single plant.
redispatch_2021,AVA Cluster Algermissen T411,,MaStR aggregate near Hildesheim,Wind,35.093,medium,mastr_match,,,52.19,9.89,,,replaced,"SEE919382911289,SEE963884437082,SEE903302725728,SEE912343867991,SEE972313197398,SEE936057128070,SEE928233437960,SEE962457220830,SEE990961190394,SEE950401422508,SEE963488520944,SEE953146336734,SEE934689936605,SEE938768754166,SEE973187354351,SEE991751912318,SEE943176572479,SEE911491512753,SEE904084942433,SEE993124330606,SEE962426839780,SEE931487199577,SEE929652166783,SEE912325579010,SEE941472992380,SEE958924565603,SEE992837892678,SEE953245883948,SEE930517934119,SEE900597960353,SEE975098994312,SEE982714499151,SEE950882988043,SEE957806070327,SEE953805737841,SEE962146032041,SEE953054019064,SEE901511821118,SEE903515876644,SEE949705947459,SEE951777177887,SEE955499928895,SEE908777503307,SEE923856488016,SEE992376715698,SEE992711104705,SEE926362247443,SEE930171165409,SEE928800369175,SEE903365984063,SEE948639336810,SEE919843134257,SEE979917412537,SEE955006372302,SEE991340426684,SEE971406106972,SEE948353905323,SEE939602246694,SEE988817381065,SEE931735059257,SEE965535496837,SEE942279723672,SEE979295931330,SEE986029248756,SEE992344778076,SEE967813621627,SEE976254503959,SEE965711790247,SEE948130558889,SEE915211705166,SEE915701385007,SEE952067976593,SEE963044564948,SEE931594348912,SEE977642573486,SEE969422979205,SEE970955522233,SEE931280912618,SEE922069300368,SEE932425604610,SEE919689329275,SEE935291088706,SEE920032793803,SEE947614695027,SEE968908652359,SEE955808474693,SEE919894181927,SEE987442329992,SEE951739146890,SEE995707519088,SEE945734777173,SEE964583183348,SEE982969800962,SEE983540946093,SEE913166634371,SEE924342499370,SEE950623846076,SEE980600767643,SEE951993018865,SEE983372633628,SEE902247291428,SEE999587211582,SEE943869170661,SEE994090849956,SEE904662475506,SEE931159488633,SEE972347677804,SEE945217891587,SEE976521795704,SEE983851440549,SEE973009843339,SEE989228973825,SEE946859740080,SEE938003848094,SEE912289358188,SEE997679324585,SEE935107319789,SEE956576628363,SEE901837324843,SEE945413222437,SEE944856496139,SEE907655178545,SEE908070274621,SEE988092331038,SEE974823617816,SEE966270199960,SEE936356304748,SEE955159310923,SEE964620094859,SEE945592745376,SEE962294594330,SEE971575060693,SEE970839101981,SEE964081097789,SEE966569047958,SEE959307507074,SEE961259656038,SEE934079945873,SEE938687411898,SEE944062808511,SEE926316032767,SEE929050691948,SEE917483038539,SEE902813438462,SEE984523206418,SEE937089854364,SEE983186773411,SEE960988779995,SEE962961444548,SEE953504930130",35.093,150.0,0.0497,"10000997,10001485,10000998,10000982,10000209,10000965,10001001,10001494,10000827,10001138,10001017,10001491,10001004,10000713,10001524",705.4579410000001,"Algermissen is a municipality in the Hildesheim district of Lower Saxony, located at approximately 52.19°N 9.89°E. The entry is labeled 'Erneuerbar' (renewable) and is a cluster. All listed candidates are renewable energy clusters (wind, solar, biogas) within 30 km of the given coordinates and plausibly belong to an aggregated renewable cluster managed at Algermissen. Since T411 and T412 share the same coordinates and candidate list, and both are cluster entries, all candidates are included as potentially belonging to this cluster aggregation point."
redispatch_2021,AVA Cluster Algermissen T412,,MaStR aggregate near Hildesheim,Wind,35.093,medium,mastr_match,,,52.19,9.89,,,replaced,"SEE919382911289,SEE963884437082,SEE903302725728,SEE912343867991,SEE972313197398,SEE936057128070,SEE928233437960,SEE962457220830,SEE990961190394,SEE950401422508,SEE963488520944,SEE953146336734,SEE934689936605,SEE938768754166,SEE973187354351,SEE991751912318,SEE943176572479,SEE911491512753,SEE904084942433,SEE993124330606,SEE962426839780,SEE931487199577,SEE929652166783,SEE912325579010,SEE941472992380,SEE958924565603,SEE992837892678,SEE953245883948,SEE930517934119,SEE900597960353,SEE975098994312,SEE982714499151,SEE950882988043,SEE957806070327,SEE953805737841,SEE962146032041,SEE953054019064,SEE901511821118,SEE903515876644,SEE949705947459,SEE951777177887,SEE955499928895,SEE908777503307,SEE923856488016,SEE992376715698,SEE992711104705,SEE926362247443,SEE930171165409,SEE928800369175,SEE903365984063,SEE948639336810,SEE919843134257,SEE979917412537,SEE955006372302,SEE991340426684,SEE971406106972,SEE948353905323,SEE939602246694,SEE988817381065,SEE931735059257,SEE965535496837,SEE942279723672,SEE979295931330,SEE986029248756,SEE992344778076,SEE967813621627,SEE976254503959,SEE965711790247,SEE948130558889,SEE915211705166,SEE915701385007,SEE952067976593,SEE963044564948,SEE931594348912,SEE977642573486,SEE969422979205,SEE970955522233,SEE931280912618,SEE922069300368,SEE932425604610,SEE919689329275,SEE935291088706,SEE920032793803,SEE947614695027,SEE968908652359,SEE955808474693,SEE919894181927,SEE987442329992,SEE951739146890,SEE995707519088,SEE945734777173,SEE964583183348,SEE982969800962,SEE983540946093,SEE913166634371,SEE924342499370,SEE950623846076,SEE980600767643,SEE951993018865,SEE983372633628,SEE902247291428,SEE999587211582,SEE943869170661,SEE994090849956,SEE904662475506,SEE931159488633,SEE972347677804,SEE945217891587,SEE976521795704,SEE983851440549,SEE973009843339,SEE989228973825,SEE946859740080,SEE938003848094,SEE912289358188,SEE997679324585,SEE935107319789,SEE956576628363,SEE901837324843,SEE945413222437,SEE944856496139,SEE907655178545,SEE908070274621,SEE988092331038,SEE974823617816,SEE966270199960,SEE936356304748,SEE955159310923,SEE964620094859,SEE945592745376,SEE962294594330,SEE971575060693,SEE970839101981,SEE964081097789,SEE966569047958,SEE959307507074,SEE961259656038,SEE934079945873,SEE938687411898,SEE944062808511,SEE926316032767,SEE929050691948,SEE917483038539,SEE902813438462,SEE984523206418,SEE937089854364,SEE983186773411,SEE960988779995,SEE962961444548,SEE953504930130",35.093,150.0,0.0497,"10000997,10001485,10000998,10000982,10000209,10000965,10001001,10001494,10000827,10001138,10001017,10001491,10001004,10000713,10001524",705.4579410000001,"Same location (52.190°N 9.890°E) and same candidate list as T411. T412 is a separate aggregation/cluster entry at the same Algermissen grid node, also labeled 'Erneuerbar'. All renewable candidates within 30 km are plausible members of this cluster aggregation point. The split between T411 and T412 may reflect different sub-portfolios, but without further differentiation data, all candidates are included."
redispatch_2021,AVA Cluster Hannover West,,,,,high,cluster_match,,10000524,52.37,9.74,,,yes,"SEE914640054593,SEE970405585924,SEE991302504146,SEE979329358966,SEE915016193823,SEE995435811072,SEE933702500328,SEE969480777126,SEE934880459941,SEE986886521948,SEE933134659182,SEE971863577957,SEE965576508063,SEE904609122807,SEE914365805029,SEE993205796611,SEE923391382282,SEE963709646453,SEE988411646775,SEE946495312511,SEE996248059057,SEE914502004667,SEE937852001018,SEE915226057380,SEE939349921441,SEE985311769160,SEE943850573839,SEE966972065518,SEE994487556887,SEE975030618085,SEE959566839183,SEE947097429997,SEE903356041751,SEE907134833248,SEE966327515538,SEE913911634885,SEE987575013553,SEE948196822689,SEE906635873579,SEE938566777770,SEE936973912593,SEE927781854090,SEE968862672509,SEE967621338106,SEE921340703683,SEE903289803617,SEE933424157749,SEE948177842903,SEE995461035916,SEE904751168371,SEE951264082779,SEE945531170955,SEE988049313261,SEE989341330895,SEE901213041296,SEE927540708251,SEE963685608834,SEE901425659036,SEE983442535913,SEE943012436828,SEE933627237309,SEE933251310454,SEE925620370381,SEE958100320095,SEE966715762179,SEE967441658712,SEE993743011702,SEE925981037084,SEE964053890226,SEE996178908821,SEE920473150210,SEE935289902588,SEE949918707949,SEE915981726002,SEE934039463355,SEE907742677685,SEE905157320653,SEE973443373218,SEE915619931747,SEE922561879379,SEE975107252891,SEE989922462236,SEE985557695070,SEE906268481097,SEE910212087624,SEE926885113669,SEE909639241405,SEE945936405522,SEE968536317453,SEE953504915441,SEE912474847886,SEE998833545266,SEE954080046611,SEE974206938774,SEE959005030300,SEE948407541071,SEE938908354041,SEE934423501120,SEE950298134775,SEE981886772543,SEE994214002243,SEE929959027886,SEE960543757352,SEE984196106787,SEE956770617484,SEE985901160889,SEE965238521201,SEE954409940712,SEE932353094736,SEE957142212986,SEE992922051638,SEE959654820413,SEE912305049762,SEE998514774763,SEE944582461432,SEE942862751075,SEE985103742470,SEE986819714751,SEE966923857056,SEE964042226562,SEE981275173401,SEE982460503294,SEE929376348472,SEE923709965732,SEE976642232270,SEE944441494908,SEE960146157603,SEE985529081061,SEE924718979987,SEE997129733349,SEE906381782200,SEE974214434671,SEE939534546923,SEE993186398903,SEE985095432472,SEE916658452415,SEE986085692609,SEE908219132331,SEE906651639012,SEE953353028934,SEE995524590512,SEE936404396473,SEE939726798291,SEE954247740611,SEE913974841404,SEE993444777686,SEE941488513869,SEE961230162480,SEE992674430231,SEE927873905501,SEE999371668349,SEE902095393411,SEE984370770049,SEE930596088567,SEE900411376872,SEE984149764453,SEE928912232060,SEE960934552306,SEE903874726604,SEE901034236963,SEE922593674065,SEE918032182123,SEE929340878073,SEE961395443981,SEE951192664566,SEE905311042933,SEE947638905188,SEE957646920066,SEE938614951985,SEE993333607001,SEE955402370063,SEE949114026134,SEE990314627966,SEE923201430011,SEE944566551548,SEE933280359349,SEE972530164418,SEE902038668422,SEE957062490471,SEE909395026223,SEE946984525552,SEE982426008054,SEE951454116611,SEE936318479385,SEE991662661022,SEE980238304272,SEE908765801156,SEE945222627423,SEE981616249314,SEE954592854964,SEE994020903956,SEE964852054904,SEE978479471518,SEE992509816575,SEE915974935770,SEE911946094001,SEE927579382361,SEE975693127290,SEE904755292102,SEE984914048849,SEE902371328649,SEE983840922889,SEE941931223758,SEE956975960842,SEE933852966548,SEE991840913318,SEE962535163424,SEE959902755665,SEE968889450388,SEE964399267317,SEE950389675293,SEE926724459057,SEE937214009010,SEE913595058519,SEE976864252360,SEE975272014621,SEE990446672353,SEE967019189952,SEE962297134328,SEE972006065461,SEE916040859822,SEE903681809071,SEE918452722893,SEE934053596039,SEE982072345855,SEE913581066795,SEE980827594732,SEE945001368721,SEE976909255363,SEE901247405507,SEE995914843648,SEE983822928076,SEE936718823382,SEE926103675542,SEE909287362514,SEE975623617310,SEE972565428295,SEE920153121561,SEE999968867315,SEE919371428927,SEE917563544318,SEE993487671118,SEE959921458844,SEE978536074416,SEE925550867395,SEE917648744299,SEE920114690068,SEE967845550971,SEE900534108459,SEE914676395493,SEE917552376784,SEE915442764628,SEE987426430201,SEE968893574728,SEE909509535092,SEE959372847983,SEE939603363468,SEE937917562539,SEE928013424142,SEE924407797069,SEE991857994041,SEE960196220722,SEE996155982448,SEE947201256716,SEE993476114220,SEE903854933480,SEE908262732687,SEE997624766705,SEE920679515851,SEE961300488045,SEE939607474597",64.099,271.0,1.4437,,,"id=10000524 is explicitly named 'Wind cluster Hanover West' at 52.384°N 9.473°E (west of Hannover), with members including Barsinghausen, Bokeloh, Dedensen, Garbsen, Gehrden — all municipalities west of Hannover. This is a direct name and location match for 'AVA Cluster Hannover West' (Avacon is the DSO in this region)."
redispatch_2021,AVA Cluster Mehringen,,MaStR aggregate near Wolfenbüttel,Wind,127.899,medium,mastr_match,,,52.22,10.59,,,replaced,"SEE962093369788,SEE935233884472,SEE931186061601,SEE983595265712,SEE916263590823,SEE951381472798,SEE948721387638,SEE950892466586,SEE927965444420,SEE916758494742,SEE913338337703,SEE987516360340,SEE901966188057,SEE968614525824,SEE985530610779,SEE949061822735,SEE917429773890,SEE928768397906,SEE934017348780,SEE905697283968,SEE922645635846,SEE985542721319,SEE977281850498,SEE996657044002,SEE967967747662,SEE938943702869,SEE993410913254,SEE949263496086,SEE983782614262,SEE975317969817,SEE947672244724,SEE928485099718,SEE974910649089,SEE913596112708,SEE973424340062,SEE922355094063,SEE949826267320,SEE969849233461,SEE915623339584,SEE970356928740,SEE999149071340,SEE965131952423,SEE982716555077,SEE960200707768,SEE928367869118,SEE909216890606,SEE924880151235,SEE964296194877,SEE951984078748,SEE966299587892,SEE957402689596,SEE964040103605,SEE963827936597,SEE970472772104,SEE931224568222,SEE935002669415,SEE976062460345,SEE909045388794,SEE955762399001,SEE908393519515,SEE982338282665,SEE919026486876,SEE917309655803,SEE920364363989,SEE995926273303,SEE947808150172,SEE945769436366,SEE943807924011,SEE928417046025,SEE974968079883,SEE917062406100,SEE905718886925,SEE964304408064,SEE983262997588,SEE963229005167,SEE987980798250,SEE965639126357,SEE927434128332,SEE935079014798,SEE996786886184,SEE957513048268,SEE996780368303,SEE995476027739,SEE996551261901,SEE998735718997,SEE959886683701,SEE935185284818,SEE969092317680,SEE997704156259,SEE945939472972,SEE944794133844,SEE919702275077,SEE950007615793,SEE905438607145,SEE967741129257,SEE944919226475,SEE933360848442,SEE918728777732,SEE959863306739,SEE959145614354,SEE905524273537,SEE923782729474,SEE972635276696,SEE904341216574,SEE912443542583,SEE966099174407,SEE974292372636,SEE996004690821,SEE932092065066,SEE941100104055,SEE968292606167,SEE946963021464,SEE903616148763,SEE996464371551,SEE954684296436,SEE986742982531,SEE942763042326",127.899,117.0,0.1223,"10001541,10000090,10000970,10000981,10000522,10001447,10000995,10001497,10001456,10001494,10001009,10000978,10000226",1045.90338,"Mehringen is a village in the Salzgitter/Hildesheim area of Lower Saxony, consistent with the given coordinates 52.220°N 10.590°E. The entry is labeled 'Erneuerbar' and is a cluster. All candidates are renewable energy clusters (wind, solar, biogas) within 30 km of the coordinates. All are plausible members of this renewable aggregation cluster at the Mehringen grid node."
redispatch_2021,50H_EDIS_CR_SW,,,,,,aggregated,,,,,,,,,,,,,,Aggregated node or virtual entry — not a single plant.
redispatch_2021,AMP_LEW_VERTEILNETZ_NORD_CR_KWK,,,,,,aggregated,,,,,,,,,,,,,,Aggregated node or virtual entry — not a single plant.
redispatch_2021,AMP_LEW_VERTEILNETZ_SUED_CR_KWK,,,,,,aggregated,,,,,,,,,,,,,,Aggregated node or virtual entry — not a single plant.
redispatch_2021,50H_EDIS_CR_LUB,,,,,,aggregated,,,,,,,,,,,,,,Aggregated node or virtual entry — not a single plant.
redispatch_2021,50H_EDIS_CR_LV_WEST,,,,,,aggregated,,,,,,,,,,,,,,Aggregated node or virtual entry — not a single plant.
redispatch_2021,AVA Cluster Würgassen,,,,,medium,cluster_match,,10001293,51.64,9.24,,,yes,"SEE949536009463,SEE967578468529,SEE996884378284,SEE926942251488,SEE971653069457,SEE994230074569,SEE924537110318,SEE914756677242,SEE988515888088,SEE987262574121,SEE996474244197,SEE914202487661,SEE902894046594,SEE955307250934,SEE966322585062,SEE974634759521,SEE958959766426,SEE954319807389,SEE930851615767,SEE951178155590,SEE928229001762,SEE978184272097,SEE941755021486,SEE941187068769,SEE998962006171,SEE982896743950,SEE976917183948,SEE983238498972,SEE933293653885,SEE952204161165,SEE958386053045,SEE974184042241,SEE913636151773,SEE904909168130,SEE942378479814,SEE906710625840,SEE961219574624,SEE903177441525,SEE962495600557,SEE967238432242,SEE990720080317,SEE936206523022,SEE984068009970,SEE987821301908,SEE920607654676,SEE929408145451,SEE984093411786,SEE966613311592,SEE919365708042,SEE928523287534,SEE917921594870,SEE928820085789,SEE901157474716,SEE967870154243,SEE981568010505,SEE903661122770,SEE938045619881,SEE962229149956,SEE986534367850,SEE961556901138,SEE963567489995,SEE949700474745,SEE973851552250,SEE993070613105,SEE922829295446,SEE925293262013,SEE975124490887,SEE930830187148,SEE964813068223,SEE985283736900,SEE915658111094,SEE908695049512,SEE981167760450,SEE984037064511,SEE954200149451,SEE941009320808,SEE932850009080,SEE975634883445,SEE956266534554,SEE921679027467,SEE959877333547,SEE908959106456,SEE912224120856,SEE938744778988,SEE904439602531,SEE923932983640,SEE911203059989,SEE905601487659,SEE906689543930,SEE962036271499,SEE977668509360,SEE951829995698,SEE948899557833,SEE964888282333,SEE949358266914,SEE979863497848",33.224,96.0,0.5182,,,"Würgassen is a village in the municipality of Beverungen, North Rhine-Westphalia, on the Weser River (~51.63°N, 9.38°E). id=10001293 is 'Wind cluster Bad Karlshafen Beverungen' at 51.623°N 9.355°E — Bad Karlshafen and Beverungen are the two municipalities directly adjacent to Würgassen along the Weser. The cluster explicitly includes 'Beverungen' in its name and is geographically co-located. Avacon operates in this border region of Lower Saxony/NRW. This is the strongest candidate match."
redispatch_2021,50H_EDIS_CR_LV_NORD,,,,,,aggregated,,,,,,,,,,,,,,Aggregated node or virtual entry — not a single plant.
redispatch_2021,50H_EDIS_CR_LV_WU,,,,,,aggregated,,,,,,,,,,,,,,Aggregated node or virtual entry — not a single plant.
redispatch_2021,50H_MNS_CR_LV_OST,,,,,,aggregated,,,,,,,,,,,,,,Aggregated node or virtual entry — not a single plant.
redispatch_2021,CROC Cluster Perleberg,,MaStR aggregate near Perleberg,Wind,39.974,high,mastr_match,,,53.13,11.93,,,replaced,"SEE988051689804,SEE969509467892,SEE954797137671,SEE996866795054,SEE991276972590,SEE906949095025,SEE931246658406,SEE985675984469,SEE952612323803,SEE969349504047,SEE908463440275,SEE950612332658,SEE949448813929,SEE977047683780,SEE920018399432,SEE951552432286,SEE990806593649,SEE955053190683,SEE917012269021,SEE967822787772,SEE980644695889,SEE977077265208,SEE973944892294,SEE922142211864,SEE960817553758,SEE920903596113,SEE997292544094,SEE903104997378,SEE998064591438,SEE987302514933,SEE935845851879,SEE928909242010,SEE960702256610,SEE955564630333,SEE978506902312,SEE900283446512,SEE923862237592,SEE938521928360",39.974,38.0,0.1182,"10001158,10000119",338.2270000000001,"Perleberg is the district capital of Prignitz, Brandenburg. id=10001158 is 'Wind cluster Schrepkow-Perleberg Prignitz' at 53.021°N 12.079°E with 'Perleberg' explicitly listed as a member — direct name and location match. id=10000119 is 'Solar cluster Perleberg Wittenberge Prignitz' at 53.073°N 11.775°E with 'Perleberg Ost Gmbh Co Kg' and 'Qair Solarpark Perleberg' as members — also a direct location match. Both are co-located renewable clusters in Perleberg and plausibly belong to the CROC DSO redispatch cluster."
redispatch_2021,Rheinhafen-Dampfkraftwerk Karlsruhe Block 7,314.0,Rheinhafen Dampfkraftwerk,Hard Coal,1351.0,high,claude,,,,,49.01274,8.304255000000001,,,,,,,,"The redispatch name explicitly refers to the Rheinhafen Dampfkraftwerk in Karlsruhe, and id=314 is the large hard coal steam turbine (1351 MW) at that location. Block 7 is the main coal-fired block at RDK Karlsruhe."
redispatch_2021,VOELKLINGEN_MKV,5072.0,Dillingen,Natural Gas,115.0,medium,claude,,,,,49.3512,6.7509,,,,,,,,"Völklingen is located near Dillingen in Saarland; id=5072 is the Dillingen natural gas CCGT (115 MW) at 49.351°N 6.751°E, which is the most plausible match for a Völklingen/Saarland industrial cogeneration plant (MKV = Mitteldruck-Kompaktanlage or similar industrial gas turbine). No direct Völklingen entry is in the candidate list."
redispatch_2021,NEURATH_D,272.0,Neurath,Lignite,4211.0,high,claude,,,,,51.037649,6.612286,,,,,,,,"Neurath is the large lignite power station in the Rhineland (4211 MW, id=272); 'D' refers to unit/block D of the Neurath plant, which is one of the older lignite blocks."
redispatch_2021,NIEDERAUSSEM_C,312.0,Niederaussem,Lignite,3109.0,high,claude,,,,,50.990677,6.669720000000001,,,,,,,,"Niederaussem is the large lignite power station (3109 MW, id=312) in the Rhineland; 'C' designates block C of that plant, which is covered by the single database entry."
redispatch_2021,NEURATH_E,272.0,Neurath,Lignite,4211.0,high,claude,,,,,51.037649,6.612286,,,,,,,,"Same Neurath lignite plant (id=272); 'E' refers to another block at the same facility, covered by the same consolidated database entry."
redispatch_2021,Grohnde,3286.0,Grohnde Kwg,Nuclear,1360.0,high,claude,,,,,52.0352,9.413333,,,,,,,,"Grohnde is the nuclear power plant on the Weser river (1360 MW, id=3286 'Grohnde Kwg'), an exact name and type match."
redispatch_2021,Grosskraftwerk Mannheim,1083.0,Grosskraftwerk Mannheim,Hard Coal,1983.0,high,claude,,,,,49.446975,8.492516,,,,,,,,"Direct name match to id=1083 'Grosskraftwerk Mannheim', a large hard coal plant (1983 MW) in Mannheim."
redispatch_2021,Brokdorf,3323.0,Brokdorf Kbr,Nuclear,1410.0,high,claude,,,,,53.85083,9.34472,,,,,,,,"Direct name match to id=3323 'Brokdorf Kbr', the nuclear power plant in Brokdorf (1410 MW), operated by E.ON/PreussenElektra."
redispatch_2021,Reservekraftwerk Walheim Block 1,596.0,Walheim,Hard Coal,244.0,high,claude,,,,,49.017585,9.15769,,,,,,,,"Walheim is a hard coal steam turbine plant (244 MW, id=596) in Baden-Württemberg; 'Block 1' refers to the coal-fired unit, which matches the hard coal steam turbine entry rather than the oil OCGT peaker."
redispatch_2021,WEIHER_C,264.0,Weiher,Hard Coal,655.6,high,claude,,,,,49.333966,7.028434,,,,,,,,Weiher (id=264) is the hard coal steam turbine plant (655.6 MW) in Saarland at 49.334°N 7.028°E; 'C' denotes block C of that plant.
redispatch_2021,BEXBACH_1,322.0,Bexbach,Hard Coal,726.0,high,claude,,,,,49.36139,7.237308,,,,,,,,"Direct name match to id=322 'Bexbach', a hard coal steam turbine (726 MW) in Saarland; '1' refers to the single main generating unit at this plant."
redispatch_2021,Farge,728.0,Farge,Hard Coal,350.0,high,claude,,,,,53.198738,8.519465,,,,,,,,"Direct name match to id=728 'Farge', a hard coal steam turbine (350 MW) near Bremen at 53.199°N 8.519°E."
redispatch_2021,Wilhelmshaven (Uniper),742.0,Wilhelmshaven,Hard Coal,1581.0,high,claude,,,,,53.56808,8.142918,,,,,,,,"Wilhelmshaven (Uniper) refers to id=742 'Wilhelmshaven', the large hard coal plant (1581 MW) operated by Uniper at 53.568°N 8.143°E."
redispatch_2021,Staudinger 5,699.0,Staudinger,Hard Coal,522.0,high,claude,,,,,50.088056,8.952222,,,,,,,,"Staudinger is the hard coal steam turbine plant near Hanau (id=699, 522 MW); Unit 5 is the main large coal block at the Staudinger site, matching the hard coal entry."
redispatch_2021,Mehrum,,MaStR aggregate near Hannover,Natural Gas,1.289,none,mastr_match,YES,,52.289,9.651,,,replaced,"SEE978452791978,SEE957172802027,SEE970468827672,SEE965082086963,SEE926894174651,SEE992995509210,SEE987571424704,SEE912635470755,SEE939358034026,SEE916020277820,SEE998968509386,SEE950490075920,SEE987398938682,SEE910422372800,SEE948626324837,SEE942092556112",1.289,16.0,,,,"The entry 'Mehrum' refers to the Mehrum coal-fired power plant (Kraftwerk Mehrum), a large conventional hard-coal steam turbine plant located near Hohenhameln at ~52.289°N 9.651°E. None of the candidates in the list correspond to this plant — all candidates are small biogas, natural gas CHP, oil emergency generators, or hydro run-of-river units, none of which match a large conventional coal power plant named Mehrum. The actual Mehrum plant is not present in the candidate list."
redispatch_2021,VOELKLINGEN_HKV,5072.0,Dillingen,Natural Gas,115.0,medium,claude,,,,,49.3512,6.7509,,,,,,,,"Similar to VOELKLINGEN_MKV, this refers to a Völklingen facility (HKV = Heizkraftwerk, i.e. CHP plant); id=5072 'Dillingen' natural gas CCGT in Saarland is the closest candidate, as Dillingen/Völklingen are neighboring Saar industrial towns."
redispatch_2021,ReserveKW Heyden,316.0,Heyden,Hard Coal,875.0,high,claude,,,,,52.379,8.997,,,,,,,,"Direct match to id=316 'Heyden', a hard coal steam turbine (875 MW) at 52.379°N 8.997°E, which is the Kraftwerk Heyden reserve power plant."
redispatch_2021,HERNE_4,317.0,Herne,Hard Coal,435.0,high,claude,,,,,51.549201,7.18396,,,,,,,,"Herne 4 refers to block 4 of the Herne hard coal power plant (id=317, 435 MW) in the Ruhr area; this is the conventional coal steam turbine entry rather than the gas CCGT."
redispatch_2021,EMSLAND_DTC0,1157.0,Emsland,Natural Gas,1877.0,high,claude,,,,,52.48027,7.305249999999999,,,,,,,,"Emsland refers to the Emsland natural gas CCGT power plant (id=1157, 1877 MW) at 52.480°N 7.305°E; 'DTC0' is a TSO-internal unit/circuit designation for this facility."
redispatch_2021,GTKW-DA-GT11,55966.0,Da,Natural Gas,13.04,medium,claude,,,,,49.898,8.654,,,,,,,,"The 'DA' component in GTKW-DA-GT11 points to Darmstadt (DA), and id=55966 'Da' is a Natural Gas CCGT (13 MW) at 49.898°N 8.654°E near Darmstadt; 'GT11' indicates gas turbine unit 11 at a Darmstadt gas turbine plant."
redispatch_2021,Isar 2 (Uniper),3296.0,Isar 2 Kki 2,Nuclear,1410.0,high,claude,,,,,48.6056,12.29315,,,,,,,,"Isar 2 Kki 2 is the nuclear power plant at 48.606°N 12.293°E with 1410 MW capacity, directly matching 'Isar 2' operated by Uniper."
redispatch_2021,Vianden M5-M9,2024.0,Psw Vianden Luxembourg,Hydro,1291.0,high,geocoded_match,,,49.931,6.215,,,no,,,,,,,"Vianden is the location of the famous Pumped Storage Plant (PSW) Vianden in Luxembourg, operated on the Our river. The entry 'Vianden M5-M9' clearly refers to machine units 5 through 9 of this pumped storage facility. Candidate id=2024 'Psw Vianden Luxembourg' is a 1291 MW Hydro Pumped Storage plant at 49.952°N 6.180°E, which matches the redispatch coordinates (49.931°N 6.215°E) very closely and is the dominant power plant at this location. The energy type 'Sonstiges' is consistent with pumped storage classification."
redispatch_2021,Zolling 5,257.0,Zolling,Hard Coal,472.0,high,claude,,,,,48.455489,11.796122,,,,,,,,"Zolling is the hard coal power plant at 48.455°N 11.796°E with 472 MW; 'Zolling 5' refers to block 5 of this plant, which is the main coal unit in the database."
redispatch_2021,Schkopau VE,270.0,Schkopau,Lignite,900.0,high,claude,,,,,51.401111,11.950833,,,,,,,,"Schkopau is the 900 MW lignite plant at 51.401°N 11.951°E; 'VE' likely refers to the Vattenfall/VEAG operator block, matching the main Schkopau lignite entry."
redispatch_2021,GERSTEINW_GTG1,691.0,Gersteinwerk,Natural Gas,1388.0,high,claude,,,,,51.67324,7.710467,,,,,,,,"GERSTEINW refers to Gersteinwerk; id=691 is the 1388 MW Natural Gas CCGT at 51.673°N 7.710°E, and GTG1 denotes a gas turbine unit within the Gersteinwerk CCGT complex."
redispatch_2021,GERSTEINW_DTG2,691.0,Gersteinwerk,Natural Gas,1388.0,medium,claude,,,,,51.67324,7.710467,,,,,,,,"GERSTEINW_DTG2 refers to a steam/district heat turbine unit at Gersteinwerk; id=691 (Gersteinwerk Natural Gas CCGT, 1388 MW) is the most plausible match as it covers the CCGT complex including steam turbine components."
redispatch_2021,NEURATH_B,272.0,Neurath,Lignite,4211.0,high,claude,,,,,51.037649,6.612286,,,,,,,,"Neurath is the large 4211 MW lignite plant at 51.038°N 6.612°E; 'NEURATH_B' refers to block B of this plant, covered by the single Neurath database entry."
redispatch_2021,WESTFALEN_E,698.0,Westfalen,Hard Coal,763.7,high,claude,,,,,51.682608,7.969927,,,,,,,,Westfalen is the 763.7 MW hard coal plant at 51.683°N 7.970°E; 'WESTFALEN_E' refers to block E of the Westfalen power station.
redispatch_2021,ReserveKW Irsching 3,3315.0,Irsching,Oil,415.0,high,claude,,,,,48.767533,11.580019,,,,,,,,"Irsching 3 is the oil steam turbine unit (415 MW) at 48.768°N 11.580°E, distinct from the CCGT units (id=721); as a reserve power plant (Reservekraftwerk), it matches the oil steam turbine entry."
redispatch_2021,Reservekraftwerk Marbach DT 3,3275.0,Marbach,Oil,735.9,high,claude,,,,,48.927387499999995,9.231165,,,,,,,,Marbach (id=3275) is a 735.9 MW Oil OCGT plant at 48.927°N 9.231°E; 'DT 3' refers to a specific turbine unit within the Marbach reserve power station complex operated by TransnetBW.
redispatch_2021,EMSLAND_DTB0,1157.0,Emsland,Natural Gas,1877.0,high,claude,,,,,52.48027,7.305249999999999,,,,,,,,"EMSLAND refers to the Emsland natural gas CCGT (id=1157, 1877 MW at 52.480°N 7.305°E); DTB0 denotes a steam turbine block within this plant complex."
redispatch_2021,IBBENBUEREN_B,1077.0,Ibbenburen,Hard Coal,794.0,high,claude,,,,,52.285881,7.750047,,,,,,,,Ibbenbüren (id=1077) is the 794 MW hard coal plant at 52.286°N 7.750°E; 'IBBENBUEREN_B' refers to block B of this plant.
redispatch_2021,Thyrow A (KapRes),3248.0,Gasturbinenkraftwerk Thyrow,Natural Gas,186.756,high,claude,,,,,52.230249,13.302107,,,,,,,,"Gasturbinenkraftwerk Thyrow (id=3248) is a 186.8 MW natural gas OCGT at 52.230°N 13.302°E, directly matching 'Thyrow A' as a capacity reserve (KapRes) peaker plant."
redispatch_2021,GERSTEINW_GTF1,691.0,Gersteinwerk,Natural Gas,1388.0,high,claude,,,,,51.67324,7.710467,,,,,,,,"GERSTEINW_GTF1 refers to a gas turbine unit (F-class, unit 1) at Gersteinwerk; id=691 is the Gersteinwerk Natural Gas CCGT complex (1388 MW) at 51.673°N 7.710°E."
redispatch_2021,GERSTEINW_DTF2,691.0,Gersteinwerk,Natural Gas,1388.0,medium,claude,,,,,51.67324,7.710467,,,,,,,,"GERSTEINW_DTF2 refers to a steam turbine unit 2 at Gersteinwerk; id=691 (Gersteinwerk CCGT, 1388 MW) covers the full plant complex including steam turbine components."
redispatch_2021,NEURATH_A,272.0,Neurath,Lignite,4211.0,high,claude,,,,,51.037649,6.612286,,,,,,,,Neurath (id=272) is the 4211 MW lignite plant at 51.038°N 6.612°E; 'NEURATH_A' refers to block A of this power station.
redispatch_2021,SWDU_HKW_3B_GT2,3228.0,Swd Kwl Gte,Natural Gas,826.4,medium,claude,,,,,51.222827,6.731094,,,,,,,,"SWDU likely stands for Stadtwerke Düsseldorf; id=3228 'Swd Kwl Gte' is a 826.4 MW Natural Gas CCGT at 51.223°N 6.731°E associated with SWD (Stadtwerke Düsseldorf), matching a gas turbine unit at their HKW (Heizkraftwerk) 3B."
redispatch_2021,KNAPSACK_DT10,722.0,Knapsack,Natural Gas,1326.0,high,claude,,,,,50.858679,6.845286,,,,,,,,Knapsack (id=722) is the 1326 MW Natural Gas CCGT at 50.859°N 6.845°E; 'DT10' refers to a steam turbine unit 10 within the Knapsack plant complex.
redispatch_2021,UPMSchongau,3198.0,Upm Schongau,Natural Gas,83.09800000000001,high,geocoded_match,,,47.789,10.899,,,yes,"SEE947960089464,SEE950742075265,SEE968624378755,SEE931028522024,SEE901358501594,SEE918694303652,SEE912975333499,SEE933094075404,SEE917211801770,SEE931986160672,SEE929068766096,SEE939218038409,SEE965039801465,SEE946286354478,SEE903969330464,SEE962756027680",182.444,16.0,2.1955,,,"UPM Schongau is a paper mill with an integrated power plant in Schongau, Bavaria. The entry is labeled 'Konventionell' and is an individual unit. Candidate id=3198 'Upm Schongau' is a Natural Gas Steam Turbine with 83.1 MW at 47.808°N 10.902°E, which matches the given coordinates (47.789°N 10.899°E) very well and is by far the largest conventional generation unit at UPM Schongau. While id=82607 'Kwk Anlage' (64 MW Natural Gas Steam Turbine) is at the same location, the name 'Upm Schongau' directly matches the redispatch target name, making id=3198 the best single match."
redispatch_2021,Reservekraftwerk Marbach GT 2,3275.0,Marbach,Oil,735.9,high,claude,,,,,48.927387499999995,9.231165,,,,,,,,Marbach (id=3275) is the 735.9 MW Oil OCGT reserve power plant at 48.927°N 9.231°E operated by TransnetBW; GT 2 refers to gas turbine unit 2 within this facility.
redispatch_2021,Moorburg (Standort),697.0,Moorburg,Hard Coal,1600.0,high,claude,,,,,53.487504,9.949603,,,,,,,,"Moorburg is the well-known 1600 MW hard coal power plant in Hamburg operated by Vattenfall, located at 53.488°N 9.950°E, which matches perfectly by name, fuel type, and location."
redispatch_2021,Isar 2 (SWM),3296.0,Isar 2 Kki 2,Nuclear,1410.0,high,claude,,,,,48.6056,12.29315,,,,,,,,"Isar 2 (KKI 2) is the 1410 MW nuclear plant at 48.606°N 12.293°E; SWM (Stadtwerke München) is a co-owner of Isar 2, confirming the match."
redispatch_2021,EMSLAND_DTD0,1157.0,Emsland,Natural Gas,1877.0,high,claude,,,,,52.48027,7.305249999999999,,,,,,,,"EMSLAND refers to the large 1877 MW natural gas CCGT plant at Lingen (Emsland), and DTD0 is a unit/block designation within that plant complex."
redispatch_2021,Reuter West (Standort),727.0,Reuter West,Hard Coal,688.0,high,claude,,,,,52.53207166666667,13.241943999999998,,,,,,,,"Reuter West is the 688 MW hard coal steam turbine plant in Berlin at 52.532°N 13.242°E, matching perfectly by name, fuel type, and location."
redispatch_2021,Grosskraftwerk Mannheim Block 6 und 8,1083.0,Grosskraftwerk Mannheim,Hard Coal,1983.0,high,claude,,,,,49.446975,8.492516,,,,,,,,Grosskraftwerk Mannheim (GKM) is the 1983 MW hard coal plant at 49.447°N 8.493°E; blocks 6 and 8 are units within this facility.
redispatch_2021,KNAPSACK_GT12,722.0,Knapsack,Natural Gas,1326.0,high,claude,,,,,50.858679,6.845286,,,,,,,,Knapsack is the 1326 MW natural gas CCGT plant near Cologne at 50.859°N 6.845°E; GT12 is a gas turbine unit designation within that plant.
redispatch_2021,KNAPSACK_GT11,722.0,Knapsack,Natural Gas,1326.0,high,claude,,,,,50.858679,6.845286,,,,,,,,Same as KNAPSACK_GT12 — Knapsack is the 1326 MW natural gas CCGT plant at 50.859°N 6.845°E; GT11 is another gas turbine unit within the same facility.
redispatch_2021,WEISWEILER_E,258.0,Weissweiler,Lignite,1961.0,high,claude,,,,,50.837339,6.319244,,,,,,,,"Weissweiler is the large 1961 MW lignite power plant at 50.837°N 6.319°E; block 'E' is a unit designation within this lignite plant, matching fuel type and location."
redispatch_2021,WEISWEILER_F,258.0,Weissweiler,Lignite,1961.0,high,claude,,,,,50.837339,6.319244,,,,,,,,Same plant as WEISWEILER_E — Weissweiler lignite 1961 MW at 50.837°N 6.319°E; block 'F' is another unit designation within the same plant.
redispatch_2021,EMSLAND_GTD1,1157.0,Emsland,Natural Gas,1877.0,high,claude,,,,,52.48027,7.305249999999999,,,,,,,,EMSLAND refers to the 1877 MW natural gas CCGT plant at Lingen; GTD1 is a gas turbine unit designation within the Emsland CCGT complex.
redispatch_2021,EMSLAND_GTD2,1157.0,Emsland,Natural Gas,1877.0,high,claude,,,,,52.48027,7.305249999999999,,,,,,,,Same plant as EMSLAND_GTD1 — the 1877 MW Emsland CCGT at Lingen; GTD2 is another gas turbine unit in the same complex.
redispatch_2021,Kühtai 1 (TIWAG),,,,,none,geocoded_unmatched,YES,,47.32,11.272,,,no,,,,,,,"Kühtai is a high-altitude pumped storage power plant operated by TIWAG (Tiroler Wasserkraft AG) in Austria, located at approximately 47.320°N 11.272°E. None of the candidates in the list correspond to this plant — all candidates are small CHP, biogas, solar, or small hydro run-of-river units located north of the Austrian border in Germany (primarily around Garmisch-Partenkirchen). The Kühtai pumped storage plant is an Austrian facility not represented in the candidate list."
redispatch_2021,München Süd DT 1,59502.0,Dt,Natural Gas,389.7,medium,claude,,,,,50.027031,8.2409,,,,,,,,"München Süd DT 1 refers to a steam turbine unit in south Munich; id=59502 'Dt' is a 389.7 MW Natural Gas Steam Turbine at 50.027°N 8.241°E — though the location is not München Süd, it is the largest 'Dt' candidate and associated with a major urban gas plant complex. However, no candidate clearly matches München Süd, so this is uncertain."
redispatch_2021,VIANDEN_3,2024.0,Psw Vianden Luxembourg,Hydro,1291.0,high,geocoded_match,,,49.931,6.215,,,no,,,,,,,"VIANDEN_3 is located at 49.931°N 6.215°E with energy type 'Sonstiges' (which fits pumped storage hydro). The PSW Vianden Luxembourg (id=2024) is a massive 1291 MW hydro pumped storage plant located at 49.952°N 6.180°E, very close to the redispatch coordinates and directly named 'Vianden'. All other candidates are small solar/biogas/wind plants that don't match the 'Sonstiges' energy type or the Vianden name. The VIANDEN_x naming series clearly refers to different units/pumps of the Vianden pumped storage plant."
redispatch_2021,GTKW-DA-GT12,55966.0,Da,Natural Gas,13.04,medium,claude,,,,,49.898,8.654,,,,,,,,"GTKW-DA-GT12 appears to refer to a gas turbine plant in Darmstadt (DA); id=55966 'Da' is a 13 MW Natural Gas CCGT at 49.898°N 8.654°E, which is the Darmstadt area, making it the best match."
redispatch_2021,Waldeck 1,29.0,Waldeck,Hydro,555.0,high,claude,,,,,51.16743333333333,9.046336666666669,,,,,,,,Waldeck is the 555 MW pumped storage hydro plant at 51.167°N 9.046°E; 'Waldeck 1' refers to the first unit of this well-known pumped storage facility in Hesse.
redispatch_2021,Netzreservekraftwerk Weiher/C,264.0,Weiher,Hard Coal,655.6,high,claude,,,,,49.333966,7.028434,,,,,,,,"Weiher is the 655.6 MW hard coal plant at 49.334°N 7.028°E; '/C' denotes block C of the Weiher power station, which was held in network reserve (Netzreserve)."
redispatch_2021,KKE_A,3307.0,Emsland Kke,Nuclear,1336.0,high,claude,,,,,52.472897,7.32414,,,,,,,,"KKE stands for Kernkraftwerk Emsland, and 'A' is the single reactor block designation; id=3307 'Emsland Kke' is the 1336 MW nuclear plant at 52.473°N 7.324°E."
redispatch_2021,Netzreservekraftwerk Bexbach/A,322.0,Bexbach,Hard Coal,726.0,high,claude,,,,,49.36139,7.237308,,,,,,,,"Bexbach is the 726 MW hard coal plant at 49.361°N 7.237°E; '/A' denotes block A of this plant, which was designated as Netzreservekraftwerk (network reserve power plant)."
redispatch_2021,Freimann GT12,690.0,Swm Freimann,Natural Gas,105.219,high,claude,,,,,48.189,11.596,,,,,,,,SWM Freimann is the 105.2 MW natural gas CCGT plant in Munich-Freimann at 48.189°N 11.596°E; GT12 is a gas turbine unit designation within this facility.
redispatch_2021,Freimann GT11,690.0,Swm Freimann,Natural Gas,105.219,high,claude,,,,,48.189,11.596,,,,,,,,"SWM Freimann is the Stadtwerke München gas plant in Freimann (Munich), at 48.189°N 11.596°E, matching the 'Freimann' name; GT11 refers to a gas turbine unit at that site."
redispatch_2021,VIANDEN_1,2024.0,Psw Vianden Luxembourg,Hydro,1291.0,high,geocoded_match,,,49.931,6.215,,,no,,,,,,,"VIANDEN_1 is located at 49.931°N 6.215°E with energy type 'Sonstiges'. Same reasoning as VIANDEN_3 — the PSW Vianden Luxembourg (id=2024) is a 1291 MW hydro pumped storage plant at 49.952°N 6.180°E, the only plausible match given location and the 'Vianden' name. The individual unit numbering (_1, _3, _4) refers to different pump-turbine units of the same plant."
redispatch_2021,Silz 1 (TIWAG),,,,,none,geocoded_unmatched,YES,,47.264,10.93,,,no,,,,,,,"Silz 1 (TIWAG) refers to the TIWAG Hydropower plant Silz/Kühtai in Tyrol, Austria (approximately 47.264°N 10.930°E). This is a large Austrian pumped storage plant operated by TIWAG. None of the candidates within 30 km match — all candidates are small German plants (biogas, run-of-river, solar PV) located near Garmisch-Partenkirchen, far from the actual Silz location. The plant itself is in Austria and not represented in the German candidate list."
redispatch_2021,LUDWHN_A800_GT11,70340.0,Gt,Natural Gas,47.0,medium,claude,,,,,49.494936,8.434017,,,,,,,,"LUDWHN likely refers to Ludwigshafen; the 'Gt' CCGT at 49.495°N 8.434°E (47 MW) is near Ludwigshafen/Mannheim area, and candidate id=2748 'Gud Sud' at the same coordinates (165.5 MW) also fits; GT11 suggests a gas turbine unit, with id=70340 being the smaller GT entry at that location."
redispatch_2021,50H-OWP-Wikinger,,MaStR aggregate near Barth,Wind,14.52,none,mastr_match,YES,,54.417,12.754,,,replaced,"SEE912713160080,SEE992314901190,SEE984844558852,SEE920321294134,SEE974542235452,SEE911459516359,SEE966197204112,SEE940078388542,SEE962673459786,SEE961920639247,SEE984787228713,SEE968330135680,SEE924385086568,SEE971745106190,SEE946782607269,SEE930565481382,SEE996693927857,SEE991981727850",14.52,18.0,,,,"OWP Wikinger is an offshore wind park located in the Baltic Sea at approximately 54.417°N 12.754°E. None of the candidates in the list are offshore wind plants — all are onshore wind, solar PV, or biogas units. The offshore wind farm Wikinger is not represented among the candidates, which only contain onshore/terrestrial plants in the broader Stralsund/Rügen area."
redispatch_2021,50H UW MIO Baltic 1+2,32078.0,Baltic,Wind,350.6999999999999,high,claude,,,,,54.904974653465345,13.056202386138612,,,,,,,,"Baltic 1 and Baltic 2 are offshore wind farms in the Baltic Sea; id=32078 'Baltic' (350.7 MW Wind Offshore, 54.905°N 13.056°E) is the best match representing the Baltic 1+2 complex."
redispatch_2021,NEURATH_A_110kV,272.0,Neurath,Lignite,4211.0,high,claude,,,,,51.037649,6.612286,,,,,,,,"Neurath is the large RWE lignite power plant (id=272, 4211 MW) at 51.038°N 6.612°E; 'A_110kV' refers to a connection point/block within that plant."
redispatch_2021,50H OWP MIO Baltic 1+2,32078.0,Baltic,Wind,350.6999999999999,high,claude,,,,,54.904974653465345,13.056202386138612,,,,,,,,Same as '50H UW MIO Baltic 1+2' — refers to the Baltic 1+2 offshore wind farms; id=32078 'Baltic' (350.7 MW Wind Offshore) is the correct match.
redispatch_2021,BERGKAMEN_A,274.0,Bergkamen,Hard Coal,720.0,high,claude,,,,,51.636945,7.619083,,,,,,,,"Bergkamen is the hard coal power plant (id=274, 720 MW) at 51.637°N 7.619°E; 'A' denotes block A of that plant."
redispatch_2021,VIANDEN_4,2024.0,Psw Vianden Luxembourg,Hydro,1291.0,high,geocoded_match,,,49.93,6.2,,,no,,,,,,,"VIANDEN_4 is located at 49.930°N 6.200°E with energy type 'Sonstiges'. Same reasoning as VIANDEN_1 and VIANDEN_3 — the PSW Vianden Luxembourg (id=2024) at 49.952°N 6.180°E is the only plausible match, being a 1291 MW hydro pumped storage plant directly named 'Vianden'. The unit suffix _4 refers to a specific pump-turbine unit."
redispatch_2021,EMSLAND_GTC1,1157.0,Emsland,Natural Gas,1877.0,high,claude,,,,,52.48027,7.305249999999999,,,,,,,,Emsland (id=1157) is the large 1877 MW natural gas CCGT plant at 52.480°N 7.305°E; GTC1 refers to gas turbine C block unit 1 within this plant.
redispatch_2021,HKW-OF-EVO,1075.0,Offenbach Evo,Hard Coal,54.0,high,geocoded_match,,,50.1,8.76,,,yes,SEE954169155876,54.7,1.0,1.013,,,"HKW-OF-EVO stands for Heizkraftwerk Offenbach EVO (Energieversorgung Offenbach). The candidate id=1075 'Offenbach Evo' is a 54 MW hard coal steam turbine at 50.112°N 8.745°E, very close to the redispatch coordinates (50.100°N 8.760°E) and directly named after EVO Offenbach. Energy type 'Konventionell' fits coal-fired generation. This is clearly the best match."
redispatch_2021,VoelklingenGT,70337.0,Gt,Natural Gas,14.838,medium,claude,,,,,50.706211,6.649895,,,,,,,,"Völklingen is a city in Saarland; the 'Gt' CCGT at 50.706°N 6.650°E (14.8 MW) is the closest geographic match among the generic GT candidates for a gas turbine in western Germany, though the match is uncertain without a named Völklingen entry."
redispatch_2021,OWP Riffgat,124206.0,Riffgat,Wind,113.4,high,claude,,,,,53.69243143333333,6.475444666666667,,,,,,,,"Riffgat is an offshore wind farm near Borkum (id=124206, 113.4 MW Wind Offshore, 53.692°N 6.475°E), which directly matches the name."
redispatch_2021,SCHOLVEN_B,269.0,Scholven,Hard Coal,760.0,high,claude,,,,,51.599970000000006,7.00565,,,,,,,,"Scholven (id=269, 760 MW Hard Coal) at 51.600°N 7.006°E is the Scholven power plant; 'B' refers to block B of that multi-unit plant."
redispatch_2021,EMSLAND_GTB1,1157.0,Emsland,Natural Gas,1877.0,high,claude,,,,,52.48027,7.305249999999999,,,,,,,,Emsland (id=1157) is the large 1877 MW natural gas CCGT plant at 52.480°N 7.305°E; GTB1 refers to gas turbine B block unit 1 within this plant.
redispatch_2021,HKW_BA_B1_DT_23,8656.0,Dt,Natural Gas,49.21,medium,claude,,,,,51.6886345,7.084752,,,,,,,,"HKW_BA likely refers to a heat and power plant in Bochum/Bielefeld area; 'DT' matches id=8656 'Dt' (Natural Gas Steam Turbine, 49.2 MW, 51.689°N 7.085°E), which is a district heating turbine entry; BA_B1 suggests block 1 at a BA-prefixed site."
redispatch_2021,HKW_BA_B1_GT_11,70343.0,Gt Anlage,Natural Gas,17.403,medium,claude,,,,,51.506036,8.979213,,,,,,,,"HKW_BA_B1_GT_11 refers to a gas turbine (GT) unit at an HKW-BA plant; id=70343 'Gt Anlage' (17.4 MW Natural Gas CCGT, 51.506°N 8.979°E) is a plausible match as a small GT unit, consistent with a block-level gas turbine entry."
redispatch_2021,GERSTEINW_K1,1283.0,Gersteinwerk,Hard Coal,665.5,high,claude,,,,,51.673532,7.720513,,,,,,,,"Gersteinwerk (id=1283, 665.5 MW Hard Coal) at 51.674°N 7.721°E matches 'GERSTEINW'; K1 refers to block/unit K1 of the Gersteinwerk hard coal plant."
redispatch_2021,SCHOLVEN_C,269.0,Scholven,Hard Coal,760.0,high,claude,,,,,51.599970000000006,7.00565,,,,,,,,"Scholven (id=269, 760 MW Hard Coal) at 51.600°N 7.006°E is the Scholven power plant; 'C' refers to block C of that multi-unit plant."
redispatch_2021,Kernkraftwerk Neckarwestheim Block 2,3251.0,Neckarwestheim 2 Gkn 2,Nuclear,1310.0,high,claude,,,,,49.040019,9.176408,,,,,,,,"The name explicitly references Neckarwestheim Block 2, which matches id=3251 'Neckarwestheim 2 Gkn 2', a Nuclear Steam Turbine at 1310 MW at the correct location (49.040°N 9.176°E)."
redispatch_2021,Emsland Block D pool,1157.0,Emsland,Natural Gas,1877.0,medium,claude,,,,,52.48027,7.305249999999999,,,,,,,,"Emsland is a large gas CCGT plant (id=1157, 1877 MW) operated by RWE in Lingen; 'Block D' likely refers to one of its generating units. The nuclear plant id=3307 is also at Emsland but 'pool' and block designation are more consistent with the gas plant's multi-unit structure."
redispatch_2021,B¿rse,,,,,none,unresolvable,YES,,,,,,,,,,,,,The entry contains a corrupted character ('¿') and appears to be either corrupted data or an operator code without clear geographic reference. Cannot reliably identify a location.
redispatch_2021,D4_SWSW_ANT_RWE,,,,,none,unresolvable,YES,,,,,,,,,,,,,"Operator code format with no geographic referent. D4, SWSW, ANT, and RWE appear to be internal identifiers or company codes without location information."
redispatch_2021,Kühtai 2 (TIWAG),,,,,none,geocoded_unmatched,YES,,47.28,11.35,,,no,,,,,,,"Kühtai 2 (TIWAG) refers to the TIWAG Kühtai pumped storage power plant in Tyrol, Austria. The coordinates 47.280°N 11.350°E point to the Austrian Alps near Innsbruck. None of the candidates match — all are small German plants (run-of-river hydro, gas engines, biogas, solar PV) near Garmisch-Partenkirchen. The actual Kühtai plant is in Austria and not represented in the German plant database."
redispatch_2021,AMP_WESTNETZ_NAHE_TEL,,MaStR aggregate near Fürfeld,Wind,128.546,none,mastr_match,YES,,49.75,7.88,,,replaced,"SEE991916640506,SEE923513221741,SEE968852355627,SEE972812900192,SEE959875977347,SEE952739980729,SEE993812630674,SEE960276767796,SEE990687049211,SEE965513332119,SEE905032035894,SEE979834258577,SEE905954281386,SEE981541386863,SEE902683762001,SEE967821545625,SEE991980519456,SEE901960361302,SEE996076673869,SEE919288176331,SEE992892842380,SEE954236036428,SEE974940830792,SEE974965907585,SEE965234528259,SEE918968732089,SEE909774425463,SEE998985589316,SEE941852285569,SEE916985858041,SEE998197814657,SEE972562305667,SEE933700432010,SEE933524402626,SEE985941163475,SEE904378235456,SEE967383787815,SEE986833622568,SEE913077166305,SEE925827816866,SEE980554289420,SEE927133254684,SEE915882492358,SEE943509835110,SEE994319423486,SEE933800899362,SEE948791458351,SEE910241006825,SEE978179852334,SEE947235844668,SEE943166452095,SEE943190159830,SEE946191706096,SEE937024675252,SEE910269710575,SEE928838105103,SEE905987910512,SEE943593261901,SEE961147507169,SEE925360966578,SEE955675224087,SEE957278562962,SEE986028763069,SEE956434492075,SEE964675025693",128.546,65.0,,,,"AMP_WESTNETZ_NAHE_TEL appears to refer to a grid/telecontrol node or substation in the Nahe region (Rhineland-Palatinate) operated by Westnetz under Amprion TSO, rather than a specific generation plant. The name 'TEL' suggests a telecommunications/control node. While many wind and solar plants are listed as candidates near 49.750°N 7.880°E, none specifically matches this designation which appears to be a grid infrastructure element rather than a generation asset."
redispatch_2021,PSW Rönkhausen,31.0,Pumpspeicherwerk Ronkhausen Psw,Hydro,138.0,high,claude,,,,,51.227233,7.971745,,,,,,,,"id=31 'Pumpspeicherwerk Ronkhausen Psw' is a Hydro Pumped Storage plant at 138 MW located at 51.227°N 7.972°E, directly matching 'PSW Rönkhausen'."
redispatch_2021,Heyden,316.0,Heyden,Hard Coal,875.0,high,claude,,,,,52.379,8.997,,,,,,,,"id=316 'Heyden' is a Hard Coal Steam Turbine at 875 MW located at 52.379°N 8.997°E, an exact name match for the large coal plant Kraftwerk Heyden."
redispatch_2021,50H HAP Halle-Dieselstr HKW-BlockC,2776.0,Halle Trotha,Natural Gas,66.991,medium,claude,,,,,51.523806,11.943448,,,,,,,,"id=2776 'Halle Trotha' is a Natural Gas CCGT plant at 67 MW in Halle (51.524°N 11.943°E), which is the most plausible match for a Halle-area heating power plant block among the candidates; the Dieselstraße HKW in Halle is associated with this site."
redispatch_2021,HAP Jänschwalde (Standort),315.0,Janschwalde,Lignite,3000.0,high,claude,,,,,51.835981,14.453465,,,,,,,,"id=315 'Janschwalde' is a Lignite Steam Turbine at 3000 MW at 51.836°N 14.453°E, directly matching the Jänschwalde lignite power plant site."
redispatch_2021,HAP Lippendorf VE,313.0,Lippendorf,Lignite,1782.0,high,claude,,,,,51.1769265,12.376704,,,,,,,,"id=313 'Lippendorf' is a Lignite Steam Turbine at 1782 MW at 51.177°N 12.377°E; 'VE' refers to Vattenfall/LEAG operator designation, matching the Lippendorf lignite plant."
redispatch_2021,HAP Schkopau,270.0,Schkopau,Lignite,900.0,high,claude,,,,,51.401111,11.950833,,,,,,,,"id=270 'Schkopau' is a Lignite Steam Turbine at 900 MW at 51.401°N 11.951°E, directly matching the Schkopau lignite power plant."
redispatch_2021,HAP Schwarze Pumpe (Standort),268.0,Schwarze Pumpe,Lignite,1510.0,high,claude,,,,,51.531359,14.348723,,,,,,,,"id=268 'Schwarze Pumpe' is a Lignite Steam Turbine at 1510 MW at 51.531°N 14.349°E, directly matching the Schwarze Pumpe lignite plant site."
redispatch_2021,HAP Boxberg (Standort),323.0,Boxberg,Lignite,2470.0,high,claude,,,,,51.41333425,14.563203,,,,,,,,"id=323 'Boxberg' is a Lignite Steam Turbine at 2470 MW at 51.413°N 14.563°E, directly matching the Boxberg lignite power plant site."
redispatch_2021,VIANDEN_11,2024.0,Psw Vianden Luxembourg,Hydro,1291.0,high,geocoded_match,,,49.93,6.2,,,no,,,,,,,"The name 'VIANDEN_11' clearly refers to the Pumped Storage plant Vianden (PSW Vianden Luxembourg), which is a large hydro pumped storage facility located at 49.952°N 6.180°E, very close to the entry coordinates 49.930°N 6.200°E. It is the only major plant matching both the location and the 'Sonstiges' (pumped storage) energy type. The '11' likely refers to machine/unit 11 within the plant."
redispatch_2021,DORMAGEN_GT2,1153.0,Dormagen,Natural Gas,562.0,high,claude,,,,,51.086969,6.818407,,,,,,,,"id=1153 'Dormagen' is a Natural Gas CCGT at 562 MW at 51.087°N 6.818°E, directly matching the Dormagen gas plant; 'GT2' refers to gas turbine unit 2 at that site."
redispatch_2021,Emsland Block C pool,1157.0,Emsland,Natural Gas,1877.0,medium,claude,,,,,52.48027,7.305249999999999,,,,,,,,Same reasoning as 'Emsland Block D pool': id=1157 'Emsland' Natural Gas CCGT (1877 MW) is the multi-block gas plant in Lingen; Block C is one of its units.
redispatch_2021,Bexbach A,322.0,Bexbach,Hard Coal,726.0,high,claude,,,,,49.36139,7.237308,,,,,,,,"id=322 'Bexbach' is a Hard Coal Steam Turbine at 726 MW at 49.361°N 7.237°E, directly matching the Bexbach coal plant; 'A' denotes the block designation."
redispatch_2021,WP Kaskasi,94899.0,Owp Kaskasi,Wind,342.0,high,claude,,,,,54.48880481578948,7.691322236842105,,,,,,,,"id=94899 'Owp Kaskasi' is a Wind Offshore plant at 342 MW at 54.489°N 7.691°E, directly matching the Kaskasi offshore wind farm."
redispatch_2021,Weiher C,264.0,Weiher,Hard Coal,655.6,high,claude,,,,,49.333966,7.028434,,,,,,,,"id=264 'Weiher' is a Hard Coal Steam Turbine at 655.6 MW at 49.334°N 7.028°E, matching the Weiher coal plant; 'C' denotes block C at that site."
redispatch_2021,SWDU_HKW_3A,136212.0,Swd Kwf,Waste,102.6,medium,claude,,,,,51.225419,6.815135,,,,,,,,"SWDU likely stands for Stadtwerke Düsseldorf, and HKW (Heizkraftwerk) with block 3A matches 'Swd Kwf' (Stadtwerke Düsseldorf Kraftwerk) at 51.225°N 6.815°E, which is in Düsseldorf and is a Waste Steam Turbine with 102.6 MW capacity."
redispatch_2021,Vianden M1-M4,2024.0,Psw Vianden Luxembourg,Hydro,1291.0,high,geocoded_match,,,49.93,6.2,,,no,,,,,,,"'Vianden M1-M4' refers to machines 1 through 4 of the PSW Vianden pumped storage plant in Luxembourg. The only matching candidate is id=2024 'Psw Vianden Luxembourg' at 49.952°N 6.180°E, a 1291 MW hydro pumped storage plant very close to the entry coordinates. The 'Sonstiges' energy type is consistent with pumped storage."
redispatch_2021,ROENKHAUSEN_PSW1,31.0,Pumpspeicherwerk Ronkhausen Psw,Hydro,138.0,high,claude,,,,,51.227233,7.971745,,,,,,,,"ROENKHAUSEN_PSW1 directly refers to Pumpspeicherwerk Ronkhausen (PSW = Pumpspeicher), and id=31 'Pumpspeicherwerk Ronkhausen Psw' is a 138 MW Hydro Pumped Storage plant at 51.227°N 7.972°E, which is an exact match."
redispatch_2021,Grosskraftwerk Mannheim Block 6 7 und 8,1083.0,Grosskraftwerk Mannheim,Hard Coal,1983.0,high,claude,,,,,49.446975,8.492516,,,,,,,,"id=1083 'Grosskraftwerk Mannheim' is a 1983 MW Hard Coal Steam Turbine at 49.447°N 8.493°E, directly matching the Grosskraftwerk Mannheim (GKM) which houses blocks 6, 7, and 8."
redispatch_2021,INFRA_HOE_GTX2,15693.0,Infraserv Hoechst,Natural Gas,419.1,high,claude,,,,,50.091838,8.531305,,,,,,,,"INFRA_HOE refers to Infraserv Höchst (Hoechst industrial park), and GTX2 indicates a gas turbine unit; id=15693 'Infraserv Hoechst' is a 419.1 MW Natural Gas Steam Turbine at 50.092°N 8.531°E, which is the large gas-fired plant at that site."
redispatch_2021,50H EnviaTherm Bitterfeld-Wolfen GuD,3320.0,Gud Bitterfeld,Natural Gas,108.0,high,claude,,,,,51.62902,12.304538,,,,,,,,"id=3320 'Gud Bitterfeld' is a 108 MW Natural Gas CCGT at 51.629°N 12.305°E, directly matching the EnviaTherm (Envia subsidiary) GuD (gas-and-steam combined cycle) plant in Bitterfeld-Wolfen."
redispatch_2021,München Süd GT 61,,MaStR aggregate near München,Oil,91.256,medium,mastr_match,,,48.1351,11.582,,,replaced,"SEE914909181831,SEE954390373476,SEE940606284421,SEE931186003410,SEE923175079216,SEE973979847467,SEE964632071060,SEE937564250131,SEE954973535062,SEE957245518831,SEE902386004545,SEE949099544203,SEE947295084998,SEE911887432757,SEE918397495210,SEE989566551327,SEE953966919247,SEE919912791824,SEE902302188045,SEE916579289664,SEE929731313602,SEE998329487742,SEE935659962952,SEE972679721350,SEE994321745057,SEE997830645054,SEE957986958330,SEE903096585461,SEE991941888577,SEE906259637021,SEE972956503754,SEE947315787694,SEE989934206842,SEE901661152001,SEE957933501954,SEE960856713700,SEE989291420004,SEE972809162053,SEE940612895116,SEE959134597194,SEE940395489090,SEE943645540084,SEE902246920435,SEE963890900488,SEE989654941177,SEE978215804051,SEE922749258330,SEE929225441712,SEE952739203866,SEE961821169805,SEE992724213845,SEE921278805602,SEE959232096865,SEE903014808818,SEE998066529149,SEE927961561473,SEE950461766369,SEE920772551916,SEE924460933176,SEE942653587166,SEE958975508987,SEE943147457965,SEE946907902569,SEE954972455767,SEE962741350663,SEE962779308902,SEE955160909369,SEE921898625420,SEE925649785746,SEE992830212060,SEE908375554572,SEE995645516149,SEE924273849367,SEE987254383410,SEE903125785206,SEE956239151481,SEE924587624940,SEE942954311361,SEE941400985897,SEE954752179210,SEE928326303073,SEE972733936683,SEE930171710982,SEE975896439381,SEE905082458049,SEE952864942364,SEE980318809451,SEE928310460188,SEE934058244393,SEE942577891288,SEE970573275252,SEE966529756968,SEE928392305223,SEE986023598925",91.256,94.0,23.7645,,3.84,"'München Süd GT 61' refers to a gas turbine (GT) unit at München Süd. The candidate 'Swm Sued Gud' (id=136279) is located at 48.114°N 11.556°E in the south of Munich and is operated by SWM (Stadtwerke München). 'Sued' means 'south' in German and 'GT' matches gas turbine, making this the best candidate among the list. The coordinates are close (~2.4 km south of the entry point), and it is the most capacious and named 'Süd'."
redispatch_2021,Wolfsburg Nord A,25081.0,Wolfsburg North,Hard Coal,140.0,medium,claude,,,,,52.431703,10.786957,,,,,,,,"id=25081 'Wolfsburg North' is a 140 MW Hard Coal Steam Turbine at 52.432°N 10.787°E, matching Wolfsburg Nord; id=6137 'Nord' at 52.433°N 10.786°E is also a candidate but 'Wolfsburg North' is the more explicit name match."
redispatch_2021,Wolfsburg West 2,1149.0,West,Hard Coal,277.0,high,claude,,,,,52.4424555,10.762681,,,,,,,,"id=1149 'West' is a 277 MW Hard Coal Steam Turbine at 52.442°N 10.763°E, located in Wolfsburg and matching the 'Wolfsburg West' designation; block 2 refers to a unit within the West plant."
redispatch_2021,ROENKHAUSEN_PSW2,31.0,Pumpspeicherwerk Ronkhausen Psw,Hydro,138.0,high,claude,,,,,51.227233,7.971745,,,,,,,,ROENKHAUSEN_PSW2 refers to the second pump/turbine unit of Pumpspeicherwerk Ronkhausen; id=31 'Pumpspeicherwerk Ronkhausen Psw' is the only pumped storage plant in the candidate list and is the correct facility.
redispatch_2021,NIEHL-II-GT,1148.0,Gud Niehl Rheinenergie,Natural Gas,727.0,high,claude,,,,,50.974163,6.988567666666666,,,,,,,,"NIEHL-II-GT refers to the gas turbine at the Niehl II power plant operated by RheinEnergie in Cologne-Niehl; id=1148 'Gud Niehl Rheinenergie' is a 727 MW Natural Gas CCGT at 50.974°N 6.989°E, which is the Niehl II combined cycle plant."
redispatch_2021,NEURATH_C,272.0,Neurath,Lignite,4211.0,high,claude,,,,,51.037649,6.612286,,,,,,,,"NEURATH_C refers to Block C of the lignite power plant Neurath operated by RWE; id=272 'Neurath' is a 4211 MW Lignite Steam Turbine at 51.038°N 6.612°E, the only Neurath plant entry in the candidates."
redispatch_2021,50H Hamburg Wedel1 Block1,267.0,Wedel,Hard Coal,253.0,high,claude,,,,,53.568151,9.724102,,,,,,,,"id=267 'Wedel' is a 253 MW Hard Coal Steam Turbine at 53.568°N 9.724°E, directly matching the Wedel power plant (HW Wedel) Block 1 in Hamburg operated by Vattenfall/Hamburg Wärme."
redispatch_2021,Bremen 15,3290.0,Bhkw Hastedt,Natural Gas,210.22996,medium,geocoded_match,,,53.0795,8.8231,,,yes,"SEE977172269798,SEE952047118593,SEE982558157699,SEE996565910796,SEE908249924593,SEE983252842065,SEE987352476120,SEE907356931388,SEE934372927361,SEE932437662240,SEE946799168432,SEE902301454530,SEE960545665396,SEE993810808631,SEE950194991281,SEE969713573495,SEE970821897946,SEE989496746206,SEE913354667648,SEE978779086283,SEE955081887289,SEE903287165731,SEE919314748167,SEE960039281002,SEE940226388202,SEE967517967144,SEE969473819574,SEE960142247162,SEE980129379501,SEE986456386021,SEE938109485483,SEE939419917459,SEE965867905335,SEE994072954180,SEE948130318049,SEE972922507168,SEE906392287978,SEE910929866741,SEE927787059284,SEE915137840866,SEE905751443291,SEE960175509510,SEE940200876787,SEE966202630769,SEE998984417467,SEE931121035629,SEE929246580575,SEE962765808843,SEE931045947961,SEE910691179933,SEE917578336526",127.103,51.0,0.6046,,,"'Bremen 15' likely refers to a major conventional power plant unit in Bremen. The BHKW Hastedt (id=3290) is a large 210.2 MW Natural Gas CCGT plant located at 53.059°N 8.875°E in Bremen, which is the most significant conventional generation unit in the candidate list. The number '15' could refer to a unit or block designation. Alternatively, id=729 Hastedt (Hard Coal, 119 MW) is co-located. Given the 'Konventionell' type and the size, BHKW Hastedt (CCGT) is the best single match."
redispatch_2021,SWDU_HKW_3B,136212.0,Swd Kwf,Waste,102.6,medium,claude,,,,,51.225419,6.815135,,,,,,,,SWDU_HKW_3B is block 3B of the same Stadtwerke Düsseldorf Heizkraftwerk; id=136212 'Swd Kwf' (Stadtwerke Düsseldorf Kraftwerk) at 51.225°N 6.815°E is the matching plant entry for both block 3A and 3B of that facility.
redispatch_2021,50H Stralsund BHKW+P2H,,MaStR aggregate near Stralsund,Natural Gas,15.597,high,mastr_match,,,54.3088,13.0947,,,replaced,"SEE986866815333,SEE941984982824,SEE929096299559,SEE976439680413,SEE970641918777,SEE987436210930,SEE947218715039,SEE962538010190",15.597,8.0,17.33,,0.9,"'50H Stralsund BHKW+P2H' refers to a BHKW (combined heat and power) with Power-to-Heat in Stralsund, instructed by 50Hertz. The cluster of BHKW units (id=41484, 41486, 41489, 41490, 41491, 41492) all located at 54.301°N 13.105°E in Stralsund are Natural Gas Combustion Engines, matching the BHKW description. They are the closest and most numerous BHKW cluster to the entry coordinates (54.309°N 13.095°E) in Stralsund."
redispatch_2021,NIEDERAUSSEM_F,312.0,Niederaussem,Lignite,3109.0,high,claude,,,,,50.990677,6.669720000000001,,,,,,,,"NIEDERAUSSEM_F refers to Block F of the lignite power plant Niederaussem operated by RWE; id=312 'Niederaussem' is a 3109 MW Lignite Steam Turbine at 50.991°N 6.670°E, the only Niederaussem plant in the candidates."
redispatch_2021,AMP_WESTNETZ_MUENSTERLAND_TEL,19179.0,Munster Port,Natural Gas,104.1,medium,geocoded_match,,,51.97,7.62,,,yes,"SEE958026263100,SEE991633857065,SEE924909675933,SEE936901240446,SEE992853301420,SEE906423599506,SEE942531025094,SEE903198184920,SEE973079370261,SEE990409742697,SEE906983662177,SEE925685717091,SEE978059824680,SEE925598234692,SEE940654273019,SEE927628302746,SEE997599964830,SEE969421917635,SEE927598527279,SEE930587992248,SEE954780670246,SEE945653237437,SEE963429204087,SEE937486826704,SEE930581947473,SEE999330324835,SEE921239271408,SEE925067145375,SEE997758679797,SEE937389104923,SEE983391200658,SEE940630642556,SEE975168215927,SEE980634280392,SEE993164823854",79.723,35.0,0.7658,,,"'AMP_WESTNETZ_MUENSTERLAND_TEL' is an Amprion redispatch entry for the Münsterland region. The name 'TEL' likely refers to a telecontrolled or large plant. The largest conventional plant in the area is 'Munster Port' (id=19179), a 104.1 MW Natural Gas CCGT at 51.950°N 7.641°E. This is the dominant generation asset in Münster and would be the primary redispatch target for Amprion in this area. The 'Sonstiges' type could encompass various plant types including CCGT."
redispatch_2021,AMP_WESTNETZ_SAUERLAND_TEL,140313.0,Wasserkraft Mohne,Hydro,5.0,low,geocoded_match,YES,,51.45,8.15,,,yes,"SEE935233626713,SEE965024260352,SEE932294514140,SEE952713963694,SEE919981255890,SEE930946632914",1.225,6.0,0.245,,,"'AMP_WESTNETZ_SAUERLAND_TEL' is an Amprion redispatch entry for the Sauerland region, with 'TEL' suggesting a telecontrolled asset. The coordinates (51.450°N 8.150°E) point to the Möhnesee/Arnsberg area. The most significant 'Sonstiges' or controllable asset near these coordinates is 'Wasserkraft Mohne' (id=140313), a 5 MW hydro reservoir plant at 51.490°N 8.054°E. However, no candidate perfectly matches all criteria; this is the largest dispatchable plant near the entry."
redispatch_2021,LINGEN-GT2,8701.0,Bp Lingen,Natural Gas,66.1,high,claude,,,,,52.56256,7.303027,,,,,,,,"LINGEN-GT2 refers to gas turbine unit 2 at the Lingen power complex; id=8701 'Bp Lingen' is a 66.1 MW Natural Gas CCGT at 52.563°N 7.303°E, located near Lingen and matching a gas turbine unit there."
redispatch_2021,50H Hamburg MMB BHKW P2H,,MaStR aggregate near Hamburg,Natural Gas,166.873,medium,mastr_match,,,53.5511,9.9937,,,replaced,"SEE973046128413,SEE942434555476,SEE985017854399,SEE991098100768,SEE910922926855,SEE992743658542,SEE989593041341,SEE910448899923,SEE963586427886,SEE914723402501,SEE980985282274,SEE979426948916,SEE922302225069,SEE922834732516,SEE911337993852,SEE913692602349,SEE908620234501,SEE906759836191,SEE979149033760,SEE921835569152,SEE936086162793,SEE953131529097,SEE908401362003,SEE984582085719,SEE953857132311,SEE979874773863,SEE971645631402,SEE957314384534,SEE993533972794,SEE979606434307,SEE994846175667,SEE958405010172,SEE914668450902,SEE913036464701,SEE959940039307,SEE906231810480,SEE955557469513,SEE935920524582,SEE914667241556,SEE972934270883,SEE953380211620,SEE945514567512,SEE971295046328,SEE974635191672,SEE973467134123,SEE958830489444,SEE949306551550,SEE913896693631,SEE903050015065,SEE908783929184,SEE933987617599,SEE991299080678,SEE954367504490,SEE975217906967,SEE972598164399,SEE983369131694,SEE986232575885,SEE989397541245,SEE989030439922,SEE940755878717,SEE901899686057,SEE972904250846,SEE917581521285,SEE909482226390,SEE987914287799,SEE954061293126,SEE990885219812,SEE988021121099,SEE948231227417,SEE993033085017,SEE990518154640,SEE992485633241,SEE995780068992,SEE932967753425,SEE937519962409,SEE971581113871,SEE932126426986,SEE914031847971,SEE909573351604,SEE998587567514,SEE903975070347,SEE935848768938,SEE905858551059,SEE926685549156,SEE905414247426,SEE921812808021,SEE936140719765,SEE995171958970,SEE928480906479,SEE999106955379,SEE952984355860,SEE972455308812",166.873,92.0,7.9426,,21.009749999999997,"'50H Hamburg MMB BHKW P2H' refers to a BHKW with Power-to-Heat in Hamburg, dispatched by 50Hertz. 'MMB' could refer to a district or operator. The candidate 'Kwk Hamburg' (id=82762) is a 21 MW Natural Gas Combustion Engine at 53.576°N 10.017°E in Hamburg, which is the largest BHKW/KWK (combined heat and power) unit in the candidate list and is close to the entry coordinates (53.551°N 9.994°E). It is the most plausible match for a BHKW+P2H redispatch target in Hamburg."
redispatch_2021,LINGEN-GT1,8701.0,Bp Lingen,Natural Gas,66.1,medium,claude,,,,,52.56256,7.303027,,,,,,,,"Lingen GT1 refers to a gas turbine at Lingen; id=8701 'Bp Lingen' is a Natural Gas CCGT at 52.563°N 7.303°E (Lingen area), making it the best match. The nuclear plant id=8668 is also at Lingen but is a nuclear steam turbine, not a GT."
redispatch_2021,Irsching 3,3315.0,Irsching,Oil,415.0,high,claude,,,,,48.767533,11.580019,,,,,,,,"Irsching 3 is a known oil/steam turbine unit at the Irsching power plant site; id=3315 'Irsching' Oil Steam Turbine at 48.768°N 11.580°E matches perfectly, while id=721 covers the gas CCGT units."
redispatch_2021,Reisach 1,755.0,Rosshaupten Skw,Hydro,45.5,medium,geocoded_match,,,47.6667,10.7333,,,yes,"SEE935992835555,SEE903189842945,SEE924714158645,SEE978176260606,SEE995862682368,SEE907837230047,SEE946976628933,SEE903494881059,SEE981156704120,SEE928170228072,SEE952166308059,SEE950450991048,SEE913199703136",75.692,13.0,1.6636,,,"Located at 47.667°N 10.733°E with energy type 'Sonstiges'. The closest and most significant candidate is Rosshaupten Skw (id=755), a Hydro Reservoir with 45.5 MW at 47.654°N 10.750°E — only ~2 km away. 'Reisach' is a locality near Rosshaupten in the Lech valley. The 'Sonstiges' type is consistent with a reservoir/hydro storage plant. No other candidate is geographically closer or more plausible."
redispatch_2021,Reisach 2,1291.0,Prem,Hydro,19.200000000000003,medium,geocoded_match,,,47.6667,10.7333,,,yes,"SEE935992835555,SEE903189842945,SEE924714158645,SEE978176260606,SEE995862682368,SEE907837230047,SEE946976628933,SEE903494881059,SEE981156704120,SEE928170228072,SEE952166308059,SEE950450991048,SEE913199703136",75.692,13.0,3.9423,,,"Same coordinates (47.667°N 10.733°E) and energy type 'Sonstiges' as Reisach 1. Since Reisach 1 is matched to Rosshaupten Skw (id=755), Reisach 2 likely refers to the next closest significant hydro plant: Prem (id=1291), a Hydro Run-Of-River with 19.2 MW at 47.677°N 10.790°E, roughly ~4 km away. The Reisach numbering suggests sequential units at or near the same substation/location, and Prem is the next most plausible hydro match."
redispatch_2021,Reisach 3,755.0,Rosshaupten Skw,Hydro,45.5,low,geocoded_match,YES,,47.62,10.74,,,yes,"SEE922484588716,SEE911411690646,SEE981156704120,SEE933419267934,SEE928170228072,SEE952166308059,SEE950450991048,SEE913199703136",56.508,8.0,1.2419,,,"Located at 47.620°N 10.740°E, slightly south of Reisach 1 & 2. Energy type is 'Sonstiges'. The most significant nearby candidate remains Rosshaupten Skw (id=755) at 47.654°N 10.750°E (~3.8 km). However, since id=755 was already matched to Reisach 1, this may represent a different unit or measurement point of the same facility. No other candidate at these coordinates clearly fits 'Sonstiges' better. Confidence is low due to ambiguity."
redispatch_2021,WEISWEILER_F_110,258.0,Weissweiler,Lignite,1961.0,high,claude,,,,,50.837339,6.319244,,,,,,,,Weisweiler is a major lignite power plant in the Amprion grid area; id=258 'Weissweiler' Lignite Steam Turbine at 50.837°N 6.319°E with 1961 MW is the best match for block F at 110 kV.
redispatch_2021,Bremen BHKW,,MaStR aggregate near Bremen,Natural Gas,147.79,high,mastr_match,,,53.08,8.81,,,replaced,"SEE977172269798,SEE952047118593,SEE982558157699,SEE965594952473,SEE996565910796,SEE908249924593,SEE983252842065,SEE987352476120,SEE923412495311,SEE907356931388,SEE934372927361,SEE932437662240,SEE946799168432,SEE902301454530,SEE960545665396,SEE993810808631,SEE950194991281,SEE969713573495,SEE970821897946,SEE989496746206,SEE913354667648,SEE978779086283,SEE950243225749,SEE955081887289,SEE903287165731,SEE919314748167,SEE960039281002,SEE940226388202,SEE967517967144,SEE960142247162,SEE927820549208,SEE980129379501,SEE986456386021,SEE977050146562,SEE997706570718,SEE980968998024,SEE938109485483,SEE939419917459,SEE965867905335,SEE990572577669,SEE994072954180,SEE948130318049,SEE972922507168,SEE906392287978,SEE910929866741,SEE927787059284,SEE915137840866,SEE905751443291,SEE960175509510,SEE940200876787,SEE966202630769,SEE998984417467,SEE931121035629,SEE929246580575,SEE962765808843,SEE931045947961,SEE910691179933,SEE917578336526",147.79,58.0,1477.9003,,0.1,"Located at 53.080°N 8.810°E with energy type 'Konventionell'. The best match is id=39155 'Bhkw' (Natural Gas Combustion Engine, 0.1 MW) at 53.076°N 8.809°E — just ~0.5 km away and matching both name ('BHKW') and fuel type. The entry name 'Bremen BHKW' directly corresponds to a BHKW (Blockheizkraftwerk) in Bremen."
redispatch_2021,50H OWP Baltic 1+2 Süd MIO,32078.0,Baltic,Wind,350.6999999999999,high,claude,,,,,54.904974653465345,13.056202386138612,,,,,,,,OWP Baltic 1+2 refers to the Baltic 1 and Baltic 2 offshore wind parks operated under 50Hertz in the Baltic Sea; id=32078 'Baltic' Wind Offshore at 54.905°N 13.056°E is the primary match representing these parks.
redispatch_2021,NIEDERAUSSEM_E,312.0,Niederaussem,Lignite,3109.0,high,claude,,,,,50.990677,6.669720000000001,,,,,,,,"Niederaussem is a major lignite power plant (RWE) in the Amprion area; id=312 'Niederaussem' Lignite Steam Turbine at 50.991°N 6.670°E with 3109 MW is the clear match, with block E being one of its generating units."
redispatch_2021,HKW_ROEMER_LM600,,,,,none,unresolvable,YES,,,,,,,,,,,,,"This appears to be an operator/equipment code (HKW = Heizkraftwerk, ROEMER likely a manufacturer, LM600 a model number). While 'ROEMER' could theoretically be a place name, in this context it appears to be a manufacturer designation. No reliable geographic referent can be identified."
redispatch_2021,Leitzach 2 M21,298.0,Swm Leitzach,Hydro,92.0,medium,claude,,,,,47.874,11.871,,,,,,,,"Leitzach 2 refers to a unit of the SWM Leitzach hydro pumped storage plant; id=298 'Swm Leitzach' Hydro Pumped Storage at 47.874°N 11.871°E is the most plausible match, with M21 being a machine unit designator."
redispatch_2021,Leitzach 2 M22,298.0,Swm Leitzach,Hydro,92.0,medium,claude,,,,,47.874,11.871,,,,,,,,Same as Leitzach 2 M21 — both M21 and M22 are machine units within the same Leitzach 2 pumped storage facility; id=298 'Swm Leitzach' is the best available candidate.
redispatch_2021,Netzreservekraftwerk VOELKLINGEN_HKV,5072.0,Dillingen,Natural Gas,115.0,medium,claude,,,,,49.3512,6.7509,,,,,,,,"Völklingen is located in Saarland near Dillingen; id=5072 'Dillingen' Natural Gas CCGT at 49.351°N 6.751°E is geographically closest and most plausible for a Saarland network reserve plant, as no direct Völklingen entry exists."
redispatch_2021,Netzreservekraftwerk VOELKLINGEN_MKV,5072.0,Dillingen,Natural Gas,115.0,medium,claude,,,,,49.3512,6.7509,,,,,,,,Same reasoning as VOELKLINGEN_HKV — Völklingen Saarland network reserve; id=5072 'Dillingen' is the closest geographic and fuel-type match available in the candidate list.
redispatch_2021,Leitzach 1 M11,298.0,Swm Leitzach,Hydro,92.0,medium,claude,,,,,47.874,11.871,,,,,,,,"Leitzach 1 refers to a unit of the SWM Leitzach hydro plant; id=298 'Swm Leitzach' Hydro Pumped Storage at 47.874°N 11.871°E is the best available candidate, with M11 being a machine unit designator for unit 1."
redispatch_2021,WP_BEDBURG,33158.0,Bedburg,Wind,63.400000000000006,high,claude,,,,,51.03910945,6.5320319499999995,,,,,,,,WP_BEDBURG refers to the Windpark Bedburg; id=33158 'Bedburg' Wind Onshore at 51.039°N 6.532°E with 63.4 MW is the largest and most established wind park entry matching this location.
redispatch_2021,WP_BEDBURG A44N,144640.0,Windpark Bedburg,Wind,22.8,medium,claude,,,,,51.04169025,6.507481,,,,,,,,WP_BEDBURG A44N likely refers to a specific section of the Bedburg wind park near the A44 motorway; id=144640 'Windpark Bedburg' Wind Onshore at 51.042°N 6.507°E with 22.8 MW is a distinct Bedburg wind park entry that could correspond to this sub-section.
redispatch_2021,WP_TITZ,153024.0,Windpark Titz,Wind,4.5,high,claude,,,,,50.97337433333333,6.498206,,,,,,,,"WP_TITZ clearly refers to Windpark Titz; id=153024 'Windpark Titz' Wind Onshore at 50.973°N 6.498°E with 4.5 MW is the direct name match, consistent with the Amprion grid area."
redispatch_2021,Plattling GT,1146.0,Plattling,Natural Gas,117.235,high,claude,,,,,48.800832,12.868396,,,,,,,,Plattling GT refers to the gas turbine at the Plattling power plant; id=1146 'Plattling' Natural Gas CCGT at 48.801°N 12.868°E with 117.2 MW is the direct location and fuel-type match.
redispatch_2021,GuDAnlageM120,3267.0,Bonn Nord Gud Anlage,Natural Gas,133.186,low,unresolvable,YES,,,,,,,,,,,,,"This is an operator code: GuD = Gas und Dampf (gas-and-steam turbine), 'Anlage' = facility, M120 = facility identifier. No geographic place name is discernible; appears to be a generic facility designation."
redispatch_2021,Netzreservekraftwerk SCHOLVEN_B,269.0,Scholven,Hard Coal,760.0,high,claude,,,,,51.599970000000006,7.00565,,,,,,,,Scholven is a well-known hard coal power plant in Gelsenkirchen with multiple blocks; id=269 'Scholven' at 760 MW hard coal matches the Netzreservekraftwerk Scholven Block B designation under Amprion.
redispatch_2021,OWP Gode Wind 3 AC160,68754.0,Gode Wind,Wind,873.2579999999998,high,claude,,,,,54.04279978333333,7.014410708333332,,,,,,,,Gode Wind is a well-known offshore wind farm in the North Sea operated under TenneT DE; id=68754 'Gode Wind' at 873.3 MW offshore wind is the only matching offshore wind candidate.
redispatch_2021,Mercedes_Sindelfingen_GT1,3214.0,Sindelfingen,Natural Gas,99.602,high,claude,,,,,48.6973658,8.9992082,,,,,,,,The name references a gas turbine (GT1) at the Mercedes plant in Sindelfingen; id=3214 'Sindelfingen' at 99.6 MW Natural Gas Steam Turbine is the main power plant at that location and best matches the Sindelfingen gas turbine unit.
redispatch_2021,EnBW Pumpverbot,,,,,none,unresolvable,YES,,,,,,,,,,,,,EnBW is a major energy utility company (Energie Baden-Württemberg). 'Pumpverbot' (pump ban) is an operational constraint/instruction rather than a geographic location. No specific place name is contained in this entry.
redispatch_2021,50H OWP Baltic 1+2 Nord,32078.0,Baltic,Wind,350.6999999999999,high,claude,,,,,54.904974653465345,13.056202386138612,,,,,,,,Baltic 1 and Baltic 2 are the well-known 50Hertz offshore wind farms in the Baltic Sea; id=32078 'Baltic' at 350.7 MW offshore wind is the matching candidate covering the Baltic wind farm complex.
redispatch_2021,50H PV Haidemühl,99161.0,Pv,Solar,1.112,medium,claude,,,,,51.549969,13.361208,,,,,,,,"Haidemühl is a locality in Brandenburg (eastern Germany) near Spremberg; id=99161 'Pv' at 51.550°N 13.361°E (Solar PV, 1.1 MW) is geographically closest to Haidemühl among the Solar PV candidates under 50Hertz."
redispatch_2021,Heizkraftwerk Stuttgart-Münster GT 88,4633.0,Stuttgart Munster,Natural Gas,112.0,high,claude,,,,,48.81365,9.21921,,,,,,,,The Stuttgart-Münster Heizkraftwerk is a well-known combined heat and power plant; id=4633 'Stuttgart Munster' at 112 MW Natural Gas CCGT matches the gas turbine (GT) unit designation at that site.
redispatch_2021,UW Höpfingen,158820.0,Wp Hardheim Hopfingen,Wind,20.8,high,claude,,,,,49.584461,9.4566598,,,,,,,,Höpfingen is a municipality in the Hardheim-Höpfingen area of Baden-Württemberg; id=158820 'Wp Hardheim Hopfingen' at 20.8 MW wind onshore directly references Höpfingen and is under TransnetBW's area.
redispatch_2021,Huntorf,738.0,Luftspeicher Gasturbinenkraftwerk Huntorf,Natural Gas,321.0,high,claude,,,,,53.195932,8.388178,,,,,,,,Huntorf is the famous compressed-air energy storage (CAES) gas turbine plant in Lower Saxony; id=738 'Luftspeicher Gasturbinenkraftwerk Huntorf' at 321 MW Natural Gas OCGT is an exact match.
redispatch_2021,Heizkraftwerk Stuttgart-Münster GT 87,4633.0,Stuttgart Munster,Natural Gas,112.0,high,claude,,,,,48.81365,9.21921,,,,,,,,"Same Stuttgart-Münster Heizkraftwerk site as GT 88; id=4633 'Stuttgart Munster' Natural Gas CCGT at 112 MW is the gas turbine unit at this plant, with GT 87 and GT 88 being different turbine units at the same facility."
redispatch_2021,Hannover-Linden GuD,1119.0,Gud,Natural Gas,204.8,medium,claude,,,,,51.3110488,12.002885,,,,,,,,"Hannover-Linden is a district of Hannover with a known CCGT plant; id=1119 'Gud' at 204.8 MW Natural Gas CCGT is the largest and most plausible CCGT candidate, though its coordinates (51.311°N 12.003°E) suggest Leipzig area — no Hannover-specific GuD is listed, making this a low-confidence match."
redispatch_2021,INFRA_HOE_GTX8,15693.0,Infraserv Hoechst,Natural Gas,419.1,high,claude,,,,,50.091838,8.531305,,,,,,,,"INFRA_HOE refers to Infraserv Hoechst (Frankfurt-Höchst industrial park); id=15693 'Infraserv Hoechst' at 419.1 MW Natural Gas Steam Turbine at 50.092°N 8.531°E is the main gas-fired unit at that site, matching the GT designation."
