plant_name,final_confidence,final_source,final_lat,final_lon,primaerenergieart,cleaned_name,place_tokens,aggregation,opsd_match,opsd_score,opsd_energy_match,opsd_matched_name,opsd_lat,opsd_lon,opsd_class,psa_match,psa_score,psa_energy_match,psa_matched_name,psa_lat,psa_lon,psa_class,psa_capacity,psa_n_candidates,wiki_match,wiki_title,wiki_lat,wiki_lon,wiki_url,wiki_reason,ddg_match,ddg_title,ddg_lat,ddg_lon,ddg_url,ddg_reason,gaz_match,gaz_place,gaz_state,gaz_lat,gaz_lon,state_match,state_name,state_direction,state_lat,state_lon,n_events,sources
10YDE-RWENET---I,0.0,skipped_grid_area_market,,,Sonstiges,10yde rwenet,10yde rwenet,grid_area,none,,,,,,,none,,,,,,,,0,none,,,,,,none,,,,,,none,,,,,none,,,,,70,2013-2020
50H BASF Schwarzheide,1.0,opsd_exact,51.47617,13.8891,Konventionell,schwarzheide,schwarzheide,single,exact,1.0,True,GuD Schwarzheide,51.47617,13.8891,konventionell,exact,1.0,True,Schwarzheide,51.478138,13.889436,konventionell,129.295,1,none,,,,,,none,,,,,,none,,,,,none,,,,,60,2021-2026
50H Bad Salzungen HKW,1.0,opsd_exact,50.800266,10.220563,Konventionell,bad salzungen,bad salzungen,single,exact,1.0,True,HKW Bad Salzungen,50.800266,10.220563,konventionell,exact,1.0,True,Bad Salzungen,50.800018,10.221047,konventionell,19.832,1,none,,,,,,none,,,,,,none,,,,,none,,,,,5,2021-2026
50H Berlin Lichterfelde,0.85,wikipedia,52.43333333,13.31666667,Konventionell,berlin lichterfelde,berlin lichterfelde,single,none,,,,,,,none,,,,,,,,0,match,Berlin-Lichterfelde,52.43333333,13.31666667,https://de.wikipedia.org/wiki/Berlin-Lichterfelde,Kraftwerk:accepted,none,,,,,,none,,,,,none,,,,,349,2021-2026
50H Berlin Marzahn,0.85,wikipedia,52.55,13.55,Konventionell,berlin marzahn,berlin marzahn,single,none,,,,,,,none,,,,,,,,0,match,Berlin-Marzahn,52.55,13.55,https://de.wikipedia.org/wiki/Berlin-Marzahn,Kraftwerk:accepted,none,,,,,,none,,,,,none,,,,,700,2021-2026
50H Berlin Mitte,0.95,psa_exact,52.51172,13.42092,Konventionell,berlin mitte,berlin mitte,single,none,,,,,,,exact,1.0,True,Berlin Mitte,52.51172,13.42092,konventionell,461.0,1,none,,,,,,none,,,,,,none,,,,,none,,,,,497,2021-2026
50H Berlin Reuter West,0.5,gazetteer,52.5050065934066,13.38509945054945,Konventionell,berlin reuter west,berlin reuter west,single,none,,,,,,,none,,,,,,,,0,none,,,,,Kraftwerk:no_titles,none,,,,,,match,Berlin,Berlin,52.5050065934066,13.38509945054945,match,berlin,W,52.510000000000005,13.2575,89,2021-2026
50H Bernburg,1.0,opsd_exact,51.802609,11.751511,Konventionell,bernburg,bernburg,single,exact,1.0,True,Industriekraftwerk Bernburg (IKB),51.802609,11.751511,konventionell,none,,,,,,,,0,none,,,,,,none,,,,,,none,,,,,none,,,,,1,2021-2026
50H Chemnitz,0.85,wikipedia,50.83222222,12.92416667,Konventionell,chemnitz,chemnitz,single,none,,,,,,,none,,,,,,,,0,match,Chemnitz,50.83222222,12.92416667,https://de.wikipedia.org/wiki/Chemnitz,Kraftwerk:accepted,none,,,,,,none,,,,,none,,,,,17,2021-2026
50H Dresden-Nossen,0.5,gazetteer,51.055941379310326,13.74316896551724,Konventionell,dresden nossen,dresden nossen,single,none,,,,,,,none,,,,,,,,0,none,,,,,Kraftwerk:no_titles,none,,,,,,match,Dresden,Sachsen,51.055941379310326,13.74316896551724,none,,,,,51,2021-2026
50H Dresden-Reick,0.5,gazetteer,51.055941379310326,13.74316896551724,Konventionell,dresden reick,dresden reick,single,none,,,,,,,none,,,,,,,,0,none,,,,,Kraftwerk:no_titles,none,,,,,,match,Dresden,Sachsen,51.055941379310326,13.74316896551724,none,,,,,26,2021-2026
50H EnviaTherm Bitterfeld GuD,1.0,opsd_exact,51.633861,12.299357,Konventionell,bitterfeld,bitterfeld,single,exact,1.0,True,GuD Bitterfeld,51.633861,12.299357,konventionell,exact,1.0,True,Bitterfeld Bhkw,51.629969,12.304446,konventionell,2.0,1,none,,,,,,none,,,,,,none,,,,,none,,,,,11,2021-2026
50H EnviaTherm Bitterfeld-Wolfen GuD,0.55,opsd_city,51.62965,12.28922,Konventionell,bitterfeld wolfen,bitterfeld wolfen,single,city,1.0,True,PD energy GmbH,51.62965,12.28922,konventionell,none,,,,,,,,0,none,,,,,Kraftwerk:no_titles,none,,,,,,match,Bitterfeld Wolfen,Sachsen-Anhalt,51.6229,12.2677,none,,,,,1,2021-2026
50H Erfurt-Ost HKW GuD,1.0,opsd_exact,50.989612,11.027635,Konventionell,erfurt ost,erfurt ost,single,exact,1.0,True,HKW Erfurt-Ost,50.989612,11.027635,konventionell,exact,1.0,True,Gud Erfurt Ost,51.0188434,11.0410548,konventionell,123.5,1,none,,,,,,none,,,,,,none,,,,,none,,,,,178,2021-2026
50H HAP Halle-Dieselstr HKW-BlockC,0.5,gazetteer,51.483,11.972,Konventionell,halle dieselstr,halle dieselstr,single,none,,,,,,,none,,,,,,,,0,none,,,,,Kraftwerk:no_titles,none,,,,,,match,Halle,Sachsen-Anhalt,51.483,11.972,none,,,,,1,2021-2026
50H Halle-Dieselstr HKW-BlockA,0.5,gazetteer,51.483,11.972,Konventionell,halle dieselstr,halle dieselstr,single,none,,,,,,,none,,,,,,,,0,none,,,,,Kraftwerk:no_titles,none,,,,,,match,Halle,Sachsen-Anhalt,51.483,11.972,none,,,,,120,2021-2026
50H Halle-Dieselstr HKW-BlockB,0.5,gazetteer,51.483,11.972,Konventionell,halle dieselstr,halle dieselstr,single,none,,,,,,,none,,,,,,,,0,none,,,,,Kraftwerk:no_titles,none,,,,,,match,Halle,Sachsen-Anhalt,51.483,11.972,none,,,,,76,2021-2026
50H Halle-Dieselstr HKW-BlockC,0.5,gazetteer,51.483,11.972,Konventionell,halle dieselstr,halle dieselstr,single,none,,,,,,,none,,,,,,,,0,none,,,,,Kraftwerk:no_titles,none,,,,,,match,Halle,Sachsen-Anhalt,51.483,11.972,none,,,,,51,2021-2026
50H Halle-Trotha HKW,1.0,opsd_exact,51.48096,11.96427,Konventionell,halle trotha,halle trotha,single,exact,1.0,True,HKW Halle Trotha,51.48096,11.96427,konventionell,exact,1.0,True,Halle Trotha,51.459096,11.992868,konventionell,60.0,1,none,,,,,,none,,,,,,none,,,,,none,,,,,75,2021-2026
50H Hamburg MMB BHKW P2H,0.5,gazetteer,53.57172178217822,10.014857425742575,Konventionell,hamburg mmb p2h,hamburg mmb p2h,single,none,,,,,,,none,,,,,,,,0,none,,,,,Kraftwerk:no_titles,none,,,,,,match,Hamburg,Hamburg,53.57172178217822,10.014857425742575,match,hamburg,,53.565,10.030000000000001,1,2021-2026
50H Hamburg MMB BHKW PtH,0.5,gazetteer,53.57172178217822,10.014857425742575,Konventionell,hamburg mmb pth,hamburg mmb pth,single,none,,,,,,,none,,,,,,,,0,none,,,,,Kraftwerk:no_titles,none,,,,,,match,Hamburg,Hamburg,53.57172178217822,10.014857425742575,match,hamburg,,53.565,10.030000000000001,64,2021-2026
50H Hamburg Tiefstack 2 HKW SK,0.5,gazetteer,53.57172178217822,10.014857425742575,Konventionell,hamburg tiefstack sk,hamburg tiefstack sk,single,none,,,,,,,none,,,,,,,,0,none,,,,,Kraftwerk:no_titles,none,,,,,,match,Hamburg,Hamburg,53.57172178217822,10.014857425742575,match,hamburg,,53.565,10.030000000000001,111,2021-2026
50H Hamburg Tiefstack GuD,0.5,gazetteer,53.57172178217822,10.014857425742575,Konventionell,hamburg tiefstack,hamburg tiefstack,single,none,,,,,,,none,,,,,,,,0,none,,,,,Kraftwerk:no_titles,none,,,,,,match,Hamburg,Hamburg,53.57172178217822,10.014857425742575,match,hamburg,,53.565,10.030000000000001,60,2021-2026
50H Hamburg Wedel1,0.5,gazetteer,53.57172178217822,10.014857425742575,Konventionell,hamburg wedel1,hamburg wedel1,single,none,,,,,,,none,,,,,,,,0,none,,,,,Kraftwerk:no_titles,none,,,,,,match,Hamburg,Hamburg,53.57172178217822,10.014857425742575,match,hamburg,,53.565,10.030000000000001,276,2021-2026
50H Hamburg Wedel1 Block1,0.5,gazetteer,53.57172178217822,10.014857425742575,Konventionell,hamburg wedel1,hamburg wedel1,single,none,,,,,,,none,,,,,,,,0,none,,,,,Kraftwerk:no_titles,none,,,,,,match,Hamburg,Hamburg,53.57172178217822,10.014857425742575,match,hamburg,,53.565,10.030000000000001,1,2021-2026
50H InfraLeuna IKW,0.0,unresolved,,,Konventionell,,,single,none,,,,,,,none,,,,,,,,0,none,,,,,Kraftwerk:empty_tokens,none,,,,,,none,,,,,none,,,,,134,2021-2026
50H Köthen,0.5,gazetteer,51.7519,11.9709,Konventionell,koethen,koethen,single,none,,,,,,,none,,,,,,,,0,none,,,,,Kraftwerk:no_titles,none,,,,,,match,Koethen,Sachsen-Anhalt,51.7519,11.9709,none,,,,,1,2021-2026
50H Leipzig Nord GuD,1.0,opsd_exact,51.35119,12.37843,Konventionell,leipzig nord,leipzig nord,single,exact,1.0,True,Heizkraftwerk Leipzig-Nord,51.35119,12.37843,konventionell,exact,1.0,True,Leipzig Nord,51.351555600000005,12.3777212,konventionell,181.0,1,none,,,,,,none,,,,,,none,,,,,none,,,,,33,2021-2026
50H Leipzig Süd GuD,0.762,psa_fuzzy,51.297278,12.38509,Konventionell,leipzig sued,leipzig sued,single,none,,,,,,,fuzzy,0.952,True,Leipzig Sud Gta,51.297278,12.38509,konventionell,132.341,1,none,,,,,Kraftwerk:no_titles,none,,,,,,match,Leipzig,Sachsen,51.35450322580646,12.369174193548387,none,,,,,28,2021-2026
50H Neubrandenburg GuD,1.0,opsd_exact,53.5745,13.295142000000002,Konventionell,neubrandenburg,neubrandenburg,single,exact,1.0,True,GuD-HKW Neubrandenburg,53.5745,13.295142000000002,konventionell,none,,,,,,,,0,none,,,,,,none,,,,,,none,,,,,none,,,,,82,2021-2026
50H OWP Arcadis Ost 1,0.95,psa_exact,54.817461,13.651127,Erneuerbar,arcadis ost,arcadis ost,single,none,,,,,,,exact,1.0,True,Arcadis Ost,54.817461,13.651127,erneuerbar,9.525,1,none,,,,,,none,,,,,,none,,,,,none,,,,,473,2021-2026
50H OWP Arkona,0.0,unresolved,,,Erneuerbar,arkona,arkona,single,none,,,,,,,none,,,,,,,,0,none,,,,,Windkraftanlage:no_titles,none,,,,,,none,,,,,none,,,,,773,2021-2026
50H OWP Baltic 1+2,0.38,psa_exact,54.984763,13.183523,Erneuerbar,baltic,baltic,single,none,,,,,,,exact,1.0,True,Baltic,54.984763,13.183523,erneuerbar,3.78,101,none,,,,,Windkraftanlage:no_titles,none,,,,,,none,,,,,none,,,,,34,2021-2026
50H OWP Baltic 1+2 Nord,0.342,psa_exact_dir,54.984763,13.183523,Erneuerbar,baltic nord,baltic nord,single,none,,,,,,,none,,,,,,,,0,none,,,,,Windkraftanlage:no_titles,none,,,,,,none,,,,,none,,,,,1,2021-2026
50H OWP Baltic 1+2 Süd MIO,0.342,psa_exact_dir,54.984763,13.183523,Erneuerbar,baltic sued,baltic sued,single,none,,,,,,,none,,,,,,,,0,none,,,,,Windkraftanlage:no_titles,none,,,,,,none,,,,,none,,,,,8,2021-2026
50H OWP Baltic Eagle,0.95,psa_exact,54.828956,13.863218,Erneuerbar,baltic eagle,baltic eagle,single,none,,,,,,,exact,1.0,True,Baltic Eagle,54.828956,13.863218,erneuerbar,9.525,1,none,,,,,,none,,,,,,none,,,,,none,,,,,376,2021-2026
50H OWP MIO Baltic 1+2,0.0,unresolved,,,Erneuerbar,mio baltic,mio baltic,single,none,,,,,,,none,,,,,,,,0,none,,,,,Windkraftanlage:no_titles,none,,,,,,none,,,,,none,,,,,38,2021-2026
50H OWP Wikinger,0.95,psa_exact,54.837688,14.068586,Erneuerbar,wikinger,wikinger,single,none,,,,,,,exact,1.0,True,Wikinger,54.837688,14.068586,erneuerbar,5.23,1,none,,,,,,none,,,,,,none,,,,,none,,,,,729,2021-2026
50H PV Bartow,0.95,psa_exact,53.826522,13.322914,Erneuerbar,bartow,bartow,single,none,,,,,,,exact,1.0,True,Windpark Bartow,53.826522,13.322914,erneuerbar,3.45,1,none,,,,,,none,,,,,,none,,,,,none,,,,,91,2021-2026
50H PV Haidemühl,0.85,wikipedia,51.60504,14.41107,Erneuerbar,haidemuehl,haidemuehl,single,none,,,,,,,fuzzy,0.947,True,Pva Haidemuhl,51.54592,14.264468,erneuerbar,18.81,1,match,Haidemühl (Spremberg),51.60504,14.41107,https://de.wikipedia.org/wiki/Haidemühl_(Spremberg),PV-Freiflächenanlage:accepted,none,,,,,,match,Haidemuehl,Brandenburg,51.5518,14.2219,none,,,,,29,2021-2026
50H PV Witznitz,0.85,wikipedia,51.14472222,12.48138889,Erneuerbar,witznitz,witznitz,single,none,,,,,,,none,,,,,,,,0,match,Speicherbecken Witznitz,51.14472222,12.48138889,https://de.wikipedia.org/wiki/Speicherbecken_Witznitz,Solarpark:accepted,none,,,,,,none,,,,,none,,,,,460,2021-2026
50H Parchim,0.85,wikipedia,53.41666667,11.83333333,Konventionell,parchim,parchim,single,none,,,,,,,none,,,,,,,,0,match,Parchim,53.41666667,11.83333333,https://de.wikipedia.org/wiki/Parchim,Kraftwerk:accepted,none,,,,,,none,,,,,none,,,,,4,2021-2026
50H Rostock Marienehe,0.95,psa_exact,54.1256,12.083541000000002,Konventionell,rostock marienehe,rostock marienehe,single,none,,,,,,,exact,1.0,True,Rostock Marienehe,54.1256,12.083541000000002,konventionell,108.0,1,none,,,,,,none,,,,,,none,,,,,none,,,,,212,2021-2026
50H Stralsund BHKW+P2H,0.5,gazetteer,54.31123333333333,13.067666666666668,Konventionell,stralsund bhkwp2h,stralsund bhkwp2h,single,none,,,,,,,none,,,,,,,,0,none,,,,,Kraftwerk:no_titles,none,,,,,,match,Stralsund,Mecklenburg-Vorpommern,54.31123333333333,13.067666666666668,none,,,,,13,2021-2026
50H Stralsund BHKW+PtH,0.5,gazetteer,54.31123333333333,13.067666666666668,Konventionell,stralsund bhkwpth,stralsund bhkwpth,single,none,,,,,,,none,,,,,,,,0,none,,,,,Kraftwerk:no_titles,none,,,,,,match,Stralsund,Mecklenburg-Vorpommern,54.31123333333333,13.067666666666668,none,,,,,50,2021-2026
50H UW Altentreptow,0.95,psa_exact,53.695406,13.300324,Erneuerbar,altentreptow,altentreptow,single,none,,,,,,,exact,1.0,True,Altentreptow,53.695406,13.300324,erneuerbar,2.3,1,none,,,,,,none,,,,,,none,,,,,none,,,,,225,2021-2026
50H UW Bertikow,0.95,psa_exact,53.259097,13.952942,Erneuerbar,bertikow,bertikow,single,none,,,,,,,exact,1.0,True,Bertikow,53.259097,13.952942,erneuerbar,5.6,1,none,,,,,,none,,,,,,none,,,,,none,,,,,1170,2021-2026
50H UW Iven,0.95,psa_exact,53.796397,13.393575,Erneuerbar,iven,iven,single,none,,,,,,,exact,1.0,True,Wp Iven,53.796397,13.393575,erneuerbar,2.5,1,none,,,,,,none,,,,,,none,,,,,none,,,,,212,2021-2026
50H UW MIO Baltic 1+2,0.0,unresolved,,,Erneuerbar,mio baltic,mio baltic,single,none,,,,,,,none,,,,,,,,0,none,,,,,Solarpark:no_titles,none,,,,,,none,,,,,none,,,,,1,2021-2026
50H UW Putlitz,0.95,psa_exact,53.321038,12.026903,Erneuerbar,putlitz,putlitz,single,none,,,,,,,exact,1.0,True,Putlitz,53.321038,12.026903,erneuerbar,2.0,1,none,,,,,,none,,,,,,none,,,,,none,,,,,554,2021-2026
50H UW Schönewalde,0.766,psa_fuzzy,51.812246,13.228904,Erneuerbar,schoenewalde,schoenewalde,single,none,,,,,,,fuzzy,0.957,True,Schonewalde,51.812246,13.228904,erneuerbar,3.026,1,none,,,,,Solarpark:no_titles,none,,,,,,match,Schoenewalde,Brandenburg,51.679,13.6025,none,,,,,670,2021-2026
50H UW Wessin,0.95,psa_exact,53.562134,11.717767,Erneuerbar,wessin,wessin,single,none,,,,,,,exact,1.0,True,Wessin,53.562134,11.717767,erneuerbar,4.2,1,none,,,,,,none,,,,,,none,,,,,none,,,,,336,2021-2026
50H UW Wustermark,0.95,psa_exact,52.562313,12.954929,Erneuerbar,wustermark,wustermark,single,none,,,,,,,exact,1.0,True,Pv Wustermark,52.562313,12.954929,erneuerbar,2.9718,1,none,,,,,,none,,,,,,none,,,,,none,,,,,280,2021-2026
50H-OWP-Wikinger,0.95,psa_exact,54.837688,14.068586,Erneuerbar,wikinger,wikinger,single,none,,,,,,,exact,1.0,True,Wikinger,54.837688,14.068586,erneuerbar,5.23,1,none,,,,,,none,,,,,,none,,,,,none,,,,,1,2021-2026
50H_AVA_CR_FOE,0.2,grid_area_dso,51.985,11.870000000000001,Erneuerbar,cr foe,cr foe,grid_area,none,,,,,,,none,,,,,,,,0,none,,,,,,none,,,,,,none,,,,,grid_area,ava->sachsen-anhalt,,51.985,11.870000000000001,80,2021-2026
50H_AVA_CR_STW,0.2,grid_area_dso,51.985,11.870000000000001,Erneuerbar,cr stw,cr stw,grid_area,none,,,,,,,none,,,,,,,,0,none,,,,,,none,,,,,,none,,,,,grid_area,ava->sachsen-anhalt,,51.985,11.870000000000001,114,2021-2026
50H_AVA_CR_WK,0.2,grid_area_dso,51.985,11.870000000000001,Erneuerbar,cr wk,cr wk,grid_area,none,,,,,,,none,,,,,,,,0,none,,,,,,none,,,,,,none,,,,,grid_area,ava->sachsen-anhalt,,51.985,11.870000000000001,6,2021-2026
50H_AVA_CR_WOL,0.2,grid_area_dso,51.985,11.870000000000001,Erneuerbar,cr wol,cr wol,grid_area,none,,,,,,,none,,,,,,,,0,none,,,,,,none,,,,,,none,,,,,grid_area,ava->sachsen-anhalt,,51.985,11.870000000000001,120,2021-2026
50H_EDIS_CR_ATS,0.2,grid_area_dso,52.46,13.02,Erneuerbar,edis cr ats,edis cr ats,grid_area,none,,,,,,,none,,,,,,,,0,none,,,,,,none,,,,,,none,,,,,grid_area,edis->brandenburg,,52.46,13.02,16,2021-2026
50H_EDIS_CR_BW,0.25,grid_area_state,48.66,9.004999999999999,Erneuerbar,edis cr bw,edis cr bw,grid_area,none,,,,,,,none,,,,,,,,0,none,,,,,,none,,,,,,none,,,,,grid_area,baden-wuerttemberg,,48.66,9.004999999999999,13,2021-2026
50H_EDIS_CR_EH,0.2,grid_area_dso,52.46,13.02,Erneuerbar,edis cr eh,edis cr eh,grid_area,none,,,,,,,none,,,,,,,,0,none,,,,,,none,,,,,,none,,,,,grid_area,edis->brandenburg,,52.46,13.02,21,2021-2026
50H_EDIS_CR_GSE,0.2,grid_area_dso,52.46,13.02,Erneuerbar,edis cr gse,edis cr gse,grid_area,none,,,,,,,none,,,,,,,,0,none,,,,,,none,,,,,,none,,,,,grid_area,edis->brandenburg,,52.46,13.02,6,2021-2026
50H_EDIS_CR_GUE_Nord,0.15,grid_area_dso,53.010000000000005,13.02,Erneuerbar,edis cr gue nord,edis cr gue nord,grid_area,none,,,,,,,none,,,,,,,,0,none,,,,,,none,,,,,,none,,,,,grid_area,edis->brandenburg_N,,53.010000000000005,13.02,41,2021-2026
50H_EDIS_CR_GUE_Sued,0.15,grid_area_dso,51.91,13.02,Erneuerbar,edis cr gue sued,edis cr gue sued,grid_area,none,,,,,,,none,,,,,,,,0,none,,,,,,none,,,,,,none,,,,,grid_area,edis->brandenburg_S,,51.91,13.02,20,2021-2026
50H_EDIS_CR_HND,0.2,grid_area_dso,52.46,13.02,Erneuerbar,edis cr hnd,edis cr hnd,grid_area,none,,,,,,,none,,,,,,,,0,none,,,,,,none,,,,,,none,,,,,grid_area,edis->brandenburg,,52.46,13.02,40,2021-2026
50H_EDIS_CR_LHG,0.2,grid_area_dso,52.46,13.02,Erneuerbar,edis cr lhg,edis cr lhg,grid_area,none,,,,,,,none,,,,,,,,0,none,,,,,,none,,,,,,none,,,,,grid_area,edis->brandenburg,,52.46,13.02,19,2021-2026
50H_EDIS_CR_LUB,0.2,grid_area_dso,52.46,13.02,Erneuerbar,edis cr lub,edis cr lub,grid_area,none,,,,,,,none,,,,,,,,0,none,,,,,,none,,,,,,none,,,,,grid_area,edis->brandenburg,,52.46,13.02,2,2021-2026
50H_EDIS_CR_LV_NORD,0.15,grid_area_dso,53.010000000000005,13.02,Erneuerbar,edis cr lv nord,edis cr lv nord,grid_area,none,,,,,,,none,,,,,,,,0,none,,,,,,none,,,,,,none,,,,,grid_area,edis->brandenburg_N,,53.010000000000005,13.02,3,2021-2026
50H_EDIS_CR_LV_PE,0.2,grid_area_dso,52.46,13.02,Erneuerbar,edis cr lv pe,edis cr lv pe,grid_area,none,,,,,,,none,,,,,,,,0,none,,,,,,none,,,,,,none,,,,,grid_area,edis->brandenburg,,52.46,13.02,1,2021-2026
50H_EDIS_CR_LV_WEST,0.15,grid_area_dso,52.46,12.145,Erneuerbar,edis cr lv west,edis cr lv west,grid_area,none,,,,,,,none,,,,,,,,0,none,,,,,,none,,,,,,none,,,,,grid_area,edis->brandenburg_W,,52.46,12.145,5,2021-2026
50H_EDIS_CR_LV_WU,0.2,grid_area_dso,52.46,13.02,Erneuerbar,edis cr lv wu,edis cr lv wu,grid_area,none,,,,,,,none,,,,,,,,0,none,,,,,,none,,,,,,none,,,,,grid_area,edis->brandenburg,,52.46,13.02,16,2021-2026
50H_EDIS_CR_NHG_Nord,0.15,grid_area_dso,53.010000000000005,13.02,Erneuerbar,edis cr nhg nord,edis cr nhg nord,grid_area,none,,,,,,,none,,,,,,,,0,none,,,,,,none,,,,,,none,,,,,grid_area,edis->brandenburg_N,,53.010000000000005,13.02,23,2021-2026
50H_EDIS_CR_NHG_Sued,0.15,grid_area_dso,51.91,13.02,Erneuerbar,edis cr nhg sued,edis cr nhg sued,grid_area,none,,,,,,,none,,,,,,,,0,none,,,,,,none,,,,,,none,,,,,grid_area,edis->brandenburg_S,,51.91,13.02,2,2021-2026
50H_EDIS_CR_PAS,0.2,grid_area_dso,52.46,13.02,Erneuerbar,edis cr pas,edis cr pas,grid_area,none,,,,,,,none,,,,,,,,0,none,,,,,,none,,,,,,none,,,,,grid_area,edis->brandenburg,,52.46,13.02,232,2021-2026
50H_EDIS_CR_PAS_51,0.2,grid_area_dso,52.46,13.02,Erneuerbar,edis cr pas,edis cr pas,grid_area,none,,,,,,,none,,,,,,,,0,none,,,,,,none,,,,,,none,,,,,grid_area,edis->brandenburg,,52.46,13.02,1,2021-2026
50H_EDIS_CR_PE,0.2,grid_area_dso,52.46,13.02,Erneuerbar,edis cr pe,edis cr pe,grid_area,none,,,,,,,none,,,,,,,,0,none,,,,,,none,,,,,,none,,,,,grid_area,edis->brandenburg,,52.46,13.02,38,2021-2026
50H_EDIS_CR_PZS,0.2,grid_area_dso,52.46,13.02,Erneuerbar,edis cr pzs,edis cr pzs,grid_area,none,,,,,,,none,,,,,,,,0,none,,,,,,none,,,,,,none,,,,,grid_area,edis->brandenburg,,52.46,13.02,18,2021-2026
50H_EDIS_CR_SOW_Nord,0.15,grid_area_dso,53.010000000000005,13.02,Erneuerbar,edis cr sow nord,edis cr sow nord,grid_area,none,,,,,,,none,,,,,,,,0,none,,,,,,none,,,,,,none,,,,,grid_area,edis->brandenburg_N,,53.010000000000005,13.02,17,2021-2026
50H_EDIS_CR_SOW_Sued,0.15,grid_area_dso,51.91,13.02,Erneuerbar,edis cr sow sued,edis cr sow sued,grid_area,none,,,,,,,none,,,,,,,,0,none,,,,,,none,,,,,,none,,,,,grid_area,edis->brandenburg_S,,51.91,13.02,129,2021-2026
50H_EDIS_CR_SW,0.2,grid_area_dso,52.46,13.02,Erneuerbar,edis cr sw,edis cr sw,grid_area,none,,,,,,,none,,,,,,,,0,none,,,,,,none,,,,,,none,,,,,grid_area,edis->brandenburg,,52.46,13.02,1,2021-2026
50H_EDIS_CR_THY,0.2,grid_area_dso,52.46,13.02,Erneuerbar,edis cr thy,edis cr thy,grid_area,none,,,,,,,none,,,,,,,,0,none,,,,,,none,,,,,,none,,,,,grid_area,edis->brandenburg,,52.46,13.02,4,2021-2026
50H_EDIS_CR_VIE_Sued,0.15,grid_area_dso,51.91,13.02,Erneuerbar,edis cr vie sued,edis cr vie sued,grid_area,none,,,,,,,none,,,,,,,,0,none,,,,,,none,,,,,,none,,,,,grid_area,edis->brandenburg_S,,51.91,13.02,2,2021-2026
50H_EDIS_CR_WU,0.2,grid_area_dso,52.46,13.02,Erneuerbar,edis cr wu,edis cr wu,grid_area,none,,,,,,,none,,,,,,,,0,none,,,,,,none,,,,,,none,,,,,grid_area,edis->brandenburg,,52.46,13.02,52,2021-2026
50H_EDIS_CR_WU_NORD,0.15,grid_area_dso,53.010000000000005,13.02,Erneuerbar,edis cr wu nord,edis cr wu nord,grid_area,none,,,,,,,none,,,,,,,,0,none,,,,,,none,,,,,,none,,,,,grid_area,edis->brandenburg_N,,53.010000000000005,13.02,7,2021-2026
50H_EDIS_CR_WU_SUED,0.15,grid_area_dso,51.91,13.02,Erneuerbar,edis cr wu sued,edis cr wu sued,grid_area,none,,,,,,,none,,,,,,,,0,none,,,,,,none,,,,,,none,,,,,grid_area,edis->brandenburg_S,,51.91,13.02,3,2021-2026
50H_MNS_CR_ADB,0.2,grid_area_dso,51.985,11.870000000000001,Erneuerbar,mns cr adb,mns cr adb,grid_area,none,,,,,,,none,,,,,,,,0,none,,,,,,none,,,,,,none,,,,,grid_area,mns->sachsen-anhalt,,51.985,11.870000000000001,20,2021-2026
50H_MNS_CR_CRO,0.2,grid_area_dso,51.985,11.870000000000001,Erneuerbar,mns cr cro,mns cr cro,grid_area,none,,,,,,,none,,,,,,,,0,none,,,,,,none,,,,,,none,,,,,grid_area,mns->sachsen-anhalt,,51.985,11.870000000000001,2,2021-2026
50H_MNS_CR_FRN,0.2,grid_area_dso,51.985,11.870000000000001,Erneuerbar,mns cr frn,mns cr frn,grid_area,none,,,,,,,none,,,,,,,,0,none,,,,,,none,,,,,,none,,,,,grid_area,mns->sachsen-anhalt,,51.985,11.870000000000001,11,2021-2026
50H_MNS_CR_GRS,0.2,grid_area_dso,51.985,11.870000000000001,Erneuerbar,mns cr grs,mns cr grs,grid_area,none,,,,,,,none,,,,,,,,0,none,,,,,,none,,,,,,none,,,,,grid_area,mns->sachsen-anhalt,,51.985,11.870000000000001,37,2021-2026
50H_MNS_CR_HER,0.2,grid_area_dso,51.985,11.870000000000001,Erneuerbar,mns cr her,mns cr her,grid_area,none,,,,,,,none,,,,,,,,0,none,,,,,,none,,,,,,none,,,,,grid_area,mns->sachsen-anhalt,,51.985,11.870000000000001,2,2021-2026
50H_MNS_CR_JEN,0.2,grid_area_dso,51.985,11.870000000000001,Erneuerbar,mns cr jen,mns cr jen,grid_area,none,,,,,,,none,,,,,,,,0,none,,,,,,none,,,,,,none,,,,,grid_area,mns->sachsen-anhalt,,51.985,11.870000000000001,24,2021-2026
50H_MNS_CR_JSN,0.2,grid_area_dso,51.985,11.870000000000001,Erneuerbar,mns cr jsn,mns cr jsn,grid_area,none,,,,,,,none,,,,,,,,0,none,,,,,,none,,,,,,none,,,,,grid_area,mns->sachsen-anhalt,,51.985,11.870000000000001,63,2021-2026
50H_MNS_CR_KLM,0.2,grid_area_dso,51.985,11.870000000000001,Erneuerbar,mns cr klm,mns cr klm,grid_area,none,,,,,,,none,,,,,,,,0,none,,,,,,none,,,,,,none,,,,,grid_area,mns->sachsen-anhalt,,51.985,11.870000000000001,218,2021-2026
50H_MNS_CR_LAU_Nord,0.15,grid_area_dso,52.5125,11.870000000000001,Erneuerbar,mns cr lau nord,mns cr lau nord,grid_area,none,,,,,,,none,,,,,,,,0,none,,,,,,none,,,,,,none,,,,,grid_area,mns->sachsen-anhalt_N,,52.5125,11.870000000000001,273,2021-2026
50H_MNS_CR_LAU_Sued,0.15,grid_area_dso,51.457499999999996,11.870000000000001,Erneuerbar,mns cr lau sued,mns cr lau sued,grid_area,none,,,,,,,none,,,,,,,,0,none,,,,,,none,,,,,,none,,,,,grid_area,mns->sachsen-anhalt_S,,51.457499999999996,11.870000000000001,132,2021-2026
50H_MNS_CR_LV_OST,0.15,grid_area_dso,51.985,12.525,Erneuerbar,mns cr lv ost,mns cr lv ost,grid_area,none,,,,,,,none,,,,,,,,0,none,,,,,,none,,,,,,none,,,,,grid_area,mns->sachsen-anhalt_E,,51.985,12.525,1,2021-2026
50H_MNS_CR_MA_Nord,0.15,grid_area_dso,52.5125,11.870000000000001,Erneuerbar,mns cr ma nord,mns cr ma nord,grid_area,none,,,,,,,none,,,,,,,,0,none,,,,,,none,,,,,,none,,,,,grid_area,mns->sachsen-anhalt_N,,52.5125,11.870000000000001,122,2021-2026
50H_MNS_CR_MA_Sued,0.15,grid_area_dso,51.457499999999996,11.870000000000001,Erneuerbar,mns cr ma sued,mns cr ma sued,grid_area,none,,,,,,,none,,,,,,,,0,none,,,,,,none,,,,,,none,,,,,grid_area,mns->sachsen-anhalt_S,,51.457499999999996,11.870000000000001,70,2021-2026
50H_MNS_CR_PRL,0.2,grid_area_dso,51.985,11.870000000000001,Erneuerbar,mns cr prl,mns cr prl,grid_area,none,,,,,,,none,,,,,,,,0,none,,,,,,none,,,,,,none,,,,,grid_area,mns->sachsen-anhalt,,51.985,11.870000000000001,28,2021-2026
50H_MNS_CR_PRL_TU,0.2,grid_area_dso,51.985,11.870000000000001,Erneuerbar,mns cr prl tu,mns cr prl tu,grid_area,none,,,,,,,none,,,,,,,,0,none,,,,,,none,,,,,,none,,,,,grid_area,mns->sachsen-anhalt,,51.985,11.870000000000001,3,2021-2026
50H_MNS_CR_PUL,0.2,grid_area_dso,51.985,11.870000000000001,Erneuerbar,mns cr pul,mns cr pul,grid_area,none,,,,,,,none,,,,,,,,0,none,,,,,,none,,,,,,none,,,,,grid_area,mns->sachsen-anhalt,,51.985,11.870000000000001,82,2021-2026
50H_MNS_CR_PUL_47,0.2,grid_area_dso,51.985,11.870000000000001,Erneuerbar,mns cr pul,mns cr pul,grid_area,none,,,,,,,none,,,,,,,,0,none,,,,,,none,,,,,,none,,,,,grid_area,mns->sachsen-anhalt,,51.985,11.870000000000001,1,2021-2026
50H_MNS_CR_RAG,0.2,grid_area_dso,51.985,11.870000000000001,Erneuerbar,mns cr rag,mns cr rag,grid_area,none,,,,,,,none,,,,,,,,0,none,,,,,,none,,,,,,none,,,,,grid_area,mns->sachsen-anhalt,,51.985,11.870000000000001,75,2021-2026
50H_MNS_CR_ROE,0.2,grid_area_dso,51.985,11.870000000000001,Erneuerbar,mns cr roe,mns cr roe,grid_area,none,,,,,,,none,,,,,,,,0,none,,,,,,none,,,,,,none,,,,,grid_area,mns->sachsen-anhalt,,51.985,11.870000000000001,5,2021-2026
50H_MNS_CR_STR,0.2,grid_area_dso,51.985,11.870000000000001,Erneuerbar,mns cr str,mns cr str,grid_area,none,,,,,,,none,,,,,,,,0,none,,,,,,none,,,,,,none,,,,,grid_area,mns->sachsen-anhalt,,51.985,11.870000000000001,4,2021-2026
50H_MNS_CR_ZW,0.2,grid_area_dso,51.985,11.870000000000001,Erneuerbar,mns cr zw,mns cr zw,grid_area,none,,,,,,,none,,,,,,,,0,none,,,,,,none,,,,,,none,,,,,grid_area,mns->sachsen-anhalt,,51.985,11.870000000000001,4,2021-2026
50H_TEN_CR_M1_EI,0.2,grid_area_dso,52.46,13.02,Erneuerbar,ten cr m1 ei,ten cr m1 ei,grid_area,none,,,,,,,none,,,,,,,,0,none,,,,,,none,,,,,,none,,,,,grid_area,ten->brandenburg,,52.46,13.02,52,2021-2026
50H_TEN_CR_M2_VIB,0.2,grid_area_dso,52.46,13.02,Erneuerbar,ten cr m2 vib,ten cr m2 vib,grid_area,none,,,,,,,none,,,,,,,,0,none,,,,,,none,,,,,,none,,,,,grid_area,ten->brandenburg,,52.46,13.02,128,2021-2026
50H_TEN_CR_M2_VIB_37,0.2,grid_area_dso,52.46,13.02,Erneuerbar,ten cr m2 vib,ten cr m2 vib,grid_area,none,,,,,,,none,,,,,,,,0,none,,,,,,none,,,,,,none,,,,,grid_area,ten->brandenburg,,52.46,13.02,1,2021-2026
50H_TEN_CR_S1_ATF,0.2,grid_area_dso,52.46,13.02,Erneuerbar,ten cr s1 atf,ten cr s1 atf,grid_area,none,,,,,,,none,,,,,,,,0,none,,,,,,none,,,,,,none,,,,,grid_area,ten->brandenburg,,52.46,13.02,55,2021-2026
50H_TEN_CR_S1_ATF_24,0.2,grid_area_dso,52.46,13.02,Erneuerbar,ten cr s1 atf,ten cr s1 atf,grid_area,none,,,,,,,none,,,,,,,,0,none,,,,,,none,,,,,,none,,,,,grid_area,ten->brandenburg,,52.46,13.02,1,2021-2026
50H_TEN_CR_S2_WD,0.2,grid_area_dso,52.46,13.02,Erneuerbar,ten cr s2 wd,ten cr s2 wd,grid_area,none,,,,,,,none,,,,,,,,0,none,,,,,,none,,,,,,none,,,,,grid_area,ten->brandenburg,,52.46,13.02,21,2021-2026
50H_WEMA_CR_GOE,0.2,grid_area_dso,53.894999999999996,12.5,Erneuerbar,wema cr goe,wema cr goe,grid_area,none,,,,,,,none,,,,,,,,0,none,,,,,,none,,,,,,none,,,,,grid_area,wema->mecklenburg-vorpommern,,53.894999999999996,12.5,125,2021-2026
50H_WEMA_CR_GUE,0.2,grid_area_dso,53.894999999999996,12.5,Erneuerbar,wema cr gue,wema cr gue,grid_area,none,,,,,,,none,,,,,,,,0,none,,,,,,none,,,,,,none,,,,,grid_area,wema->mecklenburg-vorpommern,,53.894999999999996,12.5,16,2021-2026
50H_WEMA_CR_PE,0.2,grid_area_dso,53.894999999999996,12.5,Erneuerbar,wema cr pe,wema cr pe,grid_area,none,,,,,,,none,,,,,,,,0,none,,,,,,none,,,,,,none,,,,,grid_area,wema->mecklenburg-vorpommern,,53.894999999999996,12.5,28,2021-2026
50H_WEMA_CR_PMS,0.2,grid_area_dso,53.894999999999996,12.5,Erneuerbar,wema cr pms,wema cr pms,grid_area,none,,,,,,,none,,,,,,,,0,none,,,,,,none,,,,,,none,,,,,grid_area,wema->mecklenburg-vorpommern,,53.894999999999996,12.5,54,2021-2026
50H_WEMA_CR_PMS_93,0.2,grid_area_dso,53.894999999999996,12.5,Erneuerbar,wema cr pms,wema cr pms,grid_area,none,,,,,,,none,,,,,,,,0,none,,,,,,none,,,,,,none,,,,,grid_area,wema->mecklenburg-vorpommern,,53.894999999999996,12.5,2,2021-2026
50H_WEMA_CR_WE,0.2,grid_area_dso,53.894999999999996,12.5,Erneuerbar,wema cr we,wema cr we,grid_area,none,,,,,,,none,,,,,,,,0,none,,,,,,none,,,,,,none,,,,,grid_area,wema->mecklenburg-vorpommern,,53.894999999999996,12.5,3,2021-2026
AMP_LEW_VERTEILNETZ_NORD_CR_KWK,0.15,grid_area_dso,49.745000000000005,11.405000000000001,Sonstiges,lew verteilnetz nord cr kwk,lew verteilnetz nord cr kwk,grid_area,none,,,,,,,none,,,,,,,,0,none,,,,,,none,,,,,,none,,,,,grid_area,lew->bayern_N,,49.745000000000005,11.405000000000001,1,2021-2026
AMP_LEW_VERTEILNETZ_NORD_CR_PHOTOVOLTAIK,0.15,grid_area_dso,49.745000000000005,11.405000000000001,Erneuerbar,lew verteilnetz nord cr photovoltaik,lew verteilnetz nord cr photovoltaik,grid_area,none,,,,,,,none,,,,,,,,0,none,,,,,,none,,,,,,none,,,,,grid_area,lew->bayern_N,,49.745000000000005,11.405000000000001,5,2021-2026
AMP_LEW_VERTEILNETZ_NORD_CR_SONSTIGE_EE,0.15,grid_area_dso,49.745000000000005,11.405000000000001,Sonstiges,lew verteilnetz nord cr sonstige ee,lew verteilnetz nord cr sonstige ee,grid_area,none,,,,,,,none,,,,,,,,0,none,,,,,,none,,,,,,none,,,,,grid_area,lew->bayern_N,,49.745000000000005,11.405000000000001,3,2021-2026
AMP_LEW_VERTEILNETZ_NORD_CR_WIND,0.15,grid_area_dso,49.745000000000005,11.405000000000001,Erneuerbar,lew verteilnetz nord cr wind,lew verteilnetz nord cr wind,grid_area,none,,,,,,,none,,,,,,,,0,none,,,,,,none,,,,,,none,,,,,grid_area,lew->bayern_N,,49.745000000000005,11.405000000000001,2,2021-2026
AMP_LEW_VERTEILNETZ_SUED_CR_KONVENTIONELL,0.15,grid_area_dso,48.095,11.405000000000001,Sonstiges,lew verteilnetz sued cr konventionell,lew verteilnetz sued cr konventionell,grid_area,none,,,,,,,none,,,,,,,,0,none,,,,,,none,,,,,,none,,,,,grid_area,lew->bayern_S,,48.095,11.405000000000001,1,2021-2026
AMP_LEW_VERTEILNETZ_SUED_CR_KWK,0.15,grid_area_dso,48.095,11.405000000000001,Sonstiges,lew verteilnetz sued cr kwk,lew verteilnetz sued cr kwk,grid_area,none,,,,,,,none,,,,,,,,0,none,,,,,,none,,,,,,none,,,,,grid_area,lew->bayern_S,,48.095,11.405000000000001,1,2021-2026
AMP_LEW_VERTEILNETZ_SUED_CR_PHOTOVOLTAIK,0.15,grid_area_dso,48.095,11.405000000000001,Erneuerbar,lew verteilnetz sued cr photovoltaik,lew verteilnetz sued cr photovoltaik,grid_area,none,,,,,,,none,,,,,,,,0,none,,,,,,none,,,,,,none,,,,,grid_area,lew->bayern_S,,48.095,11.405000000000001,5,2021-2026
AMP_LEW_VERTEILNETZ_SUED_CR_SONSTIGE_EE,0.15,grid_area_dso,48.095,11.405000000000001,Sonstiges,lew verteilnetz sued cr sonstige ee,lew verteilnetz sued cr sonstige ee,grid_area,none,,,,,,,none,,,,,,,,0,none,,,,,,none,,,,,,none,,,,,grid_area,lew->bayern_S,,48.095,11.405000000000001,3,2021-2026
AMP_LEW_VERTEILNETZ_SUED_CR_WIND,0.15,grid_area_dso,48.095,11.405000000000001,Erneuerbar,lew verteilnetz sued cr wind,lew verteilnetz sued cr wind,grid_area,none,,,,,,,none,,,,,,,,0,none,,,,,,none,,,,,,none,,,,,grid_area,lew->bayern_S,,48.095,11.405000000000001,1,2021-2026
AMP_SYNA_PFUNG_CR_WIND,0.2,grid_area_dso,50.525,9.004999999999999,Erneuerbar,syna pfung cr wind,syna pfung cr wind,grid_area,none,,,,,,,none,,,,,,,,0,none,,,,,,none,,,,,,none,,,,,grid_area,syna->hessen,,50.525,9.004999999999999,2,2021-2026
AMP_SYNA_TAUNUS_CR_WIND,0.2,grid_area_dso,50.525,9.004999999999999,Erneuerbar,syna taunus cr wind,syna taunus cr wind,grid_area,none,,,,,,,none,,,,,,,,0,none,,,,,,none,,,,,,none,,,,,grid_area,syna->hessen,,50.525,9.004999999999999,2,2021-2026
AMP_VSE_CR_PHOTOVOLTAIK,0.2,grid_area_dso,49.375,6.885,Erneuerbar,vse cr photovoltaik,vse cr photovoltaik,grid_area,none,,,,,,,none,,,,,,,,0,none,,,,,,none,,,,,,none,,,,,grid_area,vse->saarland,,49.375,6.885,3,2021-2026
AMP_VSE_CR_SONSTIGE_EE,0.2,grid_area_dso,49.375,6.885,Sonstiges,vse cr sonstige ee,vse cr sonstige ee,grid_area,none,,,,,,,none,,,,,,,,0,none,,,,,,none,,,,,,none,,,,,grid_area,vse->saarland,,49.375,6.885,3,2021-2026
AMP_VSE_CR_WIND,0.2,grid_area_dso,49.375,6.885,Erneuerbar,vse cr wind,vse cr wind,grid_area,none,,,,,,,none,,,,,,,,0,none,,,,,,none,,,,,,none,,,,,grid_area,vse->saarland,,49.375,6.885,7,2021-2026
AMP_WESTNETZ_BORNHEIM_CR_WIND,0.45,grid_area_city,49.7831,8.0603,Erneuerbar,westnetz bornheim cr wind,westnetz bornheim cr wind,grid_area,none,,,,,,,none,,,,,,,,0,none,,,,,,none,,,,,,none,,,,,grid_area,Bornheim,,49.7831,8.0603,3,2021-2026
AMP_WESTNETZ_DORTMUND_CR_WIND,0.45,grid_area_city,51.50762222222223,7.472581481481482,Erneuerbar,westnetz dortmund cr wind,westnetz dortmund cr wind,grid_area,none,,,,,,,none,,,,,,,,0,none,,,,,,none,,,,,,none,,,,,grid_area,Dortmund,,51.50762222222223,7.472581481481482,2,2021-2026
AMP_WESTNETZ_EIFEL_CR_WIND,0.3,grid_area_region,50.35,6.7,Erneuerbar,westnetz eifel cr wind,westnetz eifel cr wind,grid_area,none,,,,,,,none,,,,,,,,0,none,,,,,,none,,,,,,none,,,,,grid_area,eifel,,50.35,6.7,3,2021-2026
AMP_WESTNETZ_EMSLAND_CR_PHOTOVOLTAIK,0.3,grid_area_region,52.9,7.4,Erneuerbar,westnetz emsland cr photovoltaik,westnetz emsland cr photovoltaik,grid_area,none,,,,,,,none,,,,,,,,0,none,,,,,,none,,,,,,none,,,,,grid_area,emsland,,52.9,7.4,1,2021-2026
AMP_WESTNETZ_EMSLAND_CR_SONSTIGE_EE,0.3,grid_area_region,52.9,7.4,Sonstiges,westnetz emsland cr sonstige ee,westnetz emsland cr sonstige ee,grid_area,none,,,,,,,none,,,,,,,,0,none,,,,,,none,,,,,,none,,,,,grid_area,emsland,,52.9,7.4,2,2021-2026
AMP_WESTNETZ_EMSLAND_CR_WIND,0.3,grid_area_region,52.9,7.4,Erneuerbar,westnetz emsland cr wind,westnetz emsland cr wind,grid_area,none,,,,,,,none,,,,,,,,0,none,,,,,,none,,,,,,none,,,,,grid_area,emsland,,52.9,7.4,10,2021-2026
AMP_WESTNETZ_HUERTH_CR_WIND,0.45,grid_area_city,50.8708,6.8676,Erneuerbar,westnetz huerth cr wind,westnetz huerth cr wind,grid_area,none,,,,,,,none,,,,,,,,0,none,,,,,,none,,,,,,none,,,,,grid_area,Huerth,,50.8708,6.8676,3,2021-2026
AMP_WESTNETZ_KREFELDNEUSS_CR_WIND,0.2,grid_area_dso,51.425,7.66,Erneuerbar,westnetz krefeldneuss cr wind,westnetz krefeldneuss cr wind,grid_area,none,,,,,,,none,,,,,,,,0,none,,,,,,none,,,,,,none,,,,,grid_area,westnetz->nordrhein-westfalen,,51.425,7.66,3,2021-2026
AMP_WESTNETZ_MUELHEIM_CR_WIND,0.45,grid_area_city,49.9125,7.0195,Erneuerbar,westnetz muelheim cr wind,westnetz muelheim cr wind,grid_area,none,,,,,,,none,,,,,,,,0,none,,,,,,none,,,,,,none,,,,,grid_area,Muelheim,,49.9125,7.0195,1,2021-2026
AMP_WESTNETZ_MUENSTERLAND_CR_WIND,0.3,grid_area_region,52.1,7.35,Erneuerbar,westnetz muensterland cr wind,westnetz muensterland cr wind,grid_area,none,,,,,,,none,,,,,,,,0,none,,,,,,none,,,,,,none,,,,,grid_area,muensterland,,52.1,7.35,4,2021-2026
AMP_WESTNETZ_MUENSTERLAND_TEL,0.3,grid_area_region,52.1,7.35,Sonstiges,westnetz muensterland tel,westnetz muensterland tel,grid_area,none,,,,,,,none,,,,,,,,0,none,,,,,,none,,,,,,none,,,,,grid_area,muensterland,,52.1,7.35,1,2021-2026
AMP_WESTNETZ_NAHE_CR_PHOTOVOLTAIK,0.3,grid_area_region,49.75,7.45,Erneuerbar,westnetz nahe cr photovoltaik,westnetz nahe cr photovoltaik,grid_area,none,,,,,,,none,,,,,,,,0,none,,,,,,none,,,,,,none,,,,,grid_area,nahe,,49.75,7.45,3,2021-2026
AMP_WESTNETZ_NAHE_CR_WIND,0.3,grid_area_region,49.75,7.45,Erneuerbar,westnetz nahe cr wind,westnetz nahe cr wind,grid_area,none,,,,,,,none,,,,,,,,0,none,,,,,,none,,,,,,none,,,,,grid_area,nahe,,49.75,7.45,15,2021-2026
AMP_WESTNETZ_NAHE_TEL,0.3,grid_area_region,49.75,7.45,Sonstiges,westnetz nahe tel,westnetz nahe tel,grid_area,none,,,,,,,none,,,,,,,,0,none,,,,,,none,,,,,,none,,,,,grid_area,nahe,,49.75,7.45,1,2021-2026
AMP_WESTNETZ_NIEDERRHEIN_CR_WIND,0.3,grid_area_region,51.599999999999994,6.449999999999999,Erneuerbar,westnetz niederrhein cr wind,westnetz niederrhein cr wind,grid_area,none,,,,,,,none,,,,,,,,0,none,,,,,,none,,,,,,none,,,,,grid_area,niederrhein,,51.599999999999994,6.449999999999999,3,2021-2026
AMP_WESTNETZ_NIKE_CR_KONVENTIONELL,0.2,grid_area_dso,51.425,7.66,Sonstiges,westnetz nike cr konventionell,westnetz nike cr konventionell,grid_area,none,,,,,,,none,,,,,,,,0,none,,,,,,none,,,,,,none,,,,,grid_area,westnetz->nordrhein-westfalen,,51.425,7.66,2,2021-2026
AMP_WESTNETZ_NIKE_CR_PHOTOVOLTAIK,0.2,grid_area_dso,51.425,7.66,Erneuerbar,westnetz nike cr photovoltaik,westnetz nike cr photovoltaik,grid_area,none,,,,,,,none,,,,,,,,0,none,,,,,,none,,,,,,none,,,,,grid_area,westnetz->nordrhein-westfalen,,51.425,7.66,2,2021-2026
AMP_WESTNETZ_NIKE_CR_SONSTIGE_EE,0.2,grid_area_dso,51.425,7.66,Sonstiges,westnetz nike cr sonstige ee,westnetz nike cr sonstige ee,grid_area,none,,,,,,,none,,,,,,,,0,none,,,,,,none,,,,,,none,,,,,grid_area,westnetz->nordrhein-westfalen,,51.425,7.66,3,2021-2026
AMP_WESTNETZ_NIKE_CR_WIND,0.2,grid_area_dso,51.425,7.66,Erneuerbar,westnetz nike cr wind,westnetz nike cr wind,grid_area,none,,,,,,,none,,,,,,,,0,none,,,,,,none,,,,,,none,,,,,grid_area,westnetz->nordrhein-westfalen,,51.425,7.66,10,2021-2026
AMP_WESTNETZ_PLAIDT_CR_WIND,0.45,grid_area_city,50.3926,7.3925,Erneuerbar,westnetz plaidt cr wind,westnetz plaidt cr wind,grid_area,none,,,,,,,none,,,,,,,,0,none,,,,,,none,,,,,,none,,,,,grid_area,Plaidt,,50.3926,7.3925,7,2021-2026
AMP_WESTNETZ_SAUERLAND_CR_WIND,0.3,grid_area_region,51.1,8.35,Erneuerbar,westnetz sauerland cr wind,westnetz sauerland cr wind,grid_area,none,,,,,,,none,,,,,,,,0,none,,,,,,none,,,,,,none,,,,,grid_area,sauerland,,51.1,8.35,6,2021-2026
AMP_WESTNETZ_SAUERLAND_TEL,0.3,grid_area_region,51.1,8.35,Sonstiges,westnetz sauerland tel,westnetz sauerland tel,grid_area,none,,,,,,,none,,,,,,,,0,none,,,,,,none,,,,,,none,,,,,grid_area,sauerland,,51.1,8.35,1,2021-2026
AMP_WESTNETZ_SIEGEN_CR_WIND,0.45,grid_area_city,50.87617999999999,8.021020000000002,Erneuerbar,westnetz siegen cr wind,westnetz siegen cr wind,grid_area,none,,,,,,,none,,,,,,,,0,none,,,,,,none,,,,,,none,,,,,grid_area,Siegen,,50.87617999999999,8.021020000000002,3,2021-2026
AMP_WESTNETZ_SIERSDORF_CR_WIND,0.2,grid_area_dso,51.425,7.66,Erneuerbar,westnetz siersdorf cr wind,westnetz siersdorf cr wind,grid_area,none,,,,,,,none,,,,,,,,0,none,,,,,,none,,,,,,none,,,,,grid_area,westnetz->nordrhein-westfalen,,51.425,7.66,4,2021-2026
AMP_WESTNETZ_TRIER_CR_PHOTOVOLTAIK,0.3,grid_area_region,49.75,6.65,Erneuerbar,westnetz trier cr photovoltaik,westnetz trier cr photovoltaik,grid_area,none,,,,,,,none,,,,,,,,0,none,,,,,,none,,,,,,none,,,,,grid_area,trier,,49.75,6.65,4,2021-2026
AMP_WESTNETZ_TRIER_CR_SONSTIGE_EE,0.3,grid_area_region,49.75,6.65,Sonstiges,westnetz trier cr sonstige ee,westnetz trier cr sonstige ee,grid_area,none,,,,,,,none,,,,,,,,0,none,,,,,,none,,,,,,none,,,,,grid_area,trier,,49.75,6.65,4,2021-2026
AMP_WESTNETZ_TRIER_CR_WIND,0.3,grid_area_region,49.75,6.65,Erneuerbar,westnetz trier cr wind,westnetz trier cr wind,grid_area,none,,,,,,,none,,,,,,,,0,none,,,,,,none,,,,,,none,,,,,grid_area,trier,,49.75,6.65,9,2021-2026
AVA Cluster Alfstedt,0.95,psa_exact,53.54581,9.031961,Erneuerbar,alfstedt,alfstedt,cluster,none,,,,,,,exact,1.0,True,Wp Alfstedt,53.54581,9.031961,erneuerbar,5.3,1,none,,,,,,none,,,,,,none,,,,,none,,,,,25,2021-2026
AVA Cluster Algermissen T411,0.5,gazetteer,52.2533,9.9691,Erneuerbar,algermissen t411,algermissen t411,cluster,none,,,,,,,none,,,,,,,,0,none,,,,,Solarpark:no_titles,none,,,,,,match,Algermissen,Niedersachsen,52.2533,9.9691,none,,,,,1,2021-2026
AVA Cluster Algermissen T412,0.5,gazetteer,52.2533,9.9691,Erneuerbar,algermissen t412,algermissen t412,cluster,none,,,,,,,none,,,,,,,,0,none,,,,,Solarpark:no_titles,none,,,,,,match,Algermissen,Niedersachsen,52.2533,9.9691,none,,,,,1,2021-2026
AVA Cluster Borken T411 T413,0.5,gazetteer,51.8438,6.8577,Erneuerbar,borken t411 t413,borken t411 t413,cluster,none,,,,,,,none,,,,,,,,0,none,,,,,Solarpark:no_titles,none,,,,,,match,Borken,Nordrhein-Westfalen,51.8438,6.8577,none,,,,,2,2021-2026
AVA Cluster Dipperz,0.5,gazetteer,50.5433,9.7959,Erneuerbar,dipperz,dipperz,cluster,none,,,,,,,none,,,,,,,,0,none,,,,,Solarpark:no_titles,none,,,,,,match,Dipperz,Hessen,50.5433,9.7959,none,,,,,4,2021-2026
AVA Cluster Dollern,0.5,gazetteer,53.5333,9.55,Erneuerbar,dollern,dollern,cluster,none,,,,,,,none,,,,,,,,0,none,,,,,Solarpark:no_titles,none,,,,,,match,Dollern,Niedersachsen,53.5333,9.55,none,,,,,11,2021-2026
AVA Cluster Elsen,0.727,psa_fuzzy,49.213875,6.827617,Erneuerbar,elsen,elsen,cluster,fuzzy,0.909,False,AVA Velsen,49.21387,6.83445,konventionell,fuzzy,0.909,True,Solarpark Velsen,49.213875,6.827617,erneuerbar,1.1316,1,none,,,,,Solarpark:no_titles,none,,,,,,none,,,,,none,,,,,45,2021-2026
AVA Cluster Emden Borssum,0.5,gazetteer,53.3667,7.2167,Erneuerbar,emden borssum,emden borssum,cluster,none,,,,,,,none,,,,,,,,0,none,,,,,Solarpark:no_titles,none,,,,,,match,Emden,Niedersachsen,53.3667,7.2167,none,,,,,10,2021-2026
AVA Cluster Emden Ost,0.855,psa_exact_dir,53.384675,7.21097,Erneuerbar,emden ost,emden ost,cluster,none,,,,,,,none,,,,,,,,0,none,,,,,,none,,,,,,none,,,,,none,,,,,1,2021-2026
AVA Cluster Gießen Nord T413 T414,0.5,gazetteer,50.58524,8.67918,Erneuerbar,giessen nord t413 t414,giessen nord t413 t414,cluster,none,,,,,,,none,,,,,,,,0,none,,,,,Solarpark:no_titles,none,,,,,,match,Giessen,Hessen,50.58524,8.67918,none,,,,,7,2021-2026
AVA Cluster Hannover West,0.855,psa_exact_dir,52.427939,9.656977,Erneuerbar,hannover west,hannover west,cluster,none,,,,,,,none,,,,,,,,0,none,,,,,,none,,,,,,none,,,,,none,,,,,2,2021-2026
AVA Cluster Hardegsen T411 T412,0.5,gazetteer,51.6523,9.8305,Erneuerbar,hardegsen t411 t412,hardegsen t411 t412,cluster,none,,,,,,,none,,,,,,,,0,none,,,,,Solarpark:no_titles,none,,,,,,match,Hardegsen,Niedersachsen,51.6523,9.8305,none,,,,,1,2021-2026
AVA Cluster Helmstedt,0.95,psa_exact,52.208034,10.988918,Erneuerbar,helmstedt,helmstedt,cluster,none,,,,,,,exact,1.0,True,Windpark Helmstedt,52.208034,10.988918,erneuerbar,6.2,1,none,,,,,,none,,,,,,none,,,,,none,,,,,117,2021-2026
AVA Cluster Landesbergen,0.95,psa_exact,52.575945,9.111688,Erneuerbar,landesbergen,landesbergen,cluster,none,,,,,,,exact,1.0,True,Laufwasserkraftwerk Landesbergen,52.575945,9.111688,erneuerbar,8.34,1,none,,,,,,none,,,,,,none,,,,,none,,,,,3,2021-2026
AVA Cluster Lehrte,0.95,psa_exact,52.350622,10.000304,Erneuerbar,lehrte,lehrte,cluster,none,,,,,,,exact,1.0,True,Lehrte,52.350622,10.000304,erneuerbar,2.0,1,none,,,,,,none,,,,,,none,,,,,none,,,,,103,2021-2026
AVA Cluster Lüneburg T412,0.5,gazetteer,53.2497,10.4148,Erneuerbar,lueneburg t412,lueneburg t412,cluster,none,,,,,,,none,,,,,,,,0,none,,,,,Solarpark:no_titles,none,,,,,,match,Lueneburg,Niedersachsen,53.2497,10.4148,none,,,,,16,2021-2026
AVA Cluster Lüneburg T413,0.5,gazetteer,53.2497,10.4148,Erneuerbar,lueneburg t413,lueneburg t413,cluster,none,,,,,,,none,,,,,,,,0,none,,,,,Solarpark:no_titles,none,,,,,,match,Lueneburg,Niedersachsen,53.2497,10.4148,none,,,,,22,2021-2026
AVA Cluster Mehringen,0.753,psa_fuzzy,51.359841,9.153277,Erneuerbar,mehringen,mehringen,cluster,none,,,,,,,fuzzy,0.941,True,Ehringen,51.359841,9.153277,erneuerbar,5.5,1,none,,,,,Solarpark:no_titles,none,,,,,,match,Mehringen,Sachsen-Anhalt,51.7266,11.5126,none,,,,,10,2021-2026
AVA Cluster Ohlensehlen,0.0,unresolved,,,Erneuerbar,ohlensehlen,ohlensehlen,cluster,none,,,,,,,none,,,,,,,,0,none,,,,,Solarpark:no_titles,none,,,,,,none,,,,,none,,,,,76,2021-2026
AVA Cluster SC Dipperz Großkrotzenburg,0.5,gazetteer,50.5433,9.7959,Erneuerbar,dipperz grosskrotzenburg,dipperz grosskrotzenburg,cluster,none,,,,,,,none,,,,,,,,0,none,,,,,Solarpark:no_titles,none,,,,,,match,Dipperz,Hessen,50.5433,9.7959,none,,,,,16,2021-2026
AVA Cluster Sottrum T411 T413,0.5,gazetteer,53.1167,9.2333,Erneuerbar,sottrum t411 t413,sottrum t411 t413,cluster,none,,,,,,,none,,,,,,,,0,none,,,,,Solarpark:no_titles,none,,,,,,match,Sottrum,Niedersachsen,53.1167,9.2333,none,,,,,69,2021-2026
AVA Cluster Sottrum T412,0.5,gazetteer,53.1167,9.2333,Erneuerbar,sottrum t412,sottrum t412,cluster,none,,,,,,,none,,,,,,,,0,none,,,,,Solarpark:no_titles,none,,,,,,match,Sottrum,Niedersachsen,53.1167,9.2333,none,,,,,16,2021-2026
AVA Cluster Stadorf,0.4,nominatim,52.9919338,10.3956338,Erneuerbar,stadorf,stadorf,cluster,none,,,,,,,none,,,,,,,,0,none,,,,,Solarpark:no_titles,none,,,,,,nominatim,Stadorf,Niedersachsen,52.9919338,10.3956338,none,,,,,51,2021-2026
AVA Cluster Twistetal,0.95,psa_exact,51.317481,8.988592,Erneuerbar,twistetal,twistetal,cluster,none,,,,,,,exact,1.0,True,Twistetal,51.317481,8.988592,erneuerbar,2.3,1,none,,,,,,none,,,,,,none,,,,,none,,,,,56,2021-2026
AVA Cluster Voslapp,0.4,nominatim,53.5871884,8.102887,Erneuerbar,voslapp,voslapp,cluster,none,,,,,,,none,,,,,,,,0,none,,,,,Solarpark:no_titles,none,,,,,,nominatim,Voslapp,Niedersachsen,53.5871884,8.102887,none,,,,,147,2021-2026
AVA Cluster Vörden,0.738,psa_fuzzy,52.452781,8.10445,Erneuerbar,voerden,voerden,cluster,fuzzy,0.923,False,KW Voerde,51.576475,6.689428,konventionell,fuzzy,0.923,True,Windpark Vorden,52.452781,8.10445,erneuerbar,3.23,1,none,,,,,Solarpark:no_titles,none,,,,,,none,,,,,none,,,,,6,2021-2026
AVA Cluster Wechold,0.4,nominatim,52.8480963,9.1263681,Erneuerbar,wechold,wechold,cluster,none,,,,,,,none,,,,,,,,0,none,,,,,Solarpark:no_titles,none,,,,,,nominatim,Wechold,Niedersachsen,52.8480963,9.1263681,none,,,,,23,2021-2026
AVA Cluster Würgassen,0.4,nominatim,51.6445021,9.4071653,Erneuerbar,wuergassen,wuergassen,cluster,none,,,,,,,none,,,,,,,,0,none,,,,,Solarpark:no_titles,none,,,,,,nominatim,Würgassen,Nordrhein-Westfalen,51.6445021,9.4071653,none,,,,,3,2021-2026
Abschaltbare Last (RZ TenneT DE),0.0,skipped_grid_area_market,,,Sonstiges,abschaltbare last,abschaltbare last,grid_area,none,,,,,,,none,,,,,,,,0,none,,,,,,none,,,,,,none,,,,,none,,,,,3,2013-2020
Ahrensfelde A (KapRes),1.0,opsd_exact,52.58950001,13.5586524,Konventionell,ahrensfelde,ahrensfelde,single,exact,1.0,True,Ahrensfelde,52.58950001,13.5586524,konventionell,none,,,,,,,,0,none,,,,,,none,,,,,,none,,,,,none,,,,,23,2013-2020; 2021-2026
Ahrensfelde B (KapRes),1.0,opsd_exact,52.58950001,13.5586524,Konventionell,ahrensfelde,ahrensfelde,single,exact,1.0,True,Ahrensfelde,52.58950001,13.5586524,konventionell,none,,,,,,,,0,none,,,,,,none,,,,,,none,,,,,none,,,,,24,2013-2020; 2021-2026
Ahrensfelde C (KapRes),1.0,opsd_exact,52.58950001,13.5586524,Konventionell,ahrensfelde,ahrensfelde,single,exact,1.0,True,Ahrensfelde,52.58950001,13.5586524,konventionell,none,,,,,,,,0,none,,,,,,none,,,,,,none,,,,,none,,,,,23,2013-2020; 2021-2026
Ahrensfelde D (KapRes),1.0,opsd_exact,52.58950001,13.5586524,Konventionell,ahrensfelde,ahrensfelde,single,exact,1.0,True,Ahrensfelde,52.58950001,13.5586524,konventionell,none,,,,,,,,0,none,,,,,,none,,,,,,none,,,,,none,,,,,21,2013-2020; 2021-2026
Amprion Abruf abschaltbare Lasten,0.0,skipped_grid_area_market,,,Sonstiges,abruf abschaltbare lasten,abruf abschaltbare lasten,grid_area,none,,,,,,,none,,,,,,,,0,none,,,,,,none,,,,,,none,,,,,none,,,,,3,2013-2020
Amprion NR BK,0.0,skipped_grid_area_market,,,Sonstiges,nr bk,nr bk,grid_area,none,,,,,,,none,,,,,,,,0,none,,,,,,none,,,,,,none,,,,,none,,,,,187,2013-2020
Audorf,1.0,opsd_exact,54.290672,9.722775,Konventionell,audorf,audorf,single,exact,1.0,True,Audorf,54.290672,9.722775,konventionell,exact,1.0,True,Gasturbinenkraftwerk Audorf,54.29068,9.72286,konventionell,90.0,1,none,,,,,,none,,,,,,none,,,,,none,,,,,32,2013-2020; 2021-2026
Auslaendische-Netzreserve,0.0,skipped_grid_area_market,,,Sonstiges,auslaendische netzreserve,auslaendische netzreserve,grid_area,none,,,,,,,none,,,,,,,,0,none,,,,,,none,,,,,,none,,,,,none,,,,,8,2013-2020
BAG NWAK-Cluster 01 Mechlenreuth,0.4,nominatim,50.1718024,11.801791,Erneuerbar,mechlenreuth,mechlenreuth,cluster,none,,,,,,,none,,,,,,,,0,none,,,,,Solarpark:no_titles,none,,,,,,nominatim,Mechlenreuth,Bayern,50.1718024,11.801791,none,,,,,11,2021-2026
BAG NWAK-Cluster 02 Oberhaid-Redwitz,0.5,gazetteer,49.9325,10.8147,Erneuerbar,oberhaid redwitz,oberhaid redwitz,cluster,none,,,,,,,none,,,,,,,,0,none,,,,,Solarpark:no_titles,none,,,,,,match,Oberhaid,Bayern,49.9325,10.8147,none,,,,,23,2021-2026
BAG NWAK-Cluster 03 Bergrheinfeld-Schweinfurt,0.5,gazetteer,50.0103,10.1809,Erneuerbar,bergrheinfeld schweinfurt,bergrheinfeld schweinfurt,cluster,none,,,,,,,none,,,,,,,,0,none,,,,,Solarpark:no_titles,none,,,,,,match,Bergrheinfeld,Bayern,50.0103,10.1809,none,,,,,61,2021-2026
BAG NWAK-Cluster 04 Aschaffenburg,0.55,opsd_city,49.988218,9.155761,Erneuerbar,aschaffenburg,aschaffenburg,cluster,city,1.0,,Blockheizkraftwerk 1,49.988218,9.155761,,none,,,,,,,,0,none,,,,,Solarpark:no_titles,none,,,,,,match,Aschaffenburg,Bayern,49.97186666666666,9.147966666666667,none,,,,,45,2021-2026
BAG NWAK-Cluster 05 Kriegenbrunn-Ludersheim,0.4,nominatim,49.556437,10.9542353,Erneuerbar,kriegenbrunn ludersheim,kriegenbrunn ludersheim,cluster,none,,,,,,,none,,,,,,,,0,none,,,,,Solarpark:no_titles,none,,,,,,nominatim,Kriegenbrunn Ludersheim,Bayern,49.556437,10.9542353,none,,,,,19,2021-2026
BAG NWAK-Cluster 06 Raitersaich,0.4,nominatim,49.3729799,10.8446391,Erneuerbar,raitersaich,raitersaich,cluster,none,,,,,,,none,,,,,,,,0,none,,,,,Solarpark:no_titles,none,,,,,,nominatim,Raitersaich,Bayern,49.3729799,10.8446391,none,,,,,4,2021-2026
BAG NWAK-Cluster 08 Neufinsing,0.4,nominatim,48.2210641,11.8042527,Erneuerbar,neufinsing,neufinsing,cluster,none,,,,,,,none,,,,,,,,0,none,,,,,Solarpark:no_titles,none,,,,,,nominatim,Neufinsing,Bayern,48.2210641,11.8042527,none,,,,,2,2021-2026
BAG NWAK-Cluster 09 Marienberg,0.72,psa_fuzzy,51.383375,8.816508,Erneuerbar,marienberg,marienberg,cluster,none,,,,,,,fuzzy,0.9,True,Wp Martenberg,51.383375,8.816508,erneuerbar,2.3,1,none,,,,,Solarpark:no_titles,none,,,,,,match,Marienberg,Sachsen,50.6132,13.1883,none,,,,,5,2021-2026
BAG NWAK-Cluster 10 Oberbachern,0.4,nominatim,48.2820287,11.3686997,Erneuerbar,oberbachern,oberbachern,cluster,none,,,,,,,none,,,,,,,,0,none,,,,,Solarpark:no_titles,none,,,,,,nominatim,Oberbachern,Bayern,48.2820287,11.3686997,none,,,,,1,2021-2026
BAG NWAK-Cluster 12 Pirach-Simbach,0.5,gazetteer,48.5661,12.7389,Erneuerbar,pirach simbach,pirach simbach,cluster,none,,,,,,,none,,,,,,,,0,none,,,,,Solarpark:no_titles,none,,,,,,match,Simbach,Bayern,48.5661,12.7389,none,,,,,52,2021-2026
BAG NWAK-Cluster 13 Etzenricht,0.85,wikipedia,49.63145,12.09408,Erneuerbar,etzenricht,etzenricht,cluster,none,,,,,,,none,,,,,,,,0,match,Etzenricht,49.63145,12.09408,https://de.wikipedia.org/wiki/Etzenricht,Windpark:accepted,none,,,,,,match,Etzenricht,Bayern,49.6333,12.1,none,,,,,23,2021-2026
BAG NWAK-Cluster 14 Schwandorf,0.85,wikipedia,49.32833333,12.11,Erneuerbar,schwandorf,schwandorf,cluster,exact,1.0,False,Müllkraftwerk Schwandorf,49.30998,12.08795,konventionell,none,,,,,,,,0,match,Schwandorf,49.32833333,12.11,https://de.wikipedia.org/wiki/Schwandorf,Windpark:accepted,none,,,,,,match,Schwandorf,Bayern,49.3236,12.0993,none,,,,,43,2021-2026
BAG NWAK-Cluster 14a Schwandorf,0.5,gazetteer,49.3236,12.0993,Erneuerbar,14a schwandorf,14a schwandorf,cluster,none,,,,,,,none,,,,,,,,0,none,,,,,Solarpark:no_titles,none,,,,,,match,Schwandorf,Bayern,49.3236,12.0993,none,,,,,2,2021-2026
BAG NWAK-Cluster 15 Pleinting,0.4,nominatim,48.6604745,13.119804,Erneuerbar,pleinting,pleinting,cluster,none,,,,,,,none,,,,,,,,0,none,,,,,Solarpark:no_titles,none,,,,,,nominatim,Pleinting,Bayern,48.6604745,13.119804,none,,,,,186,2021-2026
BAG NWAK-Cluster 16 Regensburg-Sittling,0.5,gazetteer,49.01781428571429,12.098885714285714,Erneuerbar,regensburg sittling,regensburg sittling,cluster,none,,,,,,,none,,,,,,,,0,none,,,,,Solarpark:no_titles,none,,,,,,match,Regensburg,Bayern,49.01781428571429,12.098885714285714,none,,,,,115,2021-2026
BAG NWAK-Cluster 17 Altheim,1.0,opsd_exact,51.536513,14.382898,Erneuerbar,altheim,altheim,cluster,exact,1.0,True,Altheim,51.536513,14.382898,erneuerbar,exact,1.0,True,Altheim,48.5836,12.2181,erneuerbar,17.154,6,none,,,,,,none,,,,,,none,,,,,none,,,,,201,2021-2026
BASF KW-Park,0.2,grid_area_dso,49.955,7.3100000000000005,Konventionell,park,park,grid_area,none,,,,,,,none,,,,,,,,0,none,,,,,,none,,,,,,none,,,,,grid_area,basf->rheinland-pfalz,,49.955,7.3100000000000005,18,2013-2020
BASF-GESAMTEINSPEISG,0.0,skipped_grid_area_market,,,Konventionell,gesamteinspeisg,gesamteinspeisg,grid_area,none,,,,,,,none,,,,,,,,0,none,,,,,,none,,,,,,none,,,,,none,,,,,25,2013-2020; 2021-2026
BATTERIESPEICHER_NEURATH,0.95,psa_exact,51.037649,6.612286,Sonstiges,batteriespeicher neurath,batteriespeicher neurath,single,none,,,,,,,exact,1.0,True,Batteriespeicher Neurath,51.037649,6.612286,sonstiges,80.0,1,none,,,,,,none,,,,,,none,,,,,none,,,,,1,2021-2026
BERGKAMEN_A,1.0,opsd_exact,51.63701,7.618760000000001,Konventionell,bergkamen,bergkamen,single,exact,1.0,,BMKW Bergkamen,51.63701,7.618760000000001,,exact,1.0,True,Bergkamen,51.636945,7.619083,konventionell,720.0,1,none,,,,,,none,,,,,,none,,,,,none,,,,,162,2013-2020; 2021-2026
BEXBACH_1,1.0,opsd_exact,49.363481,7.237136,Konventionell,bexbach,bexbach,single,exact,1.0,True,Kraftwerk Bexbach,49.363481,7.237136,konventionell,exact,1.0,True,Bexbach,49.36139,7.237308,konventionell,726.0,1,none,,,,,,none,,,,,,none,,,,,none,,,,,88,2013-2020; 2021-2026
BIBLIS_GT (bnBm),0.95,psa_exact,49.7093,8.4148,Konventionell,biblis,biblis,single,none,,,,,,,exact,1.0,True,Biblis A,49.7093,8.4148,konventionell,1225.0,1,none,,,,,,none,,,,,,none,,,,,none,,,,,350,2021-2026
Baden-Württemberg Mitte EE,0.35,state_centroid,48.66,9.004999999999999,Erneuerbar,baden wuerttemberg mitte ee,baden wuerttemberg mitte ee,single,none,,,,,,,none,,,,,,,,0,none,,,,,Solarpark:no_titles,none,,,,,,none,,,,,match,baden-wuerttemberg,,48.66,9.004999999999999,4,2021-2026
Baden-Württemberg Nord EE,0.3,state_centroid_N,49.224999999999994,9.004999999999999,Erneuerbar,baden wuerttemberg nord ee,baden wuerttemberg nord ee,single,none,,,,,,,none,,,,,,,,0,none,,,,,Solarpark:no_titles,none,,,,,,none,,,,,match,baden-wuerttemberg,N,49.224999999999994,9.004999999999999,2,2021-2026
Baden-Württemberg Nord-Ost EE,0.3,state_centroid_NE,49.224999999999994,9.7525,Erneuerbar,baden wuerttemberg nord ost ee,baden wuerttemberg nord ost ee,single,none,,,,,,,none,,,,,,,,0,none,,,,,Solarpark:no_titles,none,,,,,,none,,,,,match,baden-wuerttemberg,NE,49.224999999999994,9.7525,2,2021-2026
Baden-Württemberg Nord-West EE,0.3,state_centroid_NW,49.224999999999994,8.2575,Erneuerbar,baden wuerttemberg nord west ee,baden wuerttemberg nord west ee,single,none,,,,,,,none,,,,,,,,0,none,,,,,Solarpark:no_titles,none,,,,,,none,,,,,match,baden-wuerttemberg,NW,49.224999999999994,8.2575,2,2021-2026
Baden-Württemberg Süd EE,0.3,state_centroid_S,48.095,9.004999999999999,Erneuerbar,baden wuerttemberg sued ee,baden wuerttemberg sued ee,single,none,,,,,,,none,,,,,,,,0,none,,,,,Solarpark:no_titles,none,,,,,,none,,,,,match,baden-wuerttemberg,S,48.095,9.004999999999999,2,2021-2026
Baden-Württemberg Süd-Ost EE,0.3,state_centroid_SE,48.095,9.7525,Erneuerbar,baden wuerttemberg sued ost ee,baden wuerttemberg sued ost ee,single,none,,,,,,,none,,,,,,,,0,none,,,,,Solarpark:no_titles,none,,,,,,none,,,,,match,baden-wuerttemberg,SE,48.095,9.7525,4,2021-2026
Baden-Württemberg West EE,0.3,state_centroid_W,48.66,8.2575,Erneuerbar,baden wuerttemberg west ee,baden wuerttemberg west ee,single,none,,,,,,,none,,,,,,,,0,none,,,,,Solarpark:no_titles,none,,,,,,none,,,,,match,baden-wuerttemberg,W,48.66,8.2575,1,2021-2026
Bergkamen,1.0,opsd_exact,51.63701,7.618760000000001,Konventionell,bergkamen,bergkamen,single,exact,1.0,,BMKW Bergkamen,51.63701,7.618760000000001,,exact,1.0,True,Bergkamen,51.636945,7.619083,konventionell,720.0,1,none,,,,,,none,,,,,,none,,,,,none,,,,,100,2013-2020
Bexbach,1.0,opsd_exact,49.363481,7.237136,Konventionell,bexbach,bexbach,single,exact,1.0,True,Kraftwerk Bexbach,49.363481,7.237136,konventionell,exact,1.0,True,Bexbach,49.36139,7.237308,konventionell,726.0,1,none,,,,,,none,,,,,,none,,,,,none,,,,,106,2013-2020
Bexbach A,1.0,opsd_exact,49.363481,7.237136,Konventionell,bexbach,bexbach,single,exact,1.0,True,Kraftwerk Bexbach,49.363481,7.237136,konventionell,exact,1.0,True,Bexbach,49.36139,7.237308,konventionell,726.0,1,none,,,,,,none,,,,,,none,,,,,none,,,,,182,2021-2026
Bl. C,0.0,unresolved,,,Konventionell,,,single,none,,,,,,,none,,,,,,,,0,none,,,,,Kraftwerk:empty_tokens,none,,,,,,none,,,,,none,,,,,1,2013-2020
Bl.C,0.0,unresolved,,,Konventionell,,,single,none,,,,,,,none,,,,,,,,0,none,,,,,Kraftwerk:empty_tokens,none,,,,,,none,,,,,none,,,,,1,2013-2020
Boxberg,1.0,opsd_exact,51.41626317,14.56194878,Konventionell,boxberg,boxberg,single,exact,1.0,True,Boxberg,51.41626317,14.56194878,konventionell,exact,1.0,True,Boxberg,51.41333425,14.563203,konventionell,2470.0,1,none,,,,,,none,,,,,,none,,,,,none,,,,,3941,2013-2020
Boxberg (Standort),1.0,opsd_exact,51.41626317,14.56194878,Konventionell,boxberg,boxberg,single,exact,1.0,True,Boxberg,51.41626317,14.56194878,konventionell,exact,1.0,True,Boxberg,51.41333425,14.563203,konventionell,2470.0,1,none,,,,,,none,,,,,,none,,,,,none,,,,,1883,2013-2020; 2021-2026
Braunschweig BHKW,1.0,opsd_exact,52.295298,10.521672,Konventionell,braunschweig,braunschweig,single,exact,1.0,True,BHKW Braunschweig,52.295298,10.521672,konventionell,exact,1.0,True,Bhkw Braunschweig,52.295023,10.521684,konventionell,10.4,1,none,,,,,,none,,,,,,none,,,,,none,,,,,1,2021-2026
Braunschweig DT,1.0,opsd_exact,52.295298,10.521672,Konventionell,braunschweig,braunschweig,single,exact,1.0,True,BHKW Braunschweig,52.295298,10.521672,konventionell,exact,1.0,True,Bhkw Braunschweig,52.295023,10.521684,konventionell,10.4,1,none,,,,,,none,,,,,,none,,,,,none,,,,,25,2021-2026
Braunschweig GT,1.0,opsd_exact,52.295298,10.521672,Konventionell,braunschweig,braunschweig,single,exact,1.0,True,BHKW Braunschweig,52.295298,10.521672,konventionell,exact,1.0,True,Bhkw Braunschweig,52.295023,10.521684,konventionell,10.4,1,none,,,,,,none,,,,,,none,,,,,none,,,,,65,2021-2026
Braunschweig HKWM DT42,0.5,gazetteer,52.26814,10.525866666666666,Konventionell,braunschweig hkwm,braunschweig hkwm,single,none,,,,,,,none,,,,,,,,0,none,,,,,Kraftwerk:no_titles,none,,,,,,match,Braunschweig,Niedersachsen,52.26814,10.525866666666666,none,,,,,5,2021-2026
Braunschweig HKWM GT31,0.5,gazetteer,52.26814,10.525866666666666,Konventionell,braunschweig hkwm,braunschweig hkwm,single,none,,,,,,,none,,,,,,,,0,none,,,,,Kraftwerk:no_titles,none,,,,,,match,Braunschweig,Niedersachsen,52.26814,10.525866666666666,none,,,,,75,2021-2026
Braunschweig HKWN GT,0.5,gazetteer,52.26814,10.525866666666666,Konventionell,braunschweig hkwn,braunschweig hkwn,single,none,,,,,,,none,,,,,,,,0,none,,,,,Kraftwerk:no_titles,none,,,,,,match,Braunschweig,Niedersachsen,52.26814,10.525866666666666,none,,,,,52,2021-2026
Bremen 15,0.95,psa_exact,53.051692,8.7957,Konventionell,bremen,bremen,single,exact,1.0,False,Weserkraftwerk Bremen,53.061134,8.864937,erneuerbar,exact,1.0,True,Bhkw Bremen,53.051692,8.7957,konventionell,1.999,1,none,,,,,,none,,,,,,none,,,,,none,,,,,38,2013-2020; 2021-2026
Bremen 5,0.95,psa_exact,53.051692,8.7957,Konventionell,bremen,bremen,single,exact,1.0,False,Weserkraftwerk Bremen,53.061134,8.864937,erneuerbar,exact,1.0,True,Bhkw Bremen,53.051692,8.7957,konventionell,1.999,1,none,,,,,,none,,,,,,none,,,,,none,,,,,1,2013-2020
Bremen 6,0.95,psa_exact,53.051692,8.7957,Konventionell,bremen,bremen,single,exact,1.0,False,Weserkraftwerk Bremen,53.061134,8.864937,erneuerbar,exact,1.0,True,Bhkw Bremen,53.051692,8.7957,konventionell,1.999,1,none,,,,,,none,,,,,,none,,,,,none,,,,,56,2013-2020
Bremen BHKW,0.95,psa_exact,53.051692,8.7957,Konventionell,bremen,bremen,single,exact,1.0,False,Weserkraftwerk Bremen,53.061134,8.864937,erneuerbar,exact,1.0,True,Bhkw Bremen,53.051692,8.7957,konventionell,1.999,1,none,,,,,,none,,,,,,none,,,,,none,,,,,5,2021-2026
Bremen GKB,0.95,psa_exact,53.051692,8.7957,Konventionell,bremen,bremen,single,exact,1.0,False,Weserkraftwerk Bremen,53.061134,8.864937,erneuerbar,exact,1.0,True,Bhkw Bremen,53.051692,8.7957,konventionell,1.999,1,none,,,,,,none,,,,,,none,,,,,none,,,,,6,2013-2020; 2021-2026
Brokdorf,1.0,opsd_exact,53.851095,9.345944,Konventionell,brokdorf,brokdorf,single,exact,1.0,True,Brokdorf,53.851095,9.345944,konventionell,none,,,,,,,,0,none,,,,,,none,,,,,,none,,,,,none,,,,,1295,2013-2020; 2021-2026
Brokdorf (EON),1.0,opsd_exact,53.851095,9.345944,Konventionell,brokdorf,brokdorf,single,exact,1.0,True,Brokdorf,53.851095,9.345944,konventionell,none,,,,,,,,0,none,,,,,,none,,,,,,none,,,,,none,,,,,212,2013-2020
Burghausen,1.0,opsd_exact,48.186212,12.845768,Konventionell,burghausen,burghausen,single,exact,1.0,True,Burghausen 01 - GT,48.186212,12.845768,konventionell,none,,,,,,,,0,none,,,,,,none,,,,,,none,,,,,none,,,,,5,2021-2026
Buschhaus,1.0,opsd_exact,52.17237156,10.97682873,Konventionell,buschhaus,buschhaus,single,exact,1.0,True,Buschhaus,52.17237156,10.97682873,konventionell,exact,1.0,True,Buschhaus,52.171764,10.977192,konventionell,405.0,1,none,,,,,,none,,,,,,none,,,,,none,,,,,26,2013-2020
B¿rse,0.0,unresolved,,,Sonstiges,brse,brse,single,none,,,,,,,none,,,,,,,,0,rejected,Börse,,,,Kraftwerk:no_token_overlap,rejected,Merit-Order,,,,Kraftwerk:page_missing,none,,,,,none,,,,,7,2021-2026
CB-Redispatch,0.0,unresolved,,,Sonstiges,cb redispatch,cb redispatch,single,none,,,,,,,none,,,,,,,,0,none,,,,,Kraftwerk:no_titles,none,,,,,,none,,,,,none,,,,,1,2013-2020
CHEMIEPARK_MARL_KRAFTWERKE,0.0,unresolved,,,Konventionell,chemiepark marl kraftwerke,chemiepark marl kraftwerke,single,none,,,,,,,none,,,,,,,,0,none,,,,,Kraftwerk:no_titles,none,,,,,,none,,,,,none,,,,,42,2021-2026
CROC Cluster Görries,0.0,unresolved,,,Sonstiges,goerries,goerries,cluster,none,,,,,,,none,,,,,,,,0,none,,,,,Kraftwerk:no_titles,none,,,,,,none,,,,,none,,,,,5,2021-2026
CROC Cluster Güstrow,0.5,gazetteer,53.7972,12.1734,Sonstiges,guestrow,guestrow,cluster,none,,,,,,,none,,,,,,,,0,none,,,,,Kraftwerk:no_titles,none,,,,,,match,Guestrow,Mecklenburg-Vorpommern,53.7972,12.1734,none,,,,,2,2021-2026
CROC Cluster Parchim Süd,0.5,gazetteer,53.4263,11.8488,Sonstiges,parchim sued,parchim sued,cluster,none,,,,,,,none,,,,,,,,0,rejected,Parchim (Schiff),,,,Kraftwerk:no_coords,rejected,Wasserkraftwerk Zülow,,,,Kraftwerk:page_missing,match,Parchim,Mecklenburg-Vorpommern,53.4263,11.8488,none,,,,,7,2021-2026
CROC Cluster Perleberg,0.5,gazetteer,53.0758,11.8574,Sonstiges,perleberg,perleberg,cluster,none,,,,,,,none,,,,,,,,0,none,,,,,Kraftwerk:no_titles,none,,,,,,match,Perleberg,Brandenburg,53.0758,11.8574,none,,,,,1,2021-2026
D4_SWSW_ANT_RWE,0.0,unresolved,,,Sonstiges,d4 swsw ant rwe,d4 swsw ant rwe,single,none,,,,,,,none,,,,,,,,0,none,,,,,Kraftwerk:no_titles,none,,,,,,none,,,,,none,,,,,2,2013-2020; 2021-2026
DORMAGEN_GT2,1.0,opsd_exact,51.07908,6.828710000000001,Konventionell,dormagen,dormagen,single,exact,1.0,True,Dormagen,51.07908,6.828710000000001,konventionell,exact,1.0,True,Dormagen,51.086969,6.818407,konventionell,562.0,1,none,,,,,,none,,,,,,none,,,,,none,,,,,2,2021-2026
DT10,0.0,unresolved,,,Konventionell,,,single,none,,,,,,,none,,,,,,,,0,none,,,,,Kraftwerk:empty_tokens,none,,,,,,none,,,,,none,,,,,1,2013-2020
Datteln_4,1.0,opsd_exact,51.62952,7.331174000000001,Konventionell,datteln,datteln,single,exact,1.0,True,Datteln,51.62952,7.331174000000001,konventionell,exact,1.0,True,Datteln,51.63313,7.34248,konventionell,1052.0,1,none,,,,,,none,,,,,,none,,,,,none,,,,,260,2021-2026
Duisburg_HKW_3,0.95,psa_exact,51.39066,6.74778,Konventionell,duisburg,duisburg,single,none,,,,,,,exact,1.0,True,Duisburg,51.39066,6.74778,konventionell,247.0,1,none,,,,,,none,,,,,,none,,,,,none,,,,,2,2013-2020
EE Bayern,0.35,state_centroid,48.92,11.405000000000001,Erneuerbar,bayern,bayern,single,none,,,,,,,none,,,,,,,,0,none,,,,,,none,,,,,,none,,,,,match,bayern,,48.92,11.405000000000001,152,2021-2026
EE Hessen,0.35,state_centroid,50.525,9.004999999999999,Erneuerbar,hessen,hessen,single,none,,,,,,,none,,,,,,,,0,none,,,,,,none,,,,,,none,,,,,match,hessen,,50.525,9.004999999999999,38,2021-2026
EE Niedersachsen,0.35,state_centroid,52.595,9.125,Erneuerbar,niedersachsen,niedersachsen,single,none,,,,,,,none,,,,,,,,0,none,,,,,,none,,,,,,none,,,,,match,niedersachsen,,52.595,9.125,578,2021-2026
EES KW-Pool,0.0,skipped_grid_area_unresolvable,,,Konventionell,ees pool,ees pool,grid_area,none,,,,,,,none,,,,,,,,0,none,,,,,,none,,,,,,none,,,,,none,,,,,1,2013-2020
EGC KW-Pool,0.0,skipped_grid_area_unresolvable,,,Konventionell,egc pool,egc pool,grid_area,none,,,,,,,none,,,,,,,,0,none,,,,,,none,,,,,,none,,,,,none,,,,,12,2013-2020
EGM_DTS,0.0,unresolved,,,Sonstiges,egm,egm,single,none,,,,,,,none,,,,,,,,0,none,,,,,Kraftwerk:no_titles,none,,,,,,none,,,,,none,,,,,19,2021-2026
EMS B,0.0,unresolved,,,Konventionell,ems,ems,single,none,,,,,,,none,,,,,,,,0,none,,,,,Kraftwerk:no_titles,none,,,,,,none,,,,,none,,,,,1,2013-2020
EMSLAND_DTB0,1.0,opsd_exact,52.481878,7.306658,Konventionell,emsland,emsland,single,exact,1.0,True,Emsland,52.481878,7.306658,konventionell,exact,1.0,True,Emsland,52.48027,7.305249999999999,konventionell,1877.0,1,none,,,,,,none,,,,,,none,,,,,none,,,,,17,2013-2020; 2021-2026
EMSLAND_DTC0,1.0,opsd_exact,52.481878,7.306658,Konventionell,emsland,emsland,single,exact,1.0,True,Emsland,52.481878,7.306658,konventionell,exact,1.0,True,Emsland,52.48027,7.305249999999999,konventionell,1877.0,1,none,,,,,,none,,,,,,none,,,,,none,,,,,40,2013-2020; 2021-2026
EMSLAND_DTD0,1.0,opsd_exact,52.481878,7.306658,Konventionell,emsland,emsland,single,exact,1.0,True,Emsland,52.481878,7.306658,konventionell,exact,1.0,True,Emsland,52.48027,7.305249999999999,konventionell,1877.0,1,none,,,,,,none,,,,,,none,,,,,none,,,,,21,2021-2026
EMSLAND_GTB1,1.0,opsd_exact,52.481878,7.306658,Konventionell,emsland,emsland,single,exact,1.0,True,Emsland,52.481878,7.306658,konventionell,exact,1.0,True,Emsland,52.48027,7.305249999999999,konventionell,1877.0,1,none,,,,,,none,,,,,,none,,,,,none,,,,,3,2013-2020; 2021-2026
EMSLAND_GTB2,1.0,opsd_exact,52.481878,7.306658,Konventionell,emsland,emsland,single,exact,1.0,True,Emsland,52.481878,7.306658,konventionell,exact,1.0,True,Emsland,52.48027,7.305249999999999,konventionell,1877.0,1,none,,,,,,none,,,,,,none,,,,,none,,,,,1,2013-2020
EMSLAND_GTC1,1.0,opsd_exact,52.481878,7.306658,Konventionell,emsland,emsland,single,exact,1.0,True,Emsland,52.481878,7.306658,konventionell,exact,1.0,True,Emsland,52.48027,7.305249999999999,konventionell,1877.0,1,none,,,,,,none,,,,,,none,,,,,none,,,,,3,2021-2026
EMSLAND_GTC2,1.0,opsd_exact,52.481878,7.306658,Konventionell,emsland,emsland,single,exact,1.0,True,Emsland,52.481878,7.306658,konventionell,exact,1.0,True,Emsland,52.48027,7.305249999999999,konventionell,1877.0,1,none,,,,,,none,,,,,,none,,,,,none,,,,,1,2013-2020
EMSLAND_GTD1,1.0,opsd_exact,52.481878,7.306658,Konventionell,emsland,emsland,single,exact,1.0,True,Emsland,52.481878,7.306658,konventionell,exact,1.0,True,Emsland,52.48027,7.305249999999999,konventionell,1877.0,1,none,,,,,,none,,,,,,none,,,,,none,,,,,4,2021-2026
EMSLAND_GTD2,1.0,opsd_exact,52.481878,7.306658,Konventionell,emsland,emsland,single,exact,1.0,True,Emsland,52.481878,7.306658,konventionell,exact,1.0,True,Emsland,52.48027,7.305249999999999,konventionell,1877.0,1,none,,,,,,none,,,,,,none,,,,,none,,,,,5,2021-2026
Eltmann,1.0,opsd_exact,49.984,10.65137,Konventionell,eltmann,eltmann,single,exact,1.0,True,HKW Eltmann,49.984,10.65137,konventionell,exact,1.0,True,Eltmann,49.984,10.654,konventionell,75.185,1,none,,,,,,none,,,,,,none,,,,,none,,,,,89,2021-2026
Emden 4 GT,0.95,psa_exact,53.340748,7.210616,Konventionell,emden,emden,single,none,,,,,,,exact,1.0,True,Biomassekraftwerk Emden,53.340748,7.210616,konventionell,20.0,1,none,,,,,,none,,,,,,none,,,,,none,,,,,3,2013-2020
Emden 4 GT (KapRes),0.95,psa_exact,53.340748,7.210616,Konventionell,emden,emden,single,none,,,,,,,exact,1.0,True,Biomassekraftwerk Emden,53.340748,7.210616,konventionell,20.0,1,none,,,,,,none,,,,,,none,,,,,none,,,,,37,2021-2026
Ems D,0.0,unresolved,,,Konventionell,ems,ems,single,none,,,,,,,none,,,,,,,,0,none,,,,,Kraftwerk:no_titles,none,,,,,,none,,,,,none,,,,,2,2013-2020
Emsland,1.0,opsd_exact,52.481878,7.306658,Konventionell,emsland,emsland,single,exact,1.0,True,Emsland,52.481878,7.306658,konventionell,exact,1.0,True,Emsland,52.48027,7.305249999999999,konventionell,1877.0,1,none,,,,,,none,,,,,,none,,,,,none,,,,,344,2013-2020
Emsland (EON),1.0,opsd_exact,52.481878,7.306658,Konventionell,emsland,emsland,single,exact,1.0,True,Emsland,52.481878,7.306658,konventionell,exact,1.0,True,Emsland,52.48027,7.305249999999999,konventionell,1877.0,1,none,,,,,,none,,,,,,none,,,,,none,,,,,1,2013-2020
Emsland B,1.0,opsd_exact,52.481878,7.306658,Konventionell,emsland,emsland,single,exact,1.0,True,Emsland,52.481878,7.306658,konventionell,exact,1.0,True,Emsland,52.48027,7.305249999999999,konventionell,1877.0,1,none,,,,,,none,,,,,,none,,,,,none,,,,,2,2013-2020
Emsland Block B,1.0,opsd_exact,52.481878,7.306658,Konventionell,emsland,emsland,single,exact,1.0,True,Emsland,52.481878,7.306658,konventionell,exact,1.0,True,Emsland,52.48027,7.305249999999999,konventionell,1877.0,1,none,,,,,,none,,,,,,none,,,,,none,,,,,539,2013-2020; 2021-2026
Emsland Block C,1.0,opsd_exact,52.481878,7.306658,Konventionell,emsland,emsland,single,exact,1.0,True,Emsland,52.481878,7.306658,konventionell,exact,1.0,True,Emsland,52.48027,7.305249999999999,konventionell,1877.0,1,none,,,,,,none,,,,,,none,,,,,none,,,,,546,2013-2020; 2021-2026
Emsland Block C pool,1.0,opsd_exact,52.481878,7.306658,Konventionell,emsland,emsland,site_pool,exact,1.0,True,Emsland,52.481878,7.306658,konventionell,exact,1.0,True,Emsland,52.48027,7.305249999999999,konventionell,1877.0,1,none,,,,,,none,,,,,,none,,,,,none,,,,,5,2021-2026
Emsland Block D,1.0,opsd_exact,52.481878,7.306658,Konventionell,emsland,emsland,single,exact,1.0,True,Emsland,52.481878,7.306658,konventionell,exact,1.0,True,Emsland,52.48027,7.305249999999999,konventionell,1877.0,1,none,,,,,,none,,,,,,none,,,,,none,,,,,1042,2013-2020; 2021-2026
Emsland Block D pool,1.0,opsd_exact,52.481878,7.306658,Konventionell,emsland,emsland,site_pool,exact,1.0,True,Emsland,52.481878,7.306658,konventionell,exact,1.0,True,Emsland,52.48027,7.305249999999999,konventionell,1877.0,1,none,,,,,,none,,,,,,none,,,,,none,,,,,51,2021-2026
Emsland C,1.0,opsd_exact,52.481878,7.306658,Konventionell,emsland,emsland,single,exact,1.0,True,Emsland,52.481878,7.306658,konventionell,exact,1.0,True,Emsland,52.48027,7.305249999999999,konventionell,1877.0,1,none,,,,,,none,,,,,,none,,,,,none,,,,,6,2013-2020
Emsland D,1.0,opsd_exact,52.481878,7.306658,Konventionell,emsland,emsland,single,exact,1.0,True,Emsland,52.481878,7.306658,konventionell,exact,1.0,True,Emsland,52.48027,7.305249999999999,konventionell,1877.0,1,none,,,,,,none,,,,,,none,,,,,none,,,,,1,2013-2020
Emsland KKE,0.95,psa_exact,52.472897,7.32414,Konventionell,emsland kke,emsland kke,single,none,,,,,,,exact,1.0,True,Emsland Kke,52.472897,7.32414,konventionell,1336.0,1,none,,,,,,none,,,,,,none,,,,,none,,,,,22,2013-2020
EnBW KW-Pool,0.2,grid_area_dso,48.66,9.004999999999999,Sonstiges,pool,pool,grid_area,none,,,,,,,none,,,,,,,,0,none,,,,,,none,,,,,,none,,,,,grid_area,enbw->baden-wuerttemberg,,48.66,9.004999999999999,265,2013-2020
EnBW Pumpverbot,0.0,unresolved,,,nan,pumpverbot,pumpverbot,single,none,,,,,,,none,,,,,,,,0,none,,,,,,none,,,,,,none,,,,,none,,,,,1,2021-2026
EnBW Trading GmbH,0.0,unresolved,,,Sonstiges,trading gmbh,trading gmbh,single,none,,,,,,,none,,,,,,,,0,none,,,,,Kraftwerk:no_titles,none,,,,,,none,,,,,none,,,,,2,2013-2020
EnDK KW-Pool,0.0,skipped_grid_area_unresolvable,,,Sonstiges,endk pool,endk pool,grid_area,none,,,,,,,none,,,,,,,,0,none,,,,,,none,,,,,,none,,,,,none,,,,,1,2013-2020
Ensdorf,1.0,opsd_exact,49.293248,6.770936999999999,Konventionell,ensdorf,ensdorf,single,exact,1.0,True,Kraftwerk Ensdorf,49.293248,6.770936999999999,konventionell,exact,1.0,True,Ensdorf,49.292222,6.770833,konventionell,430.0,1,none,,,,,,none,,,,,,none,,,,,none,,,,,48,2013-2020
Erzhausen 1,1.0,opsd_exact,51.89912,9.92452,Sonstiges,erzhausen,erzhausen,single,exact,1.0,True,Erzhausen,51.89912,9.92452,sonstiges,exact,1.0,True,Pumpspeicherkraftwerk Erzhausen,51.898566,9.924887,sonstiges,200.0,1,none,,,,,,none,,,,,,none,,,,,none,,,,,324,2013-2020; 2021-2026
Erzhausen 2,1.0,opsd_exact,51.89912,9.92452,Sonstiges,erzhausen,erzhausen,single,exact,1.0,True,Erzhausen,51.89912,9.92452,sonstiges,exact,1.0,True,Pumpspeicherkraftwerk Erzhausen,51.898566,9.924887,sonstiges,200.0,1,none,,,,,,none,,,,,,none,,,,,none,,,,,291,2013-2020; 2021-2026
Erzhausen 3,1.0,opsd_exact,51.89912,9.92452,Sonstiges,erzhausen,erzhausen,single,exact,1.0,True,Erzhausen,51.89912,9.92452,sonstiges,exact,1.0,True,Pumpspeicherkraftwerk Erzhausen,51.898566,9.924887,sonstiges,200.0,1,none,,,,,,none,,,,,,none,,,,,none,,,,,292,2013-2020; 2021-2026
Erzhausen 4,1.0,opsd_exact,51.89912,9.92452,Sonstiges,erzhausen,erzhausen,single,exact,1.0,True,Erzhausen,51.89912,9.92452,sonstiges,exact,1.0,True,Pumpspeicherkraftwerk Erzhausen,51.898566,9.924887,sonstiges,200.0,1,none,,,,,,none,,,,,,none,,,,,none,,,,,339,2013-2020; 2021-2026
Farge,1.0,opsd_exact,53.20206653,8.516153926,Konventionell,farge,farge,single,exact,1.0,True,Farge,53.20206653,8.516153926,konventionell,exact,1.0,True,Farge,53.198738,8.519465,konventionell,350.0,1,none,,,,,,none,,,,,,none,,,,,none,,,,,849,2013-2020; 2021-2026
Frankfurt West 2,0.4,nominatim,50.1106444,8.6820917,Konventionell,frankfurt west,frankfurt west,single,none,,,,,,,none,,,,,,,,0,none,,,,,Kraftwerk:no_titles,none,,,,,,nominatim,Frankfurt West,Hessen,50.1106444,8.6820917,none,,,,,45,2013-2020; 2021-2026
Frankfurt West 3,0.4,nominatim,50.1106444,8.6820917,Konventionell,frankfurt west,frankfurt west,single,none,,,,,,,none,,,,,,,,0,none,,,,,Kraftwerk:no_titles,none,,,,,,nominatim,Frankfurt West,Hessen,50.1106444,8.6820917,none,,,,,89,2013-2020; 2021-2026
Frankfurt West 4,0.4,nominatim,50.1106444,8.6820917,Konventionell,frankfurt west,frankfurt west,single,none,,,,,,,none,,,,,,,,0,none,,,,,Kraftwerk:no_titles,none,,,,,,nominatim,Frankfurt West,Hessen,50.1106444,8.6820917,none,,,,,273,2013-2020; 2021-2026
Freimann GT 1,1.0,opsd_exact,48.188278,11.594954,Konventionell,freimann,freimann,single,exact,1.0,True,Freimann GT 1,48.188278,11.594954,konventionell,exact,1.0,True,Swm Freimann,48.189,11.596,konventionell,105.219,1,none,,,,,,none,,,,,,none,,,,,none,,,,,1,2013-2020
Freimann GT11,1.0,opsd_exact,48.188278,11.594954,Konventionell,freimann,freimann,single,exact,1.0,True,Freimann GT 1,48.188278,11.594954,konventionell,exact,1.0,True,Swm Freimann,48.189,11.596,konventionell,105.219,1,none,,,,,,none,,,,,,none,,,,,none,,,,,2,2021-2026
Freimann GT12,1.0,opsd_exact,48.188278,11.594954,Konventionell,freimann,freimann,single,exact,1.0,True,Freimann GT 1,48.188278,11.594954,konventionell,exact,1.0,True,Swm Freimann,48.189,11.596,konventionell,105.219,1,none,,,,,,none,,,,,,none,,,,,none,,,,,5,2021-2026
Frimmersdorf,1.0,opsd_exact,51.05744518,6.577080395,Konventionell,frimmersdorf,frimmersdorf,single,exact,1.0,True,Frimmersdorf,51.05744518,6.577080395,konventionell,exact,1.0,True,Frimmersdorf,51.052199,6.578014,konventionell,562.0,1,none,,,,,,none,,,,,,none,,,,,none,,,,,3,2013-2020
GAMOR_ROEMER,0.0,unresolved,,,Konventionell,gamor roemer,gamor roemer,single,none,,,,,,,none,,,,,,,,0,none,,,,,Kraftwerk:no_titles,none,,,,,,none,,,,,none,,,,,3,2021-2026
GDF Suez KW-Pool,0.0,skipped_grid_area_unresolvable,,,Konventionell,gdf suez pool,gdf suez pool,grid_area,none,,,,,,,none,,,,,,,,0,none,,,,,,none,,,,,,none,,,,,none,,,,,12,2013-2020
GERSTEINW_DTF2,0.0,unresolved,,,Konventionell,gersteinw,gersteinw,single,none,,,,,,,none,,,,,,,,0,none,,,,,Kraftwerk:no_titles,none,,,,,,none,,,,,none,,,,,23,2013-2020; 2021-2026
GERSTEINW_DTF2 (KapRes),0.0,unresolved,,,Konventionell,gersteinw,gersteinw,single,none,,,,,,,none,,,,,,,,0,none,,,,,Kraftwerk:no_titles,none,,,,,,none,,,,,none,,,,,26,2021-2026
GERSTEINW_DTG2,0.0,unresolved,,,Konventionell,gersteinw,gersteinw,single,none,,,,,,,none,,,,,,,,0,none,,,,,Kraftwerk:no_titles,none,,,,,,none,,,,,none,,,,,22,2013-2020; 2021-2026
GERSTEINW_DTG2 (KapRes),0.0,unresolved,,,Konventionell,gersteinw,gersteinw,single,none,,,,,,,none,,,,,,,,0,none,,,,,Kraftwerk:no_titles,none,,,,,,none,,,,,none,,,,,24,2021-2026
GERSTEINW_F (KapRes),0.0,unresolved,,,Konventionell,gersteinw,gersteinw,single,none,,,,,,,none,,,,,,,,0,none,,,,,Kraftwerk:no_titles,none,,,,,,none,,,,,none,,,,,55,2021-2026
GERSTEINW_G (KapRes),0.0,unresolved,,,Konventionell,gersteinw,gersteinw,single,none,,,,,,,none,,,,,,,,0,none,,,,,Kraftwerk:no_titles,none,,,,,,none,,,,,none,,,,,59,2021-2026
GERSTEINW_GTF1,0.0,unresolved,,,Konventionell,gersteinw,gersteinw,single,none,,,,,,,none,,,,,,,,0,none,,,,,Kraftwerk:no_titles,none,,,,,,none,,,,,none,,,,,23,2013-2020; 2021-2026
GERSTEINW_GTF1 (KapRes),0.0,unresolved,,,Konventionell,gersteinw,gersteinw,single,none,,,,,,,none,,,,,,,,0,none,,,,,Kraftwerk:no_titles,none,,,,,,none,,,,,none,,,,,28,2021-2026
GERSTEINW_GTG1,0.0,unresolved,,,Konventionell,gersteinw,gersteinw,single,none,,,,,,,none,,,,,,,,0,none,,,,,Kraftwerk:no_titles,none,,,,,,none,,,,,none,,,,,26,2013-2020; 2021-2026
GERSTEINW_GTG1 (KapRes),0.0,unresolved,,,Konventionell,gersteinw,gersteinw,single,none,,,,,,,none,,,,,,,,0,none,,,,,Kraftwerk:no_titles,none,,,,,,none,,,,,none,,,,,25,2021-2026
GERSTEINW_GTI1,0.0,unresolved,,,Konventionell,gersteinw,gersteinw,single,none,,,,,,,none,,,,,,,,0,none,,,,,Kraftwerk:no_titles,none,,,,,,none,,,,,none,,,,,1,2021-2026
GERSTEINW_K1,0.0,unresolved,,,Konventionell,gersteinw k1,gersteinw k1,single,none,,,,,,,none,,,,,,,,0,rejected,Gersteinwerk,,,,Kraftwerk:no_token_overlap,rejected,Gersteinwerk,,,,Kraftwerk:no_token_overlap,none,,,,,none,,,,,4,2021-2026
GERSTEINW_K1 (KapRes),0.0,unresolved,,,Konventionell,gersteinw k1,gersteinw k1,single,none,,,,,,,none,,,,,,,,0,rejected,Gersteinwerk,,,,Kraftwerk:no_token_overlap,rejected,Gersteinwerk,,,,Kraftwerk:no_token_overlap,none,,,,,none,,,,,16,2021-2026
GK-West,0.0,unresolved,,,Konventionell,gk west,gk west,single,none,,,,,,,none,,,,,,,,0,rejected,GK Rostow am Don,,,,Kraftwerk:no_token_overlap,rejected,Heizkraftwerk West (Karlsruhe),,,,Kraftwerk:page_missing,none,,,,,none,,,,,107,2013-2020
GKW 1,0.0,unresolved,,,Konventionell,,,single,none,,,,,,,none,,,,,,,,0,none,,,,,Kraftwerk:empty_tokens,none,,,,,,none,,,,,none,,,,,1,2013-2020
GKW 2,0.0,unresolved,,,Konventionell,,,single,none,,,,,,,none,,,,,,,,0,none,,,,,Kraftwerk:empty_tokens,none,,,,,,none,,,,,none,,,,,1,2013-2020
GT12,0.0,unresolved,,,Konventionell,,,single,none,,,,,,,none,,,,,,,,0,none,,,,,Kraftwerk:empty_tokens,none,,,,,,none,,,,,none,,,,,1,2013-2020
GTKW Darmstadt,1.0,opsd_exact,49.884879,8.650067,Konventionell,gtkw darmstadt,gtkw darmstadt,single,exact,1.0,True,GTKW Darmstadt,49.884879,8.650067,konventionell,exact,1.0,True,Gtkw Darmstadt,49.8856345,8.649099,konventionell,93.0,1,none,,,,,,none,,,,,,none,,,,,none,,,,,1,2013-2020
GTKW Thyrow,0.5,gazetteer,52.2526,13.2396,Konventionell,gtkw thyrow,gtkw thyrow,single,none,,,,,,,none,,,,,,,,0,none,,,,,Kraftwerk:no_titles,none,,,,,,match,Thyrow,Brandenburg,52.2526,13.2396,none,,,,,1,2013-2020
GTKW-DA-GT11,0.0,unresolved,,,Konventionell,gtkw da,gtkw da,single,none,,,,,,,none,,,,,,,,0,none,,,,,Kraftwerk:no_titles,none,,,,,,none,,,,,none,,,,,23,2013-2020; 2021-2026
GTKW-DA-GT12,0.0,unresolved,,,Konventionell,gtkw da,gtkw da,single,none,,,,,,,none,,,,,,,,0,none,,,,,Kraftwerk:no_titles,none,,,,,,none,,,,,none,,,,,5,2013-2020; 2021-2026
GUD_HERNE_6,1.0,opsd_exact,51.550753,7.187481,Konventionell,herne,herne,single,exact,1.0,True,KW Herne,51.550753,7.187481,konventionell,exact,1.0,True,Herne,51.549201,7.18396,konventionell,435.0,1,none,,,,,,none,,,,,,none,,,,,none,,,,,397,2021-2026
Gebersdorf 1,0.4,nominatim,49.0753118,11.2302124,Konventionell,gebersdorf,gebersdorf,single,none,,,,,,,none,,,,,,,,0,none,,,,,Kraftwerk:no_titles,none,,,,,,nominatim,Gebersdorf,Bayern,49.0753118,11.2302124,none,,,,,537,2013-2020; 2021-2026
Gebersdorf 2,0.4,nominatim,49.0753118,11.2302124,Konventionell,gebersdorf,gebersdorf,single,none,,,,,,,none,,,,,,,,0,none,,,,,Kraftwerk:no_titles,none,,,,,,nominatim,Gebersdorf,Bayern,49.0753118,11.2302124,none,,,,,805,2013-2020; 2021-2026
Gebersdorf GT,0.4,nominatim,49.0753118,11.2302124,Konventionell,gebersdorf,gebersdorf,single,none,,,,,,,none,,,,,,,,0,none,,,,,Kraftwerk:no_titles,none,,,,,,nominatim,Gebersdorf,Bayern,49.0753118,11.2302124,none,,,,,28,2013-2020; 2021-2026
Gersteinwerk,1.0,opsd_exact,51.672453,7.709947,Konventionell,gersteinwerk,gersteinwerk,single,exact,1.0,True,Gersteinwerk,51.672453,7.709947,konventionell,exact,1.0,True,Gersteinwerk,51.673532,7.720513,konventionell,665.5,1,none,,,,,,none,,,,,,none,,,,,none,,,,,46,2013-2020
Goldisthal,0.5,gazetteer,50.5167,11.0,Konventionell,goldisthal,goldisthal,single,exact,1.0,False,Goldisthal,50.50975864,11.02087498,sonstiges,none,,,,,,,,0,none,,,,,Kraftwerk:no_titles,none,,,,,,match,Goldisthal,Thüringen,50.5167,11.0,none,,,,,211,2013-2020
Goldisthal (Standort),1.0,opsd_exact,50.50975864,11.02087498,Sonstiges,goldisthal,goldisthal,single,exact,1.0,True,Goldisthal,50.50975864,11.02087498,sonstiges,exact,1.0,True,Psw Goldisthal Pss,50.51,11.01,sonstiges,1052.0,1,none,,,,,,none,,,,,,none,,,,,none,,,,,67,2013-2020; 2021-2026
Grafenrheinfeld,1.0,opsd_exact,49.984424,10.181753,Konventionell,grafenrheinfeld,grafenrheinfeld,single,exact,1.0,True,Grafenrheinfeld,49.984424,10.181753,konventionell,exact,1.0,True,Grafenrheinfeld,49.9839,10.1848,konventionell,1345.0,1,none,,,,,,none,,,,,,none,,,,,none,,,,,19,2013-2020
Grohnde,1.0,opsd_exact,52.035641,9.413497,Konventionell,grohnde,grohnde,single,exact,1.0,True,Grohnde,52.035641,9.413497,konventionell,none,,,,,,,,0,none,,,,,,none,,,,,,none,,,,,none,,,,,801,2013-2020; 2021-2026
Grosskraftwerk Mannheim,1.0,opsd_exact,49.51644467,8.460246482,Konventionell,mannheim,mannheim,single,exact,1.0,,BMKW Mannheim,49.51644467,8.460246482,,exact,1.0,True,Mannheim,49.447,8.4925,konventionell,2586.0,1,none,,,,,,none,,,,,,none,,,,,none,,,,,68,2013-2020; 2021-2026
Grosskraftwerk Mannheim AG,0.5,gazetteer,49.49626428571429,8.48125,Konventionell,mannheim ag,mannheim ag,single,none,,,,,,,none,,,,,,,,0,none,,,,,Kraftwerk:no_titles,none,,,,,,match,Mannheim,Baden-Württemberg,49.49626428571429,8.48125,none,,,,,837,2013-2020
Grosskraftwerk Mannheim Block 6,1.0,opsd_exact,49.51644467,8.460246482,Konventionell,mannheim,mannheim,single,exact,1.0,,BMKW Mannheim,49.51644467,8.460246482,,exact,1.0,True,Mannheim,49.447,8.4925,konventionell,2586.0,1,none,,,,,,none,,,,,,none,,,,,none,,,,,73,2021-2026
Grosskraftwerk Mannheim Block 6 7 und 8,1.0,opsd_exact,49.51644467,8.460246482,Konventionell,mannheim,mannheim,single,exact,1.0,,BMKW Mannheim,49.51644467,8.460246482,,exact,1.0,True,Mannheim,49.447,8.4925,konventionell,2586.0,1,none,,,,,,none,,,,,,none,,,,,none,,,,,115,2021-2026
Grosskraftwerk Mannheim Block 6 und 8,1.0,opsd_exact,49.51644467,8.460246482,Konventionell,mannheim,mannheim,single,exact,1.0,,BMKW Mannheim,49.51644467,8.460246482,,exact,1.0,True,Mannheim,49.447,8.4925,konventionell,2586.0,1,none,,,,,,none,,,,,,none,,,,,none,,,,,319,2021-2026
Grosskraftwerk Mannheim Block 7,1.0,opsd_exact,49.51644467,8.460246482,Konventionell,mannheim,mannheim,single,exact,1.0,,BMKW Mannheim,49.51644467,8.460246482,,exact,1.0,True,Mannheim,49.447,8.4925,konventionell,2586.0,1,none,,,,,,none,,,,,,none,,,,,none,,,,,286,2013-2020; 2021-2026
Grosskraftwerk Mannheim Block 8,1.0,opsd_exact,49.51644467,8.460246482,Konventionell,mannheim,mannheim,single,exact,1.0,,BMKW Mannheim,49.51644467,8.460246482,,exact,1.0,True,Mannheim,49.447,8.4925,konventionell,2586.0,1,none,,,,,,none,,,,,,none,,,,,none,,,,,146,2021-2026
Grosskraftwerk Mannheim Block 9,1.0,opsd_exact,49.51644467,8.460246482,Konventionell,mannheim,mannheim,single,exact,1.0,,BMKW Mannheim,49.51644467,8.460246482,,exact,1.0,True,Mannheim,49.447,8.4925,konventionell,2586.0,1,none,,,,,,none,,,,,,none,,,,,none,,,,,756,2021-2026
GuDAnlageM120,0.0,unresolved,,,Konventionell,gudanlagem120,gudanlagem120,single,none,,,,,,,none,,,,,,,,0,none,,,,,Kraftwerk:no_titles,none,,,,,,none,,,,,none,,,,,1,2021-2026
Gundremmingen,0.95,psa_exact,48.515,10.4016,Konventionell,gundremmingen,gundremmingen,single,none,,,,,,,exact,1.0,True,Gundremmingen A,48.515,10.4016,konventionell,250.0,1,none,,,,,,none,,,,,,none,,,,,none,,,,,94,2013-2020
Gundremmingen B (EON),0.95,psa_exact,48.515,10.4016,Konventionell,gundremmingen,gundremmingen,single,none,,,,,,,exact,1.0,True,Gundremmingen A,48.515,10.4016,konventionell,250.0,1,none,,,,,,none,,,,,,none,,,,,none,,,,,7,2013-2020
HAMMUENTROP_10,0.55,opsd_city,51.680278,7.969722,Konventionell,hammuentrop,hammuentrop,single,city,1.0,True,Westfalen,51.680278,7.969722,konventionell,none,,,,,,,,0,none,,,,,Kraftwerk:no_titles,none,,,,,,none,,,,,none,,,,,449,2013-2020; 2021-2026
HAMMUENTROP_20,0.55,opsd_city,51.680278,7.969722,Konventionell,hammuentrop,hammuentrop,single,city,1.0,True,Westfalen,51.680278,7.969722,konventionell,none,,,,,,,,0,none,,,,,Kraftwerk:no_titles,none,,,,,,none,,,,,none,,,,,632,2013-2020; 2021-2026
HAP Boxberg (Standort),1.0,opsd_exact,51.41626317,14.56194878,Konventionell,boxberg,boxberg,single,exact,1.0,True,Boxberg,51.41626317,14.56194878,konventionell,exact,1.0,True,Boxberg,51.41333425,14.563203,konventionell,2470.0,1,none,,,,,,none,,,,,,none,,,,,none,,,,,2,2021-2026
HAP Jänschwalde (Standort),1.0,opsd_exact,51.83444099,14.45903778,Konventionell,jaenschwalde,jaenschwalde,single,exact,1.0,True,KW Jänschwalde,51.83444099,14.45903778,konventionell,fuzzy,0.957,True,Janschwalde,51.835981,14.453465,konventionell,3000.0,1,none,,,,,,none,,,,,,none,,,,,none,,,,,4,2021-2026
HAP Lippendorf VE,0.773,opsd_fuzzy,51.182122,12.373287,Konventionell,lippendorf ve,lippendorf ve,single,fuzzy,0.909,True,Lippendorf,51.182122,12.373287,konventionell,fuzzy,0.909,True,Lippendorf,51.1769265,12.376704,konventionell,1782.0,1,none,,,,,Kraftwerk:no_titles,none,,,,,,none,,,,,none,,,,,4,2021-2026
HAP Schkopau,1.0,opsd_exact,51.39845463,11.9504201,Konventionell,schkopau,schkopau,single,exact,1.0,True,Schkopau,51.39845463,11.9504201,konventionell,exact,1.0,True,Schkopau,51.401111,11.950833,konventionell,900.0,1,none,,,,,,none,,,,,,none,,,,,none,,,,,2,2021-2026
HAP Schwarze Pumpe (Standort),1.0,opsd_exact,51.53482028,14.35312271,Konventionell,schwarze pumpe,schwarze pumpe,single,exact,1.0,True,Schwarze Pumpe,51.53482028,14.35312271,konventionell,exact,1.0,True,Schwarze Pumpe,51.531359,14.348723,konventionell,1510.0,1,none,,,,,,none,,,,,,none,,,,,none,,,,,5,2021-2026
HATTINGEN_AIRPRODUCTS(KapRes),0.5,gazetteer,51.39846666666667,7.1704333333333325,nan,hattingen airproducts,hattingen airproducts,single,none,,,,,,,none,,,,,,,,0,none,,,,,,none,,,,,,match,Hattingen,Nordrhein-Westfalen,51.39846666666667,7.1704333333333325,none,,,,,3,2021-2026
HEIZKRAFTWERK_SAARBRÜCKEN,0.55,opsd_city,49.223899,7.014899000000001,Konventionell,saarbruecken,saarbruecken,single,city,1.0,True,HKW Römerbrücke,49.223899,7.014899000000001,konventionell,none,,,,,,,,0,none,,,,,Kraftwerk:no_titles,none,,,,,,match,Saarbruecken,Saarland,49.235412499999995,6.99320625,none,,,,,1,2021-2026
HERDECKE_H6,0.5,gazetteer,51.4,7.4358,Konventionell,herdecke h6,herdecke h6,single,none,,,,,,,none,,,,,,,,0,none,,,,,Kraftwerk:no_titles,none,,,,,,match,Herdecke,Nordrhein-Westfalen,51.4,7.4358,none,,,,,329,2021-2026
HERNE_4,1.0,opsd_exact,51.550753,7.187481,Konventionell,herne,herne,single,exact,1.0,True,KW Herne,51.550753,7.187481,konventionell,exact,1.0,True,Herne,51.549201,7.18396,konventionell,435.0,1,none,,,,,,none,,,,,,none,,,,,none,,,,,138,2013-2020; 2021-2026
HKV,0.0,unresolved,,,Konventionell,hkv,hkv,single,none,,,,,,,none,,,,,,,,0,none,,,,,Kraftwerk:no_titles,none,,,,,,none,,,,,none,,,,,1,2013-2020
HKW Aalen,0.95,psa_exact,48.823728,10.116537,Konventionell,aalen,aalen,single,none,,,,,,,exact,1.0,True,Aalen,48.823728,10.116537,konventionell,93.302,1,none,,,,,,none,,,,,,none,,,,,none,,,,,4,2021-2026
HKW BARMEN 1,1.0,opsd_exact,51.268889,7.200278,Konventionell,barmen,barmen,single,exact,1.0,True,HKW Barmen,51.268889,7.200278,konventionell,exact,1.0,True,Barmen,51.269,7.2,konventionell,84.4,1,none,,,,,,none,,,,,,none,,,,,none,,,,,51,2021-2026
HKW-OF-EVO,0.0,unresolved,,,Konventionell,of evo,of evo,single,none,,,,,,,none,,,,,,,,0,none,,,,,Kraftwerk:no_titles,none,,,,,,none,,,,,none,,,,,14,2021-2026
HKW_BA_B1_DT_23,0.0,unresolved,,,Konventionell,ba b1,ba b1,single,none,,,,,,,none,,,,,,,,0,none,,,,,Kraftwerk:no_titles,none,,,,,,none,,,,,none,,,,,5,2021-2026
HKW_BA_B1_GT_11,0.0,unresolved,,,Konventionell,ba b1,ba b1,single,none,,,,,,,none,,,,,,,,0,none,,,,,Kraftwerk:no_titles,none,,,,,,none,,,,,none,,,,,4,2021-2026
HKW_ROEMER_KW,0.0,unresolved,,,Konventionell,roemer,roemer,single,none,,,,,,,none,,,,,,,,0,none,,,,,Kraftwerk:no_titles,none,,,,,,none,,,,,none,,,,,23,2021-2026
HKW_ROEMER_LM600,0.0,unresolved,,,Konventionell,roemer lm600,roemer lm600,single,none,,,,,,,none,,,,,,,,0,none,,,,,Kraftwerk:no_titles,none,,,,,,none,,,,,none,,,,,1,2021-2026
HUCKINGEN_A,1.0,opsd_exact,51.36787,6.7167,Konventionell,huckingen,huckingen,single,exact,1.0,True,Huckingen,51.36787,6.7167,konventionell,exact,1.0,True,Huckingen,51.371067,6.719111,konventionell,606.0,1,none,,,,,,none,,,,,,none,,,,,none,,,,,18,2021-2026
HUCKINGEN_B,1.0,opsd_exact,51.36787,6.7167,Konventionell,huckingen,huckingen,single,exact,1.0,True,Huckingen,51.36787,6.7167,konventionell,exact,1.0,True,Huckingen,51.371067,6.719111,konventionell,606.0,1,none,,,,,,none,,,,,,none,,,,,none,,,,,5,2021-2026
Hamm Uentrop,0.55,opsd_city,51.680278,7.969722,Konventionell,hamm uentrop,hamm uentrop,single,city,1.0,True,Westfalen,51.680278,7.969722,konventionell,none,,,,,,,,0,none,,,,,Kraftwerk:no_titles,none,,,,,,match,Hamm,Nordrhein-Westfalen,51.6833,7.8,none,,,,,316,2013-2020
Hannover (GKH) 1,0.85,wikipedia,52.37444444,9.73861111,Konventionell,hannover,hannover,single,none,,,,,,,none,,,,,,,,0,match,Hannover,52.37444444,9.73861111,https://de.wikipedia.org/wiki/Hannover,Kraftwerk:accepted,none,,,,,,none,,,,,none,,,,,105,2013-2020; 2021-2026
Hannover (GKH) 2,0.85,wikipedia,52.37444444,9.73861111,Konventionell,hannover,hannover,single,none,,,,,,,none,,,,,,,,0,match,Hannover,52.37444444,9.73861111,https://de.wikipedia.org/wiki/Hannover,Kraftwerk:accepted,none,,,,,,none,,,,,none,,,,,160,2013-2020; 2021-2026
Hannover-Linden GuD,0.5,gazetteer,52.37646896551723,9.746341379310344,Konventionell,hannover linden,hannover linden,single,none,,,,,,,none,,,,,,,,0,rejected,"Hannover, Landesbibliothek, Ms. XIII 748",,,,Kraftwerk:page_missing,rejected,Heizkraftwerk Linden,,,,Kraftwerk:page_missing,match,Hannover,Niedersachsen,52.37646896551723,9.746341379310344,none,,,,,56,2021-2026
Heizkraftwerk Altbach/Deizisau,1.0,opsd_exact,48.717611,9.374917,Konventionell,altbach deizisau,altbach deizisau,single,exact,1.0,True,Heizkraftwerk Altbach/Deizisau,48.717611,9.374917,konventionell,exact,1.0,True,Altbach Deizisau,48.718902,9.3713815,konventionell,756.0,1,none,,,,,,none,,,,,,none,,,,,none,,,,,666,2013-2020
Heizkraftwerk Altbach/Deizisau Block 1,1.0,opsd_exact,48.717611,9.374917,Konventionell,altbach deizisau,altbach deizisau,single,exact,1.0,True,Heizkraftwerk Altbach/Deizisau,48.717611,9.374917,konventionell,exact,1.0,True,Altbach Deizisau,48.718902,9.3713815,konventionell,756.0,1,none,,,,,,none,,,,,,none,,,,,none,,,,,2,2013-2020
Heizkraftwerk Altbach/Deizisau Block 2,1.0,opsd_exact,48.717611,9.374917,Konventionell,altbach deizisau,altbach deizisau,single,exact,1.0,True,Heizkraftwerk Altbach/Deizisau,48.717611,9.374917,konventionell,exact,1.0,True,Altbach Deizisau,48.718902,9.3713815,konventionell,756.0,1,none,,,,,,none,,,,,,none,,,,,none,,,,,1518,2013-2020; 2021-2026
Heizkraftwerk Altbach/Deizisau GT A,1.0,opsd_exact,48.717611,9.374917,Konventionell,altbach deizisau,altbach deizisau,single,exact,1.0,True,Heizkraftwerk Altbach/Deizisau,48.717611,9.374917,konventionell,exact,1.0,True,Altbach Deizisau,48.718902,9.3713815,konventionell,756.0,1,none,,,,,,none,,,,,,none,,,,,none,,,,,87,2013-2020; 2021-2026
Heizkraftwerk Altbach/Deizisau GT B,1.0,opsd_exact,48.717611,9.374917,Konventionell,altbach deizisau,altbach deizisau,single,exact,1.0,True,Heizkraftwerk Altbach/Deizisau,48.717611,9.374917,konventionell,exact,1.0,True,Altbach Deizisau,48.718902,9.3713815,konventionell,756.0,1,none,,,,,,none,,,,,,none,,,,,none,,,,,138,2013-2020; 2021-2026
Heizkraftwerk Altbach/Deizisau GT C,1.0,opsd_exact,48.717611,9.374917,Konventionell,altbach deizisau,altbach deizisau,single,exact,1.0,True,Heizkraftwerk Altbach/Deizisau,48.717611,9.374917,konventionell,exact,1.0,True,Altbach Deizisau,48.718902,9.3713815,konventionell,756.0,1,none,,,,,,none,,,,,,none,,,,,none,,,,,142,2013-2020; 2021-2026
Heizkraftwerk Altbach/Deizisau GT E,1.0,opsd_exact,48.717611,9.374917,Konventionell,altbach deizisau,altbach deizisau,single,exact,1.0,True,Heizkraftwerk Altbach/Deizisau,48.717611,9.374917,konventionell,exact,1.0,True,Altbach Deizisau,48.718902,9.3713815,konventionell,756.0,1,none,,,,,,none,,,,,,none,,,,,none,,,,,167,2013-2020; 2021-2026
Heizkraftwerk Gaisburg Block 3,0.4,nominatim,48.7800613,9.2177448,Konventionell,gaisburg,gaisburg,single,none,,,,,,,none,,,,,,,,0,none,,,,,Kraftwerk:no_titles,none,,,,,,nominatim,Gaisburg,Baden-Württemberg,48.7800613,9.2177448,none,,,,,39,2021-2026
Heizkraftwerk Heilbronn,1.0,opsd_exact,49.177334,9.206318,Konventionell,heilbronn,heilbronn,single,exact,1.0,True,Heizkraftwerk Heilbronn,49.177334,9.206318,konventionell,exact,1.0,True,Heilbronn,49.17505666666667,9.207873333333334,konventionell,1028.0,1,none,,,,,,none,,,,,,none,,,,,none,,,,,490,2013-2020
Heizkraftwerk Heilbronn Block 7,1.0,opsd_exact,49.177334,9.206318,Konventionell,heilbronn,heilbronn,single,exact,1.0,True,Heizkraftwerk Heilbronn,49.177334,9.206318,konventionell,exact,1.0,True,Heilbronn,49.17505666666667,9.207873333333334,konventionell,1028.0,1,none,,,,,,none,,,,,,none,,,,,none,,,,,1284,2013-2020; 2021-2026
Heizkraftwerk Stuttgart-Münster,0.776,psa_fuzzy,48.81365,9.21921,Konventionell,stuttgart muenster,stuttgart muenster,single,none,,,,,,,fuzzy,0.97,True,Stuttgart Munster,48.81365,9.21921,konventionell,112.0,1,none,,,,,Kraftwerk:no_titles,none,,,,,,match,Stuttgart Muenster,Baden-Württemberg,48.8213,9.22,none,,,,,18,2013-2020
Heizkraftwerk Stuttgart-Münster GT,0.776,psa_fuzzy,48.81365,9.21921,Konventionell,stuttgart muenster,stuttgart muenster,single,none,,,,,,,fuzzy,0.97,True,Stuttgart Munster,48.81365,9.21921,konventionell,112.0,1,none,,,,,Kraftwerk:no_titles,none,,,,,,match,Stuttgart Muenster,Baden-Württemberg,48.8213,9.22,none,,,,,34,2013-2020
Heizkraftwerk Stuttgart-Münster GT 16,0.776,psa_fuzzy,48.81365,9.21921,Konventionell,stuttgart muenster,stuttgart muenster,single,none,,,,,,,fuzzy,0.97,True,Stuttgart Munster,48.81365,9.21921,konventionell,112.0,1,none,,,,,Kraftwerk:no_titles,none,,,,,,match,Stuttgart Muenster,Baden-Württemberg,48.8213,9.22,none,,,,,7,2013-2020; 2021-2026
Heizkraftwerk Stuttgart-Münster GT 87,0.776,psa_fuzzy,48.81365,9.21921,Konventionell,stuttgart muenster,stuttgart muenster,single,none,,,,,,,fuzzy,0.97,True,Stuttgart Munster,48.81365,9.21921,konventionell,112.0,1,none,,,,,Kraftwerk:no_titles,none,,,,,,match,Stuttgart Muenster,Baden-Württemberg,48.8213,9.22,none,,,,,28,2021-2026
Heizkraftwerk Stuttgart-Münster GT 88,0.776,psa_fuzzy,48.81365,9.21921,Konventionell,stuttgart muenster,stuttgart muenster,single,none,,,,,,,fuzzy,0.97,True,Stuttgart Munster,48.81365,9.21921,konventionell,112.0,1,none,,,,,Kraftwerk:no_titles,none,,,,,,match,Stuttgart Muenster,Baden-Württemberg,48.8213,9.22,none,,,,,32,2021-2026
Heizkraftwerk_Pforzheim,0.95,psa_exact,48.896998,8.725477,Konventionell,pforzheim,pforzheim,single,none,,,,,,,exact,1.0,True,Pforzheim,48.896998,8.725477,konventionell,26.9,1,none,,,,,,none,,,,,,none,,,,,none,,,,,300,2021-2026
Herne,1.0,opsd_exact,51.550753,7.187481,Konventionell,herne,herne,single,exact,1.0,True,KW Herne,51.550753,7.187481,konventionell,exact,1.0,True,Herne,51.549201,7.18396,konventionell,435.0,1,none,,,,,,none,,,,,,none,,,,,none,,,,,329,2013-2020
Heyden,1.0,opsd_exact,52.38279238,8.996004114,Konventionell,heyden,heyden,single,exact,1.0,True,Heyden,52.38279238,8.996004114,konventionell,exact,1.0,True,Heyden,52.379,8.997,konventionell,875.0,1,none,,,,,,none,,,,,,none,,,,,none,,,,,1261,2013-2020; 2021-2026
Hohenwarte 2,0.5,gazetteer,50.6,11.4833,Konventionell,hohenwarte,hohenwarte,single,exact,1.0,False,Hohenwarte 1,50.61433423,11.49212837,sonstiges,none,,,,,,,,0,none,,,,,Kraftwerk:no_titles,none,,,,,,match,Hohenwarte,Thüringen,50.6,11.4833,none,,,,,14,2013-2020
Hohenwarte 2 (Standort),1.0,opsd_exact,50.61433423,11.49212837,Sonstiges,hohenwarte,hohenwarte,single,exact,1.0,True,Hohenwarte 1,50.61433423,11.49212837,sonstiges,exact,1.0,True,Psw Hohenwarte Pss,50.602,11.474,sonstiges,377.4,1,none,,,,,,none,,,,,,none,,,,,none,,,,,6,2021-2026
Hohewarte II,0.4,nominatim,53.858254,10.7184926,Konventionell,hohewarte ii,hohewarte ii,single,none,,,,,,,none,,,,,,,,0,none,,,,,Kraftwerk:no_titles,none,,,,,,nominatim,Hohewarte Ii,Schleswig-Holstein,53.858254,10.7184926,none,,,,,4,2013-2020
Huntorf,1.0,opsd_exact,53.18969,8.40869,Konventionell,huntorf,huntorf,single,exact,1.0,True,Huntorf,53.18969,8.40869,konventionell,none,,,,,,,,0,none,,,,,,none,,,,,,none,,,,,none,,,,,94,2013-2020; 2021-2026
IBBENBUEREN_B,1.0,opsd_exact,52.28881179,7.747906179,Konventionell,ibbenbueren,ibbenbueren,single,exact,1.0,True,Ibbenbüren,52.28881179,7.747906179,konventionell,fuzzy,0.952,True,Ibbenburen,52.285881,7.750047,konventionell,794.0,1,none,,,,,,none,,,,,,none,,,,,none,,,,,19,2013-2020; 2021-2026
INFRA_HOE_GTX1,0.4,nominatim,52.8398531,9.075962,Konventionell,infra hoe,infra hoe,single,none,,,,,,,none,,,,,,,,0,none,,,,,Kraftwerk:no_titles,none,,,,,,nominatim,Infra Hoe,Niedersachsen,52.8398531,9.075962,none,,,,,38,2021-2026
INFRA_HOE_GTX2,0.4,nominatim,52.8398531,9.075962,Konventionell,infra hoe,infra hoe,single,none,,,,,,,none,,,,,,,,0,none,,,,,Kraftwerk:no_titles,none,,,,,,nominatim,Infra Hoe,Niedersachsen,52.8398531,9.075962,none,,,,,13,2021-2026
INFRA_HOE_GTX3,0.4,nominatim,52.8398531,9.075962,Konventionell,infra hoe,infra hoe,single,none,,,,,,,none,,,,,,,,0,none,,,,,Kraftwerk:no_titles,none,,,,,,nominatim,Infra Hoe,Niedersachsen,52.8398531,9.075962,none,,,,,12,2021-2026
INFRA_HOE_GTX8,0.4,nominatim,52.8398531,9.075962,Konventionell,infra hoe,infra hoe,single,none,,,,,,,none,,,,,,,,0,none,,,,,Kraftwerk:no_titles,none,,,,,,nominatim,Infra Hoe,Niedersachsen,52.8398531,9.075962,none,,,,,2,2021-2026
Ibbenbüren,1.0,opsd_exact,52.28881179,7.747906179,Konventionell,ibbenbueren,ibbenbueren,single,exact,1.0,True,Ibbenbüren,52.28881179,7.747906179,konventionell,fuzzy,0.952,True,Ibbenburen,52.285881,7.750047,konventionell,794.0,1,none,,,,,,none,,,,,,none,,,,,none,,,,,35,2013-2020
Ingolstadt 3,0.95,psa_exact,48.761882,11.50246,Konventionell,ingolstadt,ingolstadt,single,exact,1.0,False,Ingolstadt,48.750317,11.412153,erneuerbar,exact,1.0,True,Ingolstadt,48.761882,11.50246,konventionell,720.0,1,none,,,,,,none,,,,,,none,,,,,none,,,,,152,2013-2020
Ingolstadt 4,0.95,psa_exact,48.761882,11.50246,Konventionell,ingolstadt,ingolstadt,single,exact,1.0,False,Ingolstadt,48.750317,11.412153,erneuerbar,exact,1.0,True,Ingolstadt,48.761882,11.50246,konventionell,720.0,1,none,,,,,,none,,,,,,none,,,,,none,,,,,106,2013-2020
Irsching 3,1.0,opsd_exact,48.76702,11.580033,Konventionell,irsching,irsching,single,exact,1.0,True,Gemeinschaftskraftwerk Irsching ,48.76702,11.580033,konventionell,exact,1.0,True,Irsching,48.767533,11.580019,konventionell,1722.0,1,none,,,,,,none,,,,,,none,,,,,none,,,,,10,2021-2026
Irsching 4,1.0,opsd_exact,48.76702,11.580033,Konventionell,irsching,irsching,single,exact,1.0,True,Gemeinschaftskraftwerk Irsching ,48.76702,11.580033,konventionell,exact,1.0,True,Irsching,48.767533,11.580019,konventionell,1722.0,1,none,,,,,,none,,,,,,none,,,,,none,,,,,810,2013-2020; 2021-2026
Irsching 5,1.0,opsd_exact,48.76702,11.580033,Konventionell,irsching,irsching,single,exact,1.0,True,Gemeinschaftskraftwerk Irsching ,48.76702,11.580033,konventionell,exact,1.0,True,Irsching,48.767533,11.580019,konventionell,1722.0,1,none,,,,,,none,,,,,,none,,,,,none,,,,,1272,2013-2020; 2021-2026
Irsching 6 (bnBm),1.0,opsd_exact,48.76702,11.580033,Konventionell,irsching,irsching,single,exact,1.0,True,Gemeinschaftskraftwerk Irsching ,48.76702,11.580033,konventionell,exact,1.0,True,Irsching,48.767533,11.580019,konventionell,1722.0,1,none,,,,,,none,,,,,,none,,,,,none,,,,,39,2021-2026
Isar 2,1.0,opsd_exact,48.6046,12.29507,Konventionell,isar,isar,single,exact,1.0,True,Isar 2,48.6046,12.29507,konventionell,exact,1.0,True,Isar 1,48.6048,12.2988,konventionell,912.0,1,none,,,,,,none,,,,,,none,,,,,none,,,,,14,2013-2020
Isar 2 (EON),1.0,opsd_exact,48.6046,12.29507,Konventionell,isar,isar,single,exact,1.0,True,Isar 2,48.6046,12.29507,konventionell,exact,1.0,True,Isar 1,48.6048,12.2988,konventionell,912.0,1,none,,,,,,none,,,,,,none,,,,,none,,,,,4,2013-2020
Isar 2 (SWM),1.0,opsd_exact,48.6046,12.29507,Konventionell,isar,isar,single,exact,1.0,True,Isar 2,48.6046,12.29507,konventionell,exact,1.0,True,Isar 1,48.6048,12.2988,konventionell,912.0,1,none,,,,,,none,,,,,,none,,,,,none,,,,,270,2013-2020; 2021-2026
Isar 2 (Uniper),1.0,opsd_exact,48.6046,12.29507,Konventionell,isar,isar,single,exact,1.0,True,Isar 2,48.6046,12.29507,konventionell,exact,1.0,True,Isar 1,48.6048,12.2988,konventionell,912.0,1,none,,,,,,none,,,,,,none,,,,,none,,,,,382,2013-2020; 2021-2026
Itzehoe,1.0,opsd_exact,53.966422,9.449486,Konventionell,itzehoe,itzehoe,single,exact,1.0,True,Itzehoe,53.966422,9.449486,konventionell,exact,1.0,True,Gasturbinenkraftwerk Itzehoe,53.96645,9.44951,konventionell,87.0,1,none,,,,,,none,,,,,,none,,,,,none,,,,,51,2013-2020; 2021-2026
Jänschwalde,1.0,opsd_exact,51.83444099,14.45903778,Konventionell,jaenschwalde,jaenschwalde,single,exact,1.0,True,KW Jänschwalde,51.83444099,14.45903778,konventionell,fuzzy,0.957,True,Janschwalde,51.835981,14.453465,konventionell,3000.0,1,none,,,,,,none,,,,,,none,,,,,none,,,,,4384,2013-2020
Jänschwalde (Standort),1.0,opsd_exact,51.83444099,14.45903778,Konventionell,jaenschwalde,jaenschwalde,single,exact,1.0,True,KW Jänschwalde,51.83444099,14.45903778,konventionell,fuzzy,0.957,True,Janschwalde,51.835981,14.453465,konventionell,3000.0,1,none,,,,,,none,,,,,,none,,,,,none,,,,,1728,2013-2020; 2021-2026
KKE_A,0.0,unresolved,,,Konventionell,kke,kke,single,none,,,,,,,none,,,,,,,,0,none,,,,,Kraftwerk:no_titles,none,,,,,,none,,,,,none,,,,,8,2021-2026
KMW_KW2_DT,0.0,unresolved,,,Konventionell,kmw kw2,kmw kw2,single,none,,,,,,,none,,,,,,,,0,none,,,,,Kraftwerk:no_titles,none,,,,,,none,,,,,none,,,,,2,2013-2020
KMW_KW3,0.0,unresolved,,,Konventionell,kmw kw3,kmw kw3,single,none,,,,,,,none,,,,,,,,0,none,,,,,Kraftwerk:no_titles,none,,,,,,none,,,,,none,,,,,474,2013-2020; 2021-2026
KMW_KW5,0.0,unresolved,,,Konventionell,kmw kw5,kmw kw5,single,none,,,,,,,none,,,,,,,,0,none,,,,,Kraftwerk:no_titles,none,,,,,,none,,,,,none,,,,,102,2021-2026
KNAPSACK_20,0.95,psa_exact,50.858679,6.845286,Konventionell,knapsack,knapsack,single,none,,,,,,,exact,1.0,True,Knapsack,50.858679,6.845286,konventionell,1326.0,1,none,,,,,,none,,,,,,none,,,,,none,,,,,489,2013-2020; 2021-2026
KNAPSACK_DT10,0.95,psa_exact,50.858679,6.845286,Konventionell,knapsack,knapsack,single,none,,,,,,,exact,1.0,True,Knapsack,50.858679,6.845286,konventionell,1326.0,1,none,,,,,,none,,,,,,none,,,,,none,,,,,21,2013-2020; 2021-2026
KNAPSACK_GT11,0.95,psa_exact,50.858679,6.845286,Konventionell,knapsack,knapsack,single,none,,,,,,,exact,1.0,True,Knapsack,50.858679,6.845286,konventionell,1326.0,1,none,,,,,,none,,,,,,none,,,,,none,,,,,47,2013-2020; 2021-2026
KNAPSACK_GT12,0.95,psa_exact,50.858679,6.845286,Konventionell,knapsack,knapsack,single,none,,,,,,,exact,1.0,True,Knapsack,50.858679,6.845286,konventionell,1326.0,1,none,,,,,,none,,,,,,none,,,,,none,,,,,8,2013-2020; 2021-2026
KURATIV_VIANDEN_POOL,0.0,unresolved,,,Sonstiges,kurativ vianden pool,kurativ vianden pool,single,none,,,,,,,none,,,,,,,,0,none,,,,,Kraftwerk:no_titles,none,,,,,,none,,,,,none,,,,,2,2021-2026
KW Buschhaus,1.0,opsd_exact,52.17237156,10.97682873,Konventionell,buschhaus,buschhaus,single,exact,1.0,True,Buschhaus,52.17237156,10.97682873,konventionell,exact,1.0,True,Buschhaus,52.171764,10.977192,konventionell,405.0,1,none,,,,,,none,,,,,,none,,,,,none,,,,,1,2013-2020
KW Emsland D1. D2. D0,0.3,grid_area_region,52.9,7.4,Konventionell,emsland d1 d2 d0,emsland d1 d2 d0,single,none,,,,,,,none,,,,,,,,0,none,,,,,Kraftwerk:no_titles,none,,,,,,none,,,,,none,,,,,1,2013-2020
KW Grohnde,1.0,opsd_exact,52.035641,9.413497,Konventionell,grohnde,grohnde,single,exact,1.0,True,Grohnde,52.035641,9.413497,konventionell,none,,,,,,,,0,none,,,,,,none,,,,,,none,,,,,none,,,,,1,2013-2020
KW Knapsack 1,0.95,psa_exact,50.858679,6.845286,Konventionell,knapsack,knapsack,single,none,,,,,,,exact,1.0,True,Knapsack,50.858679,6.845286,konventionell,1326.0,1,none,,,,,,none,,,,,,none,,,,,none,,,,,1,2013-2020
KWNIEHL,0.0,unresolved,,,Konventionell,kwniehl,kwniehl,single,none,,,,,,,none,,,,,,,,0,none,,,,,Kraftwerk:no_titles,none,,,,,,none,,,,,none,,,,,19,2013-2020
Kaunertal,0.85,wikipedia,46.995,10.741667,Konventionell,kaunertal,kaunertal,single,exact,1.0,False,KW Kaunertal,47.067783,10.665211,sonstiges,none,,,,,,,,0,match,Kaunertal,46.995,10.741667,https://de.wikipedia.org/wiki/Kaunertal,Kraftwerk:accepted,none,,,,,,none,,,,,none,,,,,1,2013-2020
Kernkraftwerk Neckarwestheim,0.95,psa_exact,49.0408,9.1759,Konventionell,neckarwestheim,neckarwestheim,single,fuzzy,0.933,True,Gemeinschaftskernkraftwerk Neckarwestheim II,49.041111,9.175,konventionell,exact,1.0,True,Neckarwestheim 1,49.0408,9.1759,konventionell,840.0,1,none,,,,,,none,,,,,,none,,,,,none,,,,,8,2013-2020
Kernkraftwerk Neckarwestheim Block 2,0.95,psa_exact,49.0408,9.1759,Konventionell,neckarwestheim,neckarwestheim,single,fuzzy,0.933,True,Gemeinschaftskernkraftwerk Neckarwestheim II,49.041111,9.175,konventionell,exact,1.0,True,Neckarwestheim 1,49.0408,9.1759,konventionell,840.0,1,none,,,,,,none,,,,,,none,,,,,none,,,,,15,2013-2020; 2021-2026
Kernkraftwerk Philippsburg,1.0,opsd_exact,49.252722,8.435436,Konventionell,philippsburg,philippsburg,single,exact,1.0,True,Kernkraftwerk Philippsburg 2,49.252722,8.435436,konventionell,exact,1.0,True,Philippsburg 2,49.2529,8.4364,konventionell,1468.0,1,none,,,,,,none,,,,,,none,,,,,none,,,,,11,2013-2020
Kernkraftwerk Philippsburg Block 2,1.0,opsd_exact,49.252722,8.435436,Konventionell,philippsburg,philippsburg,single,exact,1.0,True,Kernkraftwerk Philippsburg 2,49.252722,8.435436,konventionell,exact,1.0,True,Philippsburg 2,49.2529,8.4364,konventionell,1468.0,1,none,,,,,,none,,,,,,none,,,,,none,,,,,7,2013-2020
Kiel,1.0,opsd_exact,54.33945,10.1766,Konventionell,kiel,kiel,single,exact,1.0,True,Gemeinschaftskraftwerk Kiel,54.33945,10.1766,konventionell,none,,,,,,,,0,none,,,,,,none,,,,,,none,,,,,none,,,,,275,2013-2020
Kiel (Küstenkraftwerk gesamt),1.0,opsd_exact,54.33945,10.1766,Konventionell,kiel,kiel,site_pool,exact,1.0,True,Gemeinschaftskraftwerk Kiel,54.33945,10.1766,konventionell,none,,,,,,,,0,none,,,,,,none,,,,,,none,,,,,none,,,,,203,2021-2026
Kirchlengern GT 1,1.0,opsd_exact,52.19507,8.6482,Konventionell,kirchlengern,kirchlengern,single,exact,1.0,True,KW Kirchlengern,52.19507,8.6482,konventionell,exact,1.0,True,Kirchlengern,52.194951,8.648754,konventionell,83.0,1,none,,,,,,none,,,,,,none,,,,,none,,,,,13,2013-2020; 2021-2026
Knapsack,0.95,psa_exact,50.858679,6.845286,Konventionell,knapsack,knapsack,single,none,,,,,,,exact,1.0,True,Knapsack,50.858679,6.845286,konventionell,1326.0,1,none,,,,,,none,,,,,,none,,,,,none,,,,,250,2013-2020
Knapsack 1,0.95,psa_exact,50.858679,6.845286,Konventionell,knapsack,knapsack,single,none,,,,,,,exact,1.0,True,Knapsack,50.858679,6.845286,konventionell,1326.0,1,none,,,,,,none,,,,,,none,,,,,none,,,,,461,2013-2020; 2021-2026
Knapsack Block 10,0.95,psa_exact,50.858679,6.845286,Konventionell,knapsack,knapsack,single,none,,,,,,,exact,1.0,True,Knapsack,50.858679,6.845286,konventionell,1326.0,1,none,,,,,,none,,,,,,none,,,,,none,,,,,2,2013-2020
Knapsack GT11,0.95,psa_exact,50.858679,6.845286,Konventionell,knapsack,knapsack,single,none,,,,,,,exact,1.0,True,Knapsack,50.858679,6.845286,konventionell,1326.0,1,none,,,,,,none,,,,,,none,,,,,none,,,,,1,2013-2020
Knepper,1.0,opsd_exact,51.56846926,7.349182511,Konventionell,knepper,knepper,single,exact,1.0,True,Knepper,51.56846926,7.349182511,konventionell,none,,,,,,,,0,none,,,,,,none,,,,,,none,,,,,none,,,,,7,2013-2020
Koepchenwerk,1.0,opsd_exact,51.41048,7.453139999999999,Sonstiges,koepchenwerk,koepchenwerk,single,exact,1.0,True,Koepchenwerk,51.41048,7.453139999999999,sonstiges,exact,1.0,True,Koepchenwerk,51.4128,7.4513,sonstiges,132.0,1,none,,,,,,none,,,,,,none,,,,,none,,,,,1,2013-2020
Kraftwerk Bexbach,1.0,opsd_exact,49.363481,7.237136,Konventionell,bexbach,bexbach,single,exact,1.0,True,Kraftwerk Bexbach,49.363481,7.237136,konventionell,exact,1.0,True,Bexbach,49.36139,7.237308,konventionell,726.0,1,none,,,,,,none,,,,,,none,,,,,none,,,,,53,2013-2020
Kraftwerk Lippendorf,1.0,opsd_exact,51.182122,12.373287,Konventionell,lippendorf,lippendorf,single,exact,1.0,True,Lippendorf,51.182122,12.373287,konventionell,exact,1.0,True,Lippendorf,51.1769265,12.376704,konventionell,1782.0,1,none,,,,,,none,,,,,,none,,,,,none,,,,,334,2013-2020
Kraftwerk Mainz Wiesbaden,0.5,gazetteer,49.992563636363634,8.248863636363637,Konventionell,mainz wiesbaden,mainz wiesbaden,single,none,,,,,,,none,,,,,,,,0,none,,,,,Kraftwerk:no_titles,none,,,,,,match,Mainz,Rheinland-Pfalz,49.992563636363634,8.248863636363637,none,,,,,130,2013-2020
Kraftwerk Marbach,0.95,psa_exact,48.9273875,9.231165,Konventionell,marbach,marbach,single,none,,,,,,,exact,1.0,True,Marbach,48.9273875,9.231165,konventionell,735.9,1,none,,,,,,none,,,,,,none,,,,,none,,,,,4,2013-2020
Kraftwerk Walheim,1.0,opsd_exact,49.017472,9.157389,Konventionell,walheim,walheim,single,exact,1.0,True,Kraftwerk Walheim,49.017472,9.157389,konventionell,exact,1.0,True,Walheim,49.01598,9.15943,konventionell,136.0,1,none,,,,,,none,,,,,,none,,,,,none,,,,,151,2013-2020
Kraftwerk Walheim GT D,1.0,opsd_exact,49.017472,9.157389,Konventionell,walheim,walheim,single,exact,1.0,True,Kraftwerk Walheim,49.017472,9.157389,konventionell,exact,1.0,True,Walheim,49.01598,9.15943,konventionell,136.0,1,none,,,,,,none,,,,,,none,,,,,none,,,,,204,2013-2020; 2021-2026
Kühtai 1 (TIWAG),1.0,opsd_exact,47.207784,11.005735,Sonstiges,kuehtai,kuehtai,single,exact,1.0,True,KW Kühtai,47.207784,11.005735,sonstiges,none,,,,,,,,0,none,,,,,,none,,,,,,none,,,,,none,,,,,5,2021-2026
Kühtai 1 (Uniper),1.0,opsd_exact,47.207784,11.005735,Sonstiges,kuehtai,kuehtai,single,exact,1.0,True,KW Kühtai,47.207784,11.005735,sonstiges,none,,,,,,,,0,none,,,,,,none,,,,,,none,,,,,none,,,,,6,2013-2020; 2021-2026
Kühtai 2 (TIWAG),1.0,opsd_exact,47.207784,11.005735,Sonstiges,kuehtai,kuehtai,single,exact,1.0,True,KW Kühtai,47.207784,11.005735,sonstiges,none,,,,,,,,0,none,,,,,,none,,,,,,none,,,,,none,,,,,3,2021-2026
Kühtai 2 (Uniper),1.0,opsd_exact,47.207784,11.005735,Sonstiges,kuehtai,kuehtai,single,exact,1.0,True,KW Kühtai,47.207784,11.005735,sonstiges,none,,,,,,,,0,none,,,,,,none,,,,,,none,,,,,none,,,,,28,2013-2020; 2021-2026
LAUSWARD_AGUD,0.0,unresolved,,,Konventionell,lausward agud,lausward agud,single,none,,,,,,,none,,,,,,,,0,none,,,,,Kraftwerk:no_titles,none,,,,,,none,,,,,none,,,,,13,2021-2026
LAUSWARD_GUDF,0.0,unresolved,,,Konventionell,lausward gudf,lausward gudf,single,none,,,,,,,none,,,,,,,,0,none,,,,,Kraftwerk:no_titles,none,,,,,,none,,,,,none,,,,,483,2013-2020; 2021-2026
LEIPHEIM_10 (bnBm),0.95,psa_exact,48.434778,10.23254,Konventionell,leipheim,leipheim,single,none,,,,,,,exact,1.0,True,Bnbm Gaskraftwerk Leipheim,48.434778,10.23254,konventionell,310.0,1,none,,,,,,none,,,,,,none,,,,,none,,,,,27,2021-2026
LINGEN-GT1,0.95,psa_exact,52.4831,7.3005,Konventionell,lingen,lingen,single,none,,,,,,,exact,1.0,True,Lingen,52.4831,7.3005,konventionell,268.0,1,none,,,,,,none,,,,,,none,,,,,none,,,,,1,2021-2026
LINGEN-GT2,0.95,psa_exact,52.4831,7.3005,Konventionell,lingen,lingen,single,none,,,,,,,exact,1.0,True,Lingen,52.4831,7.3005,konventionell,268.0,1,none,,,,,,none,,,,,,none,,,,,none,,,,,5,2021-2026
LUDWHN_A800_GT11,0.0,unresolved,,,Konventionell,ludwhn a800,ludwhn a800,single,none,,,,,,,none,,,,,,,,0,none,,,,,Kraftwerk:no_titles,none,,,,,,none,,,,,none,,,,,2,2021-2026
Lausward,0.0,unresolved,,,Konventionell,lausward,lausward,single,none,,,,,,,none,,,,,,,,0,none,,,,,Kraftwerk:no_titles,none,,,,,,none,,,,,none,,,,,1,2013-2020
Leitzach 1 M11,0.4,nominatim,47.776535,11.8813893,Sonstiges,leitzach m11,leitzach m11,single,none,,,,,,,none,,,,,,,,0,none,,,,,Kraftwerk:no_titles,none,,,,,,nominatim,Leitzach M11,Bayern,47.776535,11.8813893,none,,,,,14,2013-2020; 2021-2026
Leitzach 2 M21,0.4,nominatim,47.776535,11.8813893,Sonstiges,leitzach m21,leitzach m21,single,none,,,,,,,none,,,,,,,,0,none,,,,,Kraftwerk:no_titles,none,,,,,,nominatim,Leitzach M21,Bayern,47.776535,11.8813893,none,,,,,7,2021-2026
Leitzach 2 M22,0.4,nominatim,47.776535,11.8813893,Sonstiges,leitzach m22,leitzach m22,single,none,,,,,,,none,,,,,,,,0,none,,,,,Kraftwerk:no_titles,none,,,,,,nominatim,Leitzach M22,Bayern,47.776535,11.8813893,none,,,,,4,2021-2026
Leitzach Pool,0.0,unresolved,,,Sonstiges,leitzach pool,leitzach pool,site_pool,none,,,,,,,none,,,,,,,,0,none,,,,,Kraftwerk:no_titles,none,,,,,,none,,,,,none,,,,,113,2021-2026
Linden GKL DT,0.738,psa_fuzzy,52.833598,7.772684,Konventionell,linden,linden,single,none,,,,,,,fuzzy,0.923,True,Bhkw Lindern,52.833598,7.772684,konventionell,3.081,1,none,,,,,Kraftwerk:no_titles,none,,,,,,match,Linden,Rheinland-Pfalz,50.6,7.85,none,,,,,209,2013-2020; 2021-2026
Linden GKL GT 1,0.738,psa_fuzzy,52.833598,7.772684,Konventionell,linden,linden,single,none,,,,,,,fuzzy,0.923,True,Bhkw Lindern,52.833598,7.772684,konventionell,3.081,1,none,,,,,Kraftwerk:no_titles,none,,,,,,match,Linden,Rheinland-Pfalz,50.6,7.85,none,,,,,276,2013-2020; 2021-2026
Linden GKL GT 3,0.738,psa_fuzzy,52.833598,7.772684,Konventionell,linden,linden,single,none,,,,,,,fuzzy,0.923,True,Bhkw Lindern,52.833598,7.772684,konventionell,3.081,1,none,,,,,Kraftwerk:no_titles,none,,,,,,match,Linden,Rheinland-Pfalz,50.6,7.85,none,,,,,174,2013-2020; 2021-2026
Lippendorf,1.0,opsd_exact,51.182122,12.373287,Konventionell,lippendorf,lippendorf,single,exact,1.0,True,Lippendorf,51.182122,12.373287,konventionell,exact,1.0,True,Lippendorf,51.1769265,12.376704,konventionell,1782.0,1,none,,,,,,none,,,,,,none,,,,,none,,,,,1242,2013-2020; 2021-2026
Lippendorf (EnBW),1.0,opsd_exact,51.182122,12.373287,Konventionell,lippendorf,lippendorf,single,exact,1.0,True,Lippendorf,51.182122,12.373287,konventionell,exact,1.0,True,Lippendorf,51.1769265,12.376704,konventionell,1782.0,1,none,,,,,,none,,,,,,none,,,,,none,,,,,224,2013-2020
Lippendorf (LEAG),1.0,opsd_exact,51.182122,12.373287,Konventionell,lippendorf,lippendorf,single,exact,1.0,True,Lippendorf,51.182122,12.373287,konventionell,exact,1.0,True,Lippendorf,51.1769265,12.376704,konventionell,1782.0,1,none,,,,,,none,,,,,,none,,,,,none,,,,,194,2013-2020
Lippendorf EnBW,0.4,nominatim,51.173977,12.3716883,Konventionell,lippendorf enbw,lippendorf enbw,single,none,,,,,,,none,,,,,,,,0,none,,,,,Kraftwerk:no_titles,none,,,,,,nominatim,Lippendorf Enbw,Sachsen,51.173977,12.3716883,none,,,,,807,2013-2020; 2021-2026
Lippendorf EnbW,0.4,nominatim,51.173977,12.3716883,Konventionell,lippendorf enbw,lippendorf enbw,single,none,,,,,,,none,,,,,,,,0,none,,,,,Kraftwerk:no_titles,none,,,,,,nominatim,Lippendorf Enbw,Sachsen,51.173977,12.3716883,none,,,,,13,2013-2020
Lippendorf VE,0.773,opsd_fuzzy,51.182122,12.373287,Konventionell,lippendorf ve,lippendorf ve,single,fuzzy,0.909,True,Lippendorf,51.182122,12.373287,konventionell,fuzzy,0.909,True,Lippendorf,51.1769265,12.376704,konventionell,1782.0,1,none,,,,,Kraftwerk:no_titles,none,,,,,,none,,,,,none,,,,,1745,2013-2020; 2021-2026
Lippendorf Vattenfall,0.4,nominatim,51.173977,12.3716883,Konventionell,lippendorf vattenfall,lippendorf vattenfall,single,none,,,,,,,none,,,,,,,,0,none,,,,,Kraftwerk:no_titles,none,,,,,,nominatim,Lippendorf Vattenfall,Sachsen,51.173977,12.3716883,none,,,,,2,2013-2020
Lippendorf Vattenfall (EPH),0.4,nominatim,51.173977,12.3716883,Konventionell,lippendorf vattenfall,lippendorf vattenfall,single,none,,,,,,,none,,,,,,,,0,none,,,,,Kraftwerk:no_titles,none,,,,,,nominatim,Lippendorf Vattenfall,Sachsen,51.173977,12.3716883,none,,,,,760,2013-2020
Lünen,1.0,opsd_exact,51.61403992,7.481253973999999,Konventionell,luenen,luenen,single,exact,1.0,True,KW Lünen,51.61403992,7.481253973999999,konventionell,none,,,,,,,,0,none,,,,,,none,,,,,,none,,,,,none,,,,,88,2013-2020
Lünen 7,1.0,opsd_exact,51.61403992,7.481253973999999,Konventionell,luenen,luenen,single,exact,1.0,True,KW Lünen,51.61403992,7.481253973999999,konventionell,none,,,,,,,,0,none,,,,,,none,,,,,,none,,,,,none,,,,,1,2013-2020
MEAS,0.0,unresolved,,,Sonstiges,meas,meas,single,none,,,,,,,none,,,,,,,,0,none,,,,,Kraftwerk:no_titles,none,,,,,,none,,,,,none,,,,,1,2013-2020
MRL BK TransnetBW,0.0,skipped_grid_area_market,,,Sonstiges,mrl bk transnetbw,mrl bk transnetbw,grid_area,none,,,,,,,none,,,,,,,,0,none,,,,,,none,,,,,,none,,,,,none,,,,,2,2013-2020
Marbach GT 4 (bnBm),0.95,psa_exact,48.9273875,9.231165,Konventionell,marbach,marbach,single,none,,,,,,,exact,1.0,True,Marbach,48.9273875,9.231165,konventionell,735.9,1,none,,,,,,none,,,,,,none,,,,,none,,,,,15,2021-2026
Markersbach,0.5,gazetteer,50.5354,12.8615,Konventionell,markersbach,markersbach,single,exact,1.0,False,Markersbach,50.51938,12.87976,sonstiges,none,,,,,,,,0,none,,,,,Kraftwerk:no_titles,none,,,,,,match,Markersbach,Sachsen,50.5354,12.8615,none,,,,,107,2013-2020
Markersbach (Standort),1.0,opsd_exact,50.51938,12.87976,Sonstiges,markersbach,markersbach,single,exact,1.0,True,Markersbach,50.51938,12.87976,sonstiges,exact,1.0,True,Psw Markersbach Pss,50.52,12.88,sonstiges,1045.1999999999998,1,none,,,,,,none,,,,,,none,,,,,none,,,,,26,2021-2026
Markesbach,0.809,opsd_fuzzy,50.51938,12.87976,Sonstiges,markesbach,markesbach,single,fuzzy,0.952,True,Markersbach,50.51938,12.87976,sonstiges,fuzzy,0.952,True,Psw Markersbach Pss,50.52,12.88,sonstiges,1045.1999999999998,1,rejected,Markelsbach (Wahnbach),,,,Kraftwerk:no_token_overlap,rejected,Pumpspeicherwerk Markersbach,,,,Kraftwerk:no_token_overlap,none,,,,,none,,,,,40,2013-2020
Mehrum,0.85,wikipedia,52.30422222,10.09480556,Konventionell,mehrum,mehrum,single,none,,,,,,,none,,,,,,,,0,match,Mehrum,52.30422222,10.09480556,https://de.wikipedia.org/wiki/Mehrum,Kraftwerk:accepted,none,,,,,,none,,,,,none,,,,,1287,2013-2020; 2021-2026
Mercedes_Sindelfingen_GT1,0.5,gazetteer,48.713049999999996,8.9992,Konventionell,mercedes sindelfingen,mercedes sindelfingen,single,none,,,,,,,none,,,,,,,,0,none,,,,,Kraftwerk:no_titles,none,,,,,,match,Sindelfingen,Baden-Württemberg,48.713049999999996,8.9992,none,,,,,1,2021-2026
Moorburg,1.0,opsd_exact,53.486245,9.953149,Konventionell,moorburg,moorburg,single,exact,1.0,True,Moorburg B,53.486245,9.953149,konventionell,exact,1.0,True,Moorburg,53.487504,9.949603,konventionell,1600.0,1,none,,,,,,none,,,,,,none,,,,,none,,,,,659,2013-2020
Moorburg (Standort),1.0,opsd_exact,53.486245,9.953149,Konventionell,moorburg,moorburg,single,exact,1.0,True,Moorburg B,53.486245,9.953149,konventionell,exact,1.0,True,Moorburg,53.487504,9.949603,konventionell,1600.0,1,none,,,,,,none,,,,,,none,,,,,none,,,,,28,2013-2020; 2021-2026
München Nord 1,0.5,gazetteer,48.143697333333336,11.559808,Sonstiges,muenchen nord,muenchen nord,single,none,,,,,,,none,,,,,,,,0,none,,,,,Kraftwerk:no_titles,none,,,,,,match,Muenchen,Bayern,48.143697333333336,11.559808,none,,,,,1,2013-2020
München Nord 2,0.5,gazetteer,48.143697333333336,11.559808,Konventionell,muenchen nord,muenchen nord,single,none,,,,,,,none,,,,,,,,0,rejected,Menschen im Norden,,,,Kraftwerk:page_missing,rejected,Heizkraftwerk Nord (München),,,,Kraftwerk:page_missing,match,Muenchen,Bayern,48.143697333333336,11.559808,none,,,,,61,2013-2020; 2021-2026
München Süd DT 1,0.5,gazetteer,48.143697333333336,11.559808,Konventionell,muenchen sued,muenchen sued,single,none,,,,,,,none,,,,,,,,0,none,,,,,Kraftwerk:no_titles,none,,,,,,match,Muenchen,Bayern,48.143697333333336,11.559808,none,,,,,3,2013-2020; 2021-2026
München Süd DT 60,0.5,gazetteer,48.143697333333336,11.559808,Konventionell,muenchen sued,muenchen sued,single,none,,,,,,,none,,,,,,,,0,none,,,,,Kraftwerk:no_titles,none,,,,,,match,Muenchen,Bayern,48.143697333333336,11.559808,none,,,,,1,2013-2020
München Süd GT 2,0.5,gazetteer,48.143697333333336,11.559808,Konventionell,muenchen sued,muenchen sued,single,none,,,,,,,none,,,,,,,,0,none,,,,,Kraftwerk:no_titles,none,,,,,,match,Muenchen,Bayern,48.143697333333336,11.559808,none,,,,,7,2013-2020
München Süd GT 3,0.5,gazetteer,48.143697333333336,11.559808,Konventionell,muenchen sued,muenchen sued,single,none,,,,,,,none,,,,,,,,0,none,,,,,Kraftwerk:no_titles,none,,,,,,match,Muenchen,Bayern,48.143697333333336,11.559808,none,,,,,3,2013-2020
München Süd GT 61,0.5,gazetteer,48.143697333333336,11.559808,Konventionell,muenchen sued,muenchen sued,single,none,,,,,,,none,,,,,,,,0,none,,,,,Kraftwerk:no_titles,none,,,,,,match,Muenchen,Bayern,48.143697333333336,11.559808,none,,,,,5,2013-2020; 2021-2026
München Süd GT 62,0.5,gazetteer,48.143697333333336,11.559808,Konventionell,muenchen sued,muenchen sued,single,none,,,,,,,none,,,,,,,,0,none,,,,,Kraftwerk:no_titles,none,,,,,,match,Muenchen,Bayern,48.143697333333336,11.559808,none,,,,,3,2013-2020
NEURATH_A,1.0,opsd_exact,51.039475,6.615041000000001,Konventionell,neurath,neurath,single,exact,1.0,True,Neurath,51.039475,6.615041000000001,konventionell,exact,1.0,True,Neurath,51.037649,6.612286,konventionell,4211.0,1,none,,,,,,none,,,,,,none,,,,,none,,,,,17,2021-2026
NEURATH_A_110kV,0.4,nominatim,51.0392708,6.5937467,Konventionell,neurath 110kv,neurath 110kv,single,none,,,,,,,none,,,,,,,,0,none,,,,,Kraftwerk:no_titles,none,,,,,,nominatim,Neurath 110Kv,Nordrhein-Westfalen,51.0392708,6.5937467,none,,,,,2,2021-2026
NEURATH_B,1.0,opsd_exact,51.039475,6.615041000000001,Konventionell,neurath,neurath,single,exact,1.0,True,Neurath,51.039475,6.615041000000001,konventionell,exact,1.0,True,Neurath,51.037649,6.612286,konventionell,4211.0,1,none,,,,,,none,,,,,,none,,,,,none,,,,,32,2013-2020; 2021-2026
NEURATH_C,1.0,opsd_exact,51.039475,6.615041000000001,Konventionell,neurath,neurath,single,exact,1.0,True,Neurath,51.039475,6.615041000000001,konventionell,exact,1.0,True,Neurath,51.037649,6.612286,konventionell,4211.0,1,none,,,,,,none,,,,,,none,,,,,none,,,,,13,2021-2026
NEURATH_D,1.0,opsd_exact,51.039475,6.615041000000001,Konventionell,neurath,neurath,single,exact,1.0,True,Neurath,51.039475,6.615041000000001,konventionell,exact,1.0,True,Neurath,51.037649,6.612286,konventionell,4211.0,1,none,,,,,,none,,,,,,none,,,,,none,,,,,205,2013-2020; 2021-2026
NEURATH_E,1.0,opsd_exact,51.039475,6.615041000000001,Konventionell,neurath,neurath,single,exact,1.0,True,Neurath,51.039475,6.615041000000001,konventionell,exact,1.0,True,Neurath,51.037649,6.612286,konventionell,4211.0,1,none,,,,,,none,,,,,,none,,,,,none,,,,,163,2013-2020; 2021-2026
NEURATH_F,1.0,opsd_exact,51.039475,6.615041000000001,Konventionell,neurath,neurath,single,exact,1.0,True,Neurath,51.039475,6.615041000000001,konventionell,exact,1.0,True,Neurath,51.037649,6.612286,konventionell,4211.0,1,none,,,,,,none,,,,,,none,,,,,none,,,,,409,2013-2020; 2021-2026
NEURATH_G,1.0,opsd_exact,51.039475,6.615041000000001,Konventionell,neurath,neurath,single,exact,1.0,True,Neurath,51.039475,6.615041000000001,konventionell,exact,1.0,True,Neurath,51.037649,6.612286,konventionell,4211.0,1,none,,,,,,none,,,,,,none,,,,,none,,,,,433,2013-2020; 2021-2026
NIEDERAUSSEM_C,1.0,opsd_exact,50.995692,6.669039,Konventionell,niederaussem,niederaussem,single,exact,1.0,True,Niederaußem,50.995692,6.669039,konventionell,exact,1.0,True,Niederaussem,50.990677,6.669720000000001,konventionell,3109.0,1,none,,,,,,none,,,,,,none,,,,,none,,,,,10,2013-2020; 2021-2026
NIEDERAUSSEM_D,1.0,opsd_exact,50.995692,6.669039,Konventionell,niederaussem,niederaussem,single,exact,1.0,True,Niederaußem,50.995692,6.669039,konventionell,exact,1.0,True,Niederaussem,50.990677,6.669720000000001,konventionell,3109.0,1,none,,,,,,none,,,,,,none,,,,,none,,,,,2,2013-2020
NIEDERAUSSEM_E,1.0,opsd_exact,50.995692,6.669039,Konventionell,niederaussem,niederaussem,single,exact,1.0,True,Niederaußem,50.995692,6.669039,konventionell,exact,1.0,True,Niederaussem,50.990677,6.669720000000001,konventionell,3109.0,1,none,,,,,,none,,,,,,none,,,,,none,,,,,3,2021-2026
NIEDERAUSSEM_F,1.0,opsd_exact,50.995692,6.669039,Konventionell,niederaussem,niederaussem,single,exact,1.0,True,Niederaußem,50.995692,6.669039,konventionell,exact,1.0,True,Niederaussem,50.990677,6.669720000000001,konventionell,3109.0,1,none,,,,,,none,,,,,,none,,,,,none,,,,,2,2021-2026
NIEDERAUSSEM_G,1.0,opsd_exact,50.995692,6.669039,Konventionell,niederaussem,niederaussem,single,exact,1.0,True,Niederaußem,50.995692,6.669039,konventionell,exact,1.0,True,Niederaussem,50.990677,6.669720000000001,konventionell,3109.0,1,none,,,,,,none,,,,,,none,,,,,none,,,,,628,2013-2020; 2021-2026
NIEDERAUSSEM_H,1.0,opsd_exact,50.995692,6.669039,Konventionell,niederaussem,niederaussem,single,exact,1.0,True,Niederaußem,50.995692,6.669039,konventionell,exact,1.0,True,Niederaussem,50.990677,6.669720000000001,konventionell,3109.0,1,none,,,,,,none,,,,,,none,,,,,none,,,,,352,2013-2020; 2021-2026
NIEDERAUSSEM_K,1.0,opsd_exact,50.995692,6.669039,Konventionell,niederaussem,niederaussem,single,exact,1.0,True,Niederaußem,50.995692,6.669039,konventionell,exact,1.0,True,Niederaussem,50.990677,6.669720000000001,konventionell,3109.0,1,none,,,,,,none,,,,,,none,,,,,none,,,,,632,2013-2020; 2021-2026
NIEHL-31-GUD,1.0,opsd_exact,50.97492,6.98803,Konventionell,niehl,niehl,single,exact,1.0,True,HKW Niehl 2,50.97492,6.98803,konventionell,none,,,,,,,,0,none,,,,,,none,,,,,,none,,,,,none,,,,,730,2013-2020; 2021-2026
NIEHL-II,0.5,gazetteer,49.9577,6.3552,Konventionell,niehl ii,niehl ii,single,none,,,,,,,none,,,,,,,,0,none,,,,,Kraftwerk:no_titles,none,,,,,,match,Niehl,Rheinland-Pfalz,49.9577,6.3552,none,,,,,278,2021-2026
NIEHL-II-GT,0.5,gazetteer,49.9577,6.3552,Konventionell,niehl ii,niehl ii,single,none,,,,,,,none,,,,,,,,0,none,,,,,Kraftwerk:no_titles,none,,,,,,match,Niehl,Rheinland-Pfalz,49.9577,6.3552,none,,,,,2,2021-2026
Netzreservekraftwerk BERGKAMEN_A,1.0,opsd_exact,51.63701,7.618760000000001,Konventionell,bergkamen,bergkamen,single,exact,1.0,,BMKW Bergkamen,51.63701,7.618760000000001,,exact,1.0,True,Bergkamen,51.636945,7.619083,konventionell,720.0,1,none,,,,,,none,,,,,,none,,,,,none,,,,,126,2021-2026
Netzreservekraftwerk Bexbach,1.0,opsd_exact,49.363481,7.237136,Konventionell,bexbach,bexbach,single,exact,1.0,True,Kraftwerk Bexbach,49.363481,7.237136,konventionell,exact,1.0,True,Bexbach,49.36139,7.237308,konventionell,726.0,1,none,,,,,,none,,,,,,none,,,,,none,,,,,51,2013-2020
Netzreservekraftwerk Bexbach A,1.0,opsd_exact,49.363481,7.237136,Konventionell,bexbach,bexbach,single,exact,1.0,True,Kraftwerk Bexbach,49.363481,7.237136,konventionell,exact,1.0,True,Bexbach,49.36139,7.237308,konventionell,726.0,1,none,,,,,,none,,,,,,none,,,,,none,,,,,207,2021-2026
Netzreservekraftwerk Bexbach/A,1.0,opsd_exact,49.363481,7.237136,Konventionell,bexbach,bexbach,single,exact,1.0,True,Kraftwerk Bexbach,49.363481,7.237136,konventionell,exact,1.0,True,Bexbach,49.36139,7.237308,konventionell,726.0,1,none,,,,,,none,,,,,,none,,,,,none,,,,,148,2013-2020; 2021-2026
Netzreservekraftwerk Darmstadt,0.95,psa_exact,49.863,8.681,Konventionell,darmstadt,darmstadt,single,none,,,,,,,exact,1.0,True,Bhkw Darmstadt,49.863,8.681,konventionell,5.699999999999999,1,none,,,,,,none,,,,,,none,,,,,none,,,,,35,2013-2020
Netzreservekraftwerk Darmstadt/GTKW,0.5,gazetteer,49.8718375,8.653300000000002,Konventionell,darmstadt gtkw,darmstadt gtkw,single,none,,,,,,,none,,,,,,,,0,none,,,,,Kraftwerk:no_titles,none,,,,,,match,Darmstadt,Hessen,49.8718375,8.653300000000002,none,,,,,2,2013-2020
Netzreservekraftwerk Darmstadt/GTKW GT11,0.5,gazetteer,49.8718375,8.653300000000002,Konventionell,darmstadt gtkw,darmstadt gtkw,single,none,,,,,,,none,,,,,,,,0,none,,,,,Kraftwerk:no_titles,none,,,,,,match,Darmstadt,Hessen,49.8718375,8.653300000000002,none,,,,,102,2021-2026
Netzreservekraftwerk Darmstadt/GTKW GT12,0.5,gazetteer,49.8718375,8.653300000000002,Konventionell,darmstadt gtkw,darmstadt gtkw,single,none,,,,,,,none,,,,,,,,0,none,,,,,Kraftwerk:no_titles,none,,,,,,match,Darmstadt,Hessen,49.8718375,8.653300000000002,none,,,,,101,2021-2026
Netzreservekraftwerk GTKW-DA-POOL,0.0,skipped_grid_area_unresolvable,,,Konventionell,gtkw da pool,gtkw da pool,grid_area,none,,,,,,,none,,,,,,,,0,none,,,,,,none,,,,,,none,,,,,none,,,,,155,2021-2026
Netzreservekraftwerk HERNE_4,1.0,opsd_exact,51.550753,7.187481,Konventionell,herne,herne,single,exact,1.0,True,KW Herne,51.550753,7.187481,konventionell,exact,1.0,True,Herne,51.549201,7.18396,konventionell,435.0,1,none,,,,,,none,,,,,,none,,,,,none,,,,,49,2021-2026
Netzreservekraftwerk KMW 2,0.0,unresolved,,,Konventionell,kmw,kmw,single,none,,,,,,,none,,,,,,,,0,none,,,,,Kraftwerk:no_titles,none,,,,,,none,,,,,none,,,,,45,2013-2020
Netzreservekraftwerk KMW 2 DT,0.0,unresolved,,,Konventionell,kmw,kmw,single,none,,,,,,,none,,,,,,,,0,none,,,,,Kraftwerk:no_titles,none,,,,,,none,,,,,none,,,,,199,2021-2026
Netzreservekraftwerk SCHOLVEN_B,1.0,opsd_exact,51.60236802,7.009894096,Konventionell,scholven,scholven,single,exact,1.0,True,Scholven,51.60236802,7.009894096,konventionell,exact,1.0,True,Scholven,51.60242,7.009876,konventionell,108.0,1,none,,,,,,none,,,,,,none,,,,,none,,,,,12,2021-2026
Netzreservekraftwerk UPM Schongau,0.95,psa_exact,47.808151,10.902341,Konventionell,upm schongau,upm schongau,single,exact,1.0,False,UPM Schongau,47.803187,10.904254,erneuerbar,exact,1.0,True,Upm Schongau,47.808151,10.902341,konventionell,83.09800000000001,1,none,,,,,,none,,,,,,none,,,,,none,,,,,209,2013-2020; 2021-2026
Netzreservekraftwerk VOELKLINGEN_HKV,0.5,gazetteer,49.2516,6.8587,Konventionell,voelklingen hkv,voelklingen hkv,single,none,,,,,,,none,,,,,,,,0,none,,,,,Kraftwerk:no_titles,none,,,,,,match,Voelklingen,Saarland,49.2516,6.8587,none,,,,,9,2021-2026
Netzreservekraftwerk VOELKLINGEN_MKV,0.5,gazetteer,49.2516,6.8587,Konventionell,voelklingen mkv,voelklingen mkv,single,none,,,,,,,none,,,,,,,,0,none,,,,,Kraftwerk:no_titles,none,,,,,,match,Voelklingen,Saarland,49.2516,6.8587,none,,,,,4,2021-2026
Netzreservekraftwerk Weiher,1.0,opsd_exact,49.33413028,7.031355927999999,Konventionell,weiher,weiher,single,exact,1.0,True,Weiher,49.33413028,7.031355927999999,konventionell,exact,1.0,True,Weiher,49.333966,7.028434,konventionell,655.6,1,none,,,,,,none,,,,,,none,,,,,none,,,,,22,2013-2020
Netzreservekraftwerk Weiher C,1.0,opsd_exact,49.33413028,7.031355927999999,Konventionell,weiher,weiher,single,exact,1.0,True,Weiher,49.33413028,7.031355927999999,konventionell,exact,1.0,True,Weiher,49.333966,7.028434,konventionell,655.6,1,none,,,,,,none,,,,,,none,,,,,none,,,,,118,2021-2026
Netzreservekraftwerk Weiher/C,1.0,opsd_exact,49.33413028,7.031355927999999,Konventionell,weiher,weiher,single,exact,1.0,True,Weiher,49.33413028,7.031355927999999,konventionell,exact,1.0,True,Weiher,49.333966,7.028434,konventionell,655.6,1,none,,,,,,none,,,,,,none,,,,,none,,,,,55,2013-2020; 2021-2026
Neurath,1.0,opsd_exact,51.039475,6.615041000000001,Konventionell,neurath,neurath,single,exact,1.0,True,Neurath,51.039475,6.615041000000001,konventionell,exact,1.0,True,Neurath,51.037649,6.612286,konventionell,4211.0,1,none,,,,,,none,,,,,,none,,,,,none,,,,,524,2013-2020
Niederaußem,1.0,opsd_exact,50.995692,6.669039,Konventionell,niederaussem,niederaussem,single,exact,1.0,True,Niederaußem,50.995692,6.669039,konventionell,exact,1.0,True,Niederaussem,50.990677,6.669720000000001,konventionell,3109.0,1,none,,,,,,none,,,,,,none,,,,,none,,,,,386,2013-2020
Niederrad 1,1.0,opsd_exact,50.0856,8.62785,Konventionell,niederrad,niederrad,single,exact,1.0,True,HKW Niederrad,50.0856,8.62785,konventionell,none,,,,,,,,0,none,,,,,,none,,,,,,none,,,,,none,,,,,85,2013-2020; 2021-2026
Niederrad 2,1.0,opsd_exact,50.0856,8.62785,Konventionell,niederrad,niederrad,single,exact,1.0,True,HKW Niederrad,50.0856,8.62785,konventionell,none,,,,,,,,0,none,,,,,,none,,,,,,none,,,,,none,,,,,3,2013-2020
Notfall-RD mit AVA,0.0,skipped_grid_area_market,,,Erneuerbar,notfall rd mit,notfall rd mit,grid_area,none,,,,,,,none,,,,,,,,0,none,,,,,,none,,,,,,none,,,,,none,,,,,18,2021-2026
Notfall-RD mit BAG,0.0,skipped_grid_area_market,,,Erneuerbar,notfall rd mit,notfall rd mit,grid_area,none,,,,,,,none,,,,,,,,0,none,,,,,,none,,,,,,none,,,,,none,,,,,1,2021-2026
Notfall-RD mit SHN,0.0,skipped_grid_area_market,,,Erneuerbar,notfall rd mit,notfall rd mit,grid_area,none,,,,,,,none,,,,,,,,0,none,,,,,,none,,,,,,none,,,,,none,,,,,10,2021-2026
OWP Albatros AC151 (kurativ),0.95,psa_exact,54.481963,6.247398,Erneuerbar,albatros,albatros,single,none,,,,,,,exact,1.0,True,Windpark Albatros,54.481963,6.247398,erneuerbar,7.35,1,none,,,,,,none,,,,,,none,,,,,none,,,,,2,2021-2026
OWP BARD Offshore 1 AC102 (kurativ),0.0,unresolved,,,Erneuerbar,bard offshore,bard offshore,single,none,,,,,,,none,,,,,,,,0,none,,,,,Windkraftanlage:no_titles,none,,,,,,none,,,,,none,,,,,2,2021-2026
OWP BARD Offshore 1 AC103 (kurativ),0.0,unresolved,,,Erneuerbar,bard offshore,bard offshore,single,none,,,,,,,none,,,,,,,,0,none,,,,,Windkraftanlage:no_titles,none,,,,,,none,,,,,none,,,,,2,2021-2026
OWP Borkum Riffgrund 3,0.85,wikipedia,53.87055556,6.41388889,Erneuerbar,borkum riffgrund,borkum riffgrund,single,none,,,,,,,exact,1.0,True,Borkum Riffgrund,53.940078,6.468518,erneuerbar,8.3,217,match,Borkum-Riffgrund (Naturschutzgebiet),53.87055556,6.41388889,https://de.wikipedia.org/wiki/Borkum-Riffgrund_(Naturschutzgebiet),Windpark:accepted,none,,,,,,match,Borkum,Niedersachsen,53.5809,6.6915,none,,,,,3,2021-2026
OWP Borkum Riffgrund 3 Test,0.7,duckduckgo,53.96666667,6.55,Erneuerbar,borkum riffgrund test,borkum riffgrund test,single,none,,,,,,,none,,,,,,,,0,rejected,Borkum Riffgrund West,,,,Windkraftanlage:page_missing,match,Offshore-Windpark Borkum Riffgrund,53.96666667,6.55,https://de.wikipedia.org/wiki/Offshore-Windpark_Borkum_Riffgrund,Offshore-Windpark:accepted,match,Borkum,Niedersachsen,53.5809,6.6915,none,,,,,1,2021-2026
OWP Deutsche Bucht AC152 (kurativ),0.95,psa_exact,54.307588,5.793367,Erneuerbar,deutsche bucht,deutsche bucht,single,none,,,,,,,exact,1.0,True,Deutsche Bucht,54.307588,5.793367,erneuerbar,8.4,1,none,,,,,,none,,,,,,none,,,,,none,,,,,2,2021-2026
OWP Deutsche Bucht AC153 (kurativ),0.95,psa_exact,54.307588,5.793367,Erneuerbar,deutsche bucht,deutsche bucht,single,none,,,,,,,exact,1.0,True,Deutsche Bucht,54.307588,5.793367,erneuerbar,8.4,1,none,,,,,,none,,,,,,none,,,,,none,,,,,2,2021-2026
OWP Gode Wind 3 AC160,0.95,psa_exact,54.044408,7.008218,Erneuerbar,gode wind,gode wind,single,none,,,,,,,exact,1.0,True,Gode Wind,54.044408,7.008218,erneuerbar,6.264,1,none,,,,,,none,,,,,,none,,,,,none,,,,,1,2021-2026
OWP Nordergründe,0.768,psa_fuzzy,53.836417,8.166043,Erneuerbar,nordergruende,nordergruende,single,none,,,,,,,fuzzy,0.96,True,Owp Nordergrunde,53.836417,8.166043,erneuerbar,6.15,1,none,,,,,Windkraftanlage:no_titles,none,,,,,,none,,,,,none,,,,,217,2021-2026
OWP Riffgat,0.95,psa_exact,53.693007,6.479523,Erneuerbar,riffgat,riffgat,single,none,,,,,,,exact,1.0,True,Riffgat,53.693007,6.479523,erneuerbar,3.78,1,none,,,,,,none,,,,,,none,,,,,none,,,,,93,2021-2026
OWP UW Büttel,0.738,psa_fuzzy,53.910965,9.229799,Erneuerbar,buettel,buettel,single,none,,,,,,,fuzzy,0.923,True,Buttel,53.910965,9.229799,erneuerbar,5.0,1,none,,,,,Windkraftanlage:no_titles,none,,,,,,match,Buettel,Schleswig-Holstein,53.9,9.2333,none,,,,,1863,2021-2026
OWP UW Diele,0.4,nominatim,53.1201491,7.3117171,Erneuerbar,diele,diele,single,none,,,,,,,none,,,,,,,,0,none,,,,,Windkraftanlage:no_titles,none,,,,,,nominatim,Diele,Niedersachsen,53.1201491,7.3117171,none,,,,,1093,2021-2026
OWP UW Dörpen-West,0.664,psa_fuzzy_dir,52.97785,7.420967,Erneuerbar,doerpen west,doerpen west,single,none,,,,,,,none,,,,,,,,0,none,,,,,Windkraftanlage:no_titles,none,,,,,,match,Doerpen,Niedersachsen,52.9647,7.3227,none,,,,,1887,2021-2026
OWP UW Emden-Ost,0.855,psa_exact_dir,53.384675,7.21097,Erneuerbar,emden ost,emden ost,single,none,,,,,,,none,,,,,,,,0,none,,,,,,none,,,,,,none,,,,,none,,,,,703,2021-2026
OWP Veja Mate AC104 (kurativ),0.95,psa_exact,54.326029,5.872489,Erneuerbar,veja mate,veja mate,single,none,,,,,,,exact,1.0,True,Owp Veja Mate,54.326029,5.872489,erneuerbar,6.3,1,none,,,,,,none,,,,,,none,,,,,none,,,,,2,2021-2026
OWP Veja Mate AC105 (kurativ),0.95,psa_exact,54.326029,5.872489,Erneuerbar,veja mate,veja mate,single,none,,,,,,,exact,1.0,True,Owp Veja Mate,54.326029,5.872489,erneuerbar,6.3,1,none,,,,,,none,,,,,,none,,,,,none,,,,,2,2021-2026
Obernburg,1.0,opsd_exact,49.82935,9.14824,Konventionell,obernburg,obernburg,single,exact,1.0,True,Obernburg,49.82935,9.14824,konventionell,none,,,,,,,,0,none,,,,,,none,,,,,,none,,,,,none,,,,,9,2013-2020; 2021-2026
PSW Rönkhausen,1.0,opsd_exact,51.22475,7.99281,Sonstiges,roenkhausen,roenkhausen,single,exact,1.0,True,Pumpspeicherwerk Rönkhausen,51.22475,7.99281,sonstiges,fuzzy,0.952,True,Pumpspeicherwerk Ronkhausen Psw,51.227233,7.971745,sonstiges,138.0,1,none,,,,,,none,,,,,,none,,,,,none,,,,,13,2021-2026
PV_A44_BEDBURG_WEST1,0.0,unresolved,,,Erneuerbar,a44 bedburg west1,a44 bedburg west1,single,none,,,,,,,none,,,,,,,,0,none,,,,,PV-Freiflächenanlage:no_titles,none,,,,,,none,,,,,none,,,,,1,2021-2026
PV_A44_JUECHEN_MITTE_OST1,0.0,unresolved,,,Erneuerbar,a44 juechen mitte ost1,a44 juechen mitte ost1,single,none,,,,,,,none,,,,,,,,0,none,,,,,PV-Freiflächenanlage:no_titles,none,,,,,,none,,,,,none,,,,,1,2021-2026
PV_A44_JUECHEN_MITTE_WE_1,0.0,unresolved,,,Erneuerbar,a44 juechen mitte we,a44 juechen mitte we,single,none,,,,,,,none,,,,,,,,0,none,,,,,PV-Freiflächenanlage:no_titles,none,,,,,,none,,,,,none,,,,,1,2021-2026
PV_A44_JUECHEN_MITTE_WE_2,0.0,unresolved,,,Erneuerbar,a44 juechen mitte we,a44 juechen mitte we,single,none,,,,,,,none,,,,,,,,0,none,,,,,PV-Freiflächenanlage:no_titles,none,,,,,,none,,,,,none,,,,,1,2021-2026
PV_A44_JUECHEN_NORD_OST_1,0.0,unresolved,,,Erneuerbar,a44 juechen nord ost,a44 juechen nord ost,single,none,,,,,,,none,,,,,,,,0,none,,,,,PV-Freiflächenanlage:no_titles,none,,,,,,none,,,,,none,,,,,1,2021-2026
PV_AGRI_BEDBURG,0.734,psa_fuzzy,51.037807,6.48904,Erneuerbar,agri bedburg,agri bedburg,single,none,,,,,,,fuzzy,0.917,True,Agri Pv Bedburg,51.037807,6.48904,erneuerbar,2.8,1,none,,,,,PV-Freiflächenanlage:no_titles,none,,,,,,match,Bedburg,Nordrhein-Westfalen,50.9926,6.5713,none,,,,,1,2021-2026
PV_BEDBURG_A,0.95,psa_exact,51.035065,6.511557,Erneuerbar,bedburg,bedburg,single,none,,,,,,,exact,1.0,True,Windpark Bedburg,51.035065,6.511557,erneuerbar,5.7,1,none,,,,,,none,,,,,,none,,,,,none,,,,,1,2021-2026
PV_HAMBACH_I4,0.85,wikipedia,49.33638889,8.13083333,Erneuerbar,hambach i4,hambach i4,single,none,,,,,,,none,,,,,,,,0,match,Hambach an der Weinstraße,49.33638889,8.13083333,https://de.wikipedia.org/wiki/Hambach_an_der_Weinstraße,Photovoltaikanlage:accepted,none,,,,,,match,Hambach,Rheinland-Pfalz,50.4,7.9833,none,,,,,1,2021-2026
PV_HAMBACH_I4_EXT,0.5,gazetteer,50.4,7.9833,Erneuerbar,hambach i4 ext,hambach i4 ext,single,none,,,,,,,none,,,,,,,,0,none,,,,,PV-Freiflächenanlage:no_titles,none,,,,,,match,Hambach,Rheinland-Pfalz,50.4,7.9833,none,,,,,1,2021-2026
PV_HAMBACH_NIEDERZIER,0.85,wikipedia,50.9,6.45,Erneuerbar,hambach niederzier,hambach niederzier,single,none,,,,,,,none,,,,,,,,0,match,Hambach (Niederzier),50.9,6.45,https://de.wikipedia.org/wiki/Hambach_(Niederzier),Solarpark:accepted,none,,,,,,match,Hambach,Rheinland-Pfalz,50.4,7.9833,none,,,,,1,2021-2026
Plattling GT,1.0,opsd_exact,48.78742,12.88246,Konventionell,plattling,plattling,single,exact,1.0,True,Kraftwerk Plattling,48.78742,12.88246,konventionell,exact,1.0,True,Plattling,48.800832,12.868396,konventionell,117.235,1,none,,,,,,none,,,,,,none,,,,,none,,,,,1,2021-2026
Pumpspeicherwerk Glems,1.0,opsd_exact,48.50499,9.28692,Sonstiges,glems,glems,single,exact,1.0,True,Pumpspeicherkraftwerk Glems,48.50499,9.28692,sonstiges,exact,1.0,True,Psw Glems,48.50519,9.28726,sonstiges,90.0,1,none,,,,,,none,,,,,,none,,,,,none,,,,,31,2013-2020; 2021-2026
Pumpspeicherwerk Schluchseegruppe Häusern/Waldshut/Witznau RZ TNG,0.0,unresolved,,,Sonstiges,schluchseegruppe haeusern waldshut witznau rz tng,schluchseegruppe haeusern waldshut witznau rz tng,single,none,,,,,,,none,,,,,,,,0,none,,,,,Kraftwerk:no_titles,none,,,,,,none,,,,,none,,,,,31,2013-2020; 2021-2026
Pumpspeicherwerk Schluchseegruppe RZ TNG,0.0,unresolved,,,Sonstiges,schluchseegruppe rz tng,schluchseegruppe rz tng,single,none,,,,,,,none,,,,,,,,0,none,,,,,Kraftwerk:no_titles,none,,,,,,none,,,,,none,,,,,33,2013-2020
Pumpspeicherwerk Säckingen RZ TNG,0.4,nominatim,47.5527459,7.9410556,Sonstiges,saeckingen rz tng,saeckingen rz tng,single,none,,,,,,,none,,,,,,,,0,none,,,,,Kraftwerk:no_titles,none,,,,,,nominatim,Säckingen Rz Tng,Baden-Württemberg,47.5527459,7.9410556,none,,,,,30,2013-2020; 2021-2026
Pumpspeicherwerk Wehr RZ TNG,0.5,gazetteer,50.4167,7.2167,Sonstiges,wehr rz tng,wehr rz tng,single,none,,,,,,,none,,,,,,,,0,none,,,,,Kraftwerk:no_titles,none,,,,,,match,Wehr,Rheinland-Pfalz,50.4167,7.2167,none,,,,,44,2013-2020; 2021-2026
RDK & Heilbronn,0.5,gazetteer,49.14191666666667,9.205183333333332,Konventionell,rdk heilbronn,rdk heilbronn,single,none,,,,,,,none,,,,,,,,0,none,,,,,Kraftwerk:no_titles,none,,,,,,match,Heilbronn,Baden-Württemberg,49.14191666666667,9.205183333333332,none,,,,,1,2013-2020
ROENKHAUSEN_PSW1,1.0,opsd_exact,51.22475,7.99281,Sonstiges,roenkhausen,roenkhausen,single,exact,1.0,True,Pumpspeicherwerk Rönkhausen,51.22475,7.99281,sonstiges,fuzzy,0.952,True,Pumpspeicherwerk Ronkhausen Psw,51.227233,7.971745,sonstiges,138.0,1,none,,,,,,none,,,,,,none,,,,,none,,,,,1,2021-2026
ROENKHAUSEN_PSW2,1.0,opsd_exact,51.22475,7.99281,Sonstiges,roenkhausen,roenkhausen,single,exact,1.0,True,Pumpspeicherwerk Rönkhausen,51.22475,7.99281,sonstiges,fuzzy,0.952,True,Pumpspeicherwerk Ronkhausen Psw,51.227233,7.971745,sonstiges,138.0,1,none,,,,,,none,,,,,,none,,,,,none,,,,,1,2021-2026
Redispatch BK,0.0,unresolved,,,Sonstiges,redispatch bk,redispatch bk,single,none,,,,,,,none,,,,,,,,0,none,,,,,Kraftwerk:no_titles,none,,,,,,none,,,,,none,,,,,42,2013-2020
Redispatch DE<>CH: Vertrag ID,0.0,unresolved,,,Sonstiges,redispatch dech vertrag id,redispatch dech vertrag id,single,none,,,,,,,none,,,,,,,,0,none,,,,,Kraftwerk:no_titles,none,,,,,,none,,,,,none,,,,,17,2013-2020
Reisach,0.85,wikipedia,47.66450833,12.175825,Sonstiges,reisach,reisach,single,none,,,,,,,none,,,,,,,,0,match,Kloster Reisach,47.66450833,12.175825,https://de.wikipedia.org/wiki/Kloster_Reisach,Pumpspeicherkraftwerk:accepted,none,,,,,,none,,,,,none,,,,,10,2013-2020; 2021-2026
Reisach 1,0.85,wikipedia,47.66450833,12.175825,Sonstiges,reisach,reisach,single,none,,,,,,,none,,,,,,,,0,match,Kloster Reisach,47.66450833,12.175825,https://de.wikipedia.org/wiki/Kloster_Reisach,Pumpspeicherkraftwerk:accepted,none,,,,,,none,,,,,none,,,,,29,2013-2020; 2021-2026
Reisach 2,0.85,wikipedia,47.66450833,12.175825,Sonstiges,reisach,reisach,single,none,,,,,,,none,,,,,,,,0,match,Kloster Reisach,47.66450833,12.175825,https://de.wikipedia.org/wiki/Kloster_Reisach,Pumpspeicherkraftwerk:accepted,none,,,,,,none,,,,,none,,,,,34,2013-2020; 2021-2026
Reisach 3,0.85,wikipedia,47.66450833,12.175825,Sonstiges,reisach,reisach,single,none,,,,,,,none,,,,,,,,0,match,Kloster Reisach,47.66450833,12.175825,https://de.wikipedia.org/wiki/Kloster_Reisach,Pumpspeicherkraftwerk:accepted,none,,,,,,none,,,,,none,,,,,22,2013-2020; 2021-2026
ReserveKW Heyden,0.0,unresolved,,,Konventionell,reservekw heyden,reservekw heyden,single,none,,,,,,,none,,,,,,,,0,none,,,,,Kraftwerk:no_titles,none,,,,,,none,,,,,none,,,,,335,2021-2026
ReserveKW Ingolstadt 3,0.5,gazetteer,48.75808,11.42408,Konventionell,reservekw ingolstadt,reservekw ingolstadt,single,none,,,,,,,none,,,,,,,,0,none,,,,,Kraftwerk:no_titles,none,,,,,,match,Ingolstadt,Bayern,48.75808,11.42408,none,,,,,64,2013-2020; 2021-2026
ReserveKW Ingolstadt 4,0.5,gazetteer,48.75808,11.42408,Konventionell,reservekw ingolstadt,reservekw ingolstadt,single,none,,,,,,,none,,,,,,,,0,none,,,,,Kraftwerk:no_titles,none,,,,,,match,Ingolstadt,Bayern,48.75808,11.42408,none,,,,,69,2021-2026
ReserveKW Irsching 3,0.0,unresolved,,,Konventionell,reservekw irsching,reservekw irsching,single,none,,,,,,,none,,,,,,,,0,none,,,,,Kraftwerk:no_titles,none,,,,,,none,,,,,none,,,,,15,2013-2020; 2021-2026
ReserveKW Irsching 4,0.0,unresolved,,,Konventionell,reservekw irsching,reservekw irsching,single,none,,,,,,,none,,,,,,,,0,none,,,,,Kraftwerk:no_titles,none,,,,,,none,,,,,none,,,,,8,2013-2020
ReserveKW Irsching 5,0.0,unresolved,,,Konventionell,reservekw irsching,reservekw irsching,single,none,,,,,,,none,,,,,,,,0,none,,,,,Kraftwerk:no_titles,none,,,,,,none,,,,,none,,,,,9,2013-2020
ReserveKW Plattling,0.5,gazetteer,48.7787,12.8751,Konventionell,reservekw plattling,reservekw plattling,single,none,,,,,,,none,,,,,,,,0,none,,,,,Kraftwerk:no_titles,none,,,,,,match,Plattling,Bayern,48.7787,12.8751,none,,,,,3,2021-2026
ReserveKW Staudinger 4,0.0,unresolved,,,Konventionell,reservekw staudinger,reservekw staudinger,single,none,,,,,,,none,,,,,,,,0,none,,,,,Kraftwerk:no_titles,none,,,,,,none,,,,,none,,,,,189,2013-2020; 2021-2026
ReserveKW Staudinger 5,0.0,unresolved,,,Konventionell,reservekw staudinger,reservekw staudinger,single,none,,,,,,,none,,,,,,,,0,none,,,,,Kraftwerk:no_titles,none,,,,,,none,,,,,none,,,,,204,2021-2026
ReserveKW Zolling 5,0.5,gazetteer,48.45,11.7667,Konventionell,reservekw zolling,reservekw zolling,single,none,,,,,,,none,,,,,,,,0,none,,,,,Kraftwerk:no_titles,none,,,,,,match,Zolling,Bayern,48.45,11.7667,none,,,,,55,2021-2026
Reservekraftwerk Altbach/Deizisau Block 1,1.0,opsd_exact,48.717611,9.374917,Konventionell,altbach deizisau,altbach deizisau,single,exact,1.0,True,Heizkraftwerk Altbach/Deizisau,48.717611,9.374917,konventionell,exact,1.0,True,Altbach Deizisau,48.718902,9.3713815,konventionell,756.0,1,none,,,,,,none,,,,,,none,,,,,none,,,,,502,2013-2020; 2021-2026
Reservekraftwerk Heilbronn,1.0,opsd_exact,49.177334,9.206318,Konventionell,heilbronn,heilbronn,single,exact,1.0,True,Heizkraftwerk Heilbronn,49.177334,9.206318,konventionell,exact,1.0,True,Heilbronn,49.17505666666667,9.207873333333334,konventionell,1028.0,1,none,,,,,,none,,,,,,none,,,,,none,,,,,13,2013-2020
Reservekraftwerk Heilbronn Block 5,1.0,opsd_exact,49.177334,9.206318,Konventionell,heilbronn,heilbronn,single,exact,1.0,True,Heizkraftwerk Heilbronn,49.177334,9.206318,konventionell,exact,1.0,True,Heilbronn,49.17505666666667,9.207873333333334,konventionell,1028.0,1,none,,,,,,none,,,,,,none,,,,,none,,,,,237,2013-2020; 2021-2026
Reservekraftwerk Heilbronn Block 6,1.0,opsd_exact,49.177334,9.206318,Konventionell,heilbronn,heilbronn,single,exact,1.0,True,Heizkraftwerk Heilbronn,49.177334,9.206318,konventionell,exact,1.0,True,Heilbronn,49.17505666666667,9.207873333333334,konventionell,1028.0,1,none,,,,,,none,,,,,,none,,,,,none,,,,,250,2013-2020; 2021-2026
Reservekraftwerk Heilbronn Block 7,1.0,opsd_exact,49.177334,9.206318,Konventionell,heilbronn,heilbronn,single,exact,1.0,True,Heizkraftwerk Heilbronn,49.177334,9.206318,konventionell,exact,1.0,True,Heilbronn,49.17505666666667,9.207873333333334,konventionell,1028.0,1,none,,,,,,none,,,,,,none,,,,,none,,,,,26,2021-2026
Reservekraftwerk Heizkraftwerk Altbach/Deizisau Block 1,1.0,opsd_exact,48.717611,9.374917,Konventionell,altbach deizisau,altbach deizisau,single,exact,1.0,True,Heizkraftwerk Altbach/Deizisau,48.717611,9.374917,konventionell,exact,1.0,True,Altbach Deizisau,48.718902,9.3713815,konventionell,756.0,1,none,,,,,,none,,,,,,none,,,,,none,,,,,31,2013-2020
Reservekraftwerk Ingolstadt 3,0.95,psa_exact,48.761882,11.50246,Konventionell,ingolstadt,ingolstadt,single,exact,1.0,False,Ingolstadt,48.750317,11.412153,erneuerbar,exact,1.0,True,Ingolstadt,48.761882,11.50246,konventionell,720.0,1,none,,,,,,none,,,,,,none,,,,,none,,,,,51,2013-2020
Reservekraftwerk Ingolstadt 4,0.95,psa_exact,48.761882,11.50246,Konventionell,ingolstadt,ingolstadt,single,exact,1.0,False,Ingolstadt,48.750317,11.412153,erneuerbar,exact,1.0,True,Ingolstadt,48.761882,11.50246,konventionell,720.0,1,none,,,,,,none,,,,,,none,,,,,none,,,,,58,2013-2020
Reservekraftwerk Irsching 3,1.0,opsd_exact,48.76702,11.580033,Konventionell,irsching,irsching,single,exact,1.0,True,Gemeinschaftskraftwerk Irsching ,48.76702,11.580033,konventionell,exact,1.0,True,Irsching,48.767533,11.580019,konventionell,1722.0,1,none,,,,,,none,,,,,,none,,,,,none,,,,,54,2013-2020
Reservekraftwerk Irsching 4,1.0,opsd_exact,48.76702,11.580033,Konventionell,irsching,irsching,single,exact,1.0,True,Gemeinschaftskraftwerk Irsching ,48.76702,11.580033,konventionell,exact,1.0,True,Irsching,48.767533,11.580019,konventionell,1722.0,1,none,,,,,,none,,,,,,none,,,,,none,,,,,31,2013-2020
Reservekraftwerk Irsching 5,1.0,opsd_exact,48.76702,11.580033,Konventionell,irsching,irsching,single,exact,1.0,True,Gemeinschaftskraftwerk Irsching ,48.76702,11.580033,konventionell,exact,1.0,True,Irsching,48.767533,11.580019,konventionell,1722.0,1,none,,,,,,none,,,,,,none,,,,,none,,,,,93,2013-2020
Reservekraftwerk Mainz Wiesbaden Bl.2,0.5,gazetteer,49.992563636363634,8.248863636363637,Konventionell,mainz wiesbaden,mainz wiesbaden,single,none,,,,,,,none,,,,,,,,0,none,,,,,Kraftwerk:no_titles,none,,,,,,match,Mainz,Rheinland-Pfalz,49.992563636363634,8.248863636363637,none,,,,,1,2013-2020
Reservekraftwerk Marbach,0.95,psa_exact,48.9273875,9.231165,Konventionell,marbach,marbach,single,none,,,,,,,exact,1.0,True,Marbach,48.9273875,9.231165,konventionell,735.9,1,none,,,,,,none,,,,,,none,,,,,none,,,,,11,2013-2020
Reservekraftwerk Marbach DT 3,0.95,psa_exact,48.9273875,9.231165,Konventionell,marbach,marbach,single,none,,,,,,,exact,1.0,True,Marbach,48.9273875,9.231165,konventionell,735.9,1,none,,,,,,none,,,,,,none,,,,,none,,,,,120,2013-2020; 2021-2026
Reservekraftwerk Marbach GT 2,0.95,psa_exact,48.9273875,9.231165,Konventionell,marbach,marbach,single,none,,,,,,,exact,1.0,True,Marbach,48.9273875,9.231165,konventionell,735.9,1,none,,,,,,none,,,,,,none,,,,,none,,,,,61,2013-2020; 2021-2026
Reservekraftwerk Marbach GT 3,0.95,psa_exact,48.9273875,9.231165,Konventionell,marbach,marbach,single,none,,,,,,,exact,1.0,True,Marbach,48.9273875,9.231165,konventionell,735.9,1,none,,,,,,none,,,,,,none,,,,,none,,,,,182,2013-2020; 2021-2026
Reservekraftwerk Rheinhafen-Dampfkraftwerk Karlsruhe Block 4,0.5,gazetteer,49.006114285714276,8.396978571428573,Konventionell,rheinhafen karlsruhe,rheinhafen karlsruhe,single,none,,,,,,,none,,,,,,,,0,none,,,,,Kraftwerk:no_titles,none,,,,,,match,Karlsruhe,Baden-Württemberg,49.006114285714276,8.396978571428573,none,,,,,532,2013-2020; 2021-2026
Reservekraftwerk Rheinhafen-Dampfkraftwerk Karlsruhe Block 7,0.5,gazetteer,49.006114285714276,8.396978571428573,Konventionell,rheinhafen karlsruhe,rheinhafen karlsruhe,single,none,,,,,,,none,,,,,,,,0,none,,,,,Kraftwerk:no_titles,none,,,,,,match,Karlsruhe,Baden-Württemberg,49.006114285714276,8.396978571428573,none,,,,,191,2021-2026
Reservekraftwerk Staudinger 4,1.0,opsd_exact,50.088553000000005,8.953399000000001,Konventionell,staudinger,staudinger,single,exact,1.0,True,Staudinger,50.088553000000005,8.953399000000001,konventionell,exact,1.0,True,Staudinger,50.088056,8.952222,konventionell,522.0,1,none,,,,,,none,,,,,,none,,,,,none,,,,,207,2013-2020
Reservekraftwerk Walheim,1.0,opsd_exact,49.017472,9.157389,Konventionell,walheim,walheim,single,exact,1.0,True,Kraftwerk Walheim,49.017472,9.157389,konventionell,exact,1.0,True,Walheim,49.01598,9.15943,konventionell,136.0,1,none,,,,,,none,,,,,,none,,,,,none,,,,,33,2013-2020
Reservekraftwerk Walheim Block 1,1.0,opsd_exact,49.017472,9.157389,Konventionell,walheim,walheim,single,exact,1.0,True,Kraftwerk Walheim,49.017472,9.157389,konventionell,exact,1.0,True,Walheim,49.01598,9.15943,konventionell,136.0,1,none,,,,,,none,,,,,,none,,,,,none,,,,,167,2013-2020; 2021-2026
Reservekraftwerk Walheim Block 2,1.0,opsd_exact,49.017472,9.157389,Konventionell,walheim,walheim,single,exact,1.0,True,Kraftwerk Walheim,49.017472,9.157389,konventionell,exact,1.0,True,Walheim,49.01598,9.15943,konventionell,136.0,1,none,,,,,,none,,,,,,none,,,,,none,,,,,259,2013-2020; 2021-2026
Reuter,1.0,opsd_exact,52.532146,13.246072,Konventionell,reuter,reuter,single,exact,1.0,True,Reuter,52.532146,13.246072,konventionell,exact,1.0,True,Reuter,52.531837,13.246424,konventionell,36.0,1,none,,,,,,none,,,,,,none,,,,,none,,,,,5,2013-2020
Reuter West (Standort),1.0,opsd_exact,52.53508792,13.24264526,Konventionell,reuter west,reuter west,single,exact,1.0,True,Reuter West,52.53508792,13.24264526,konventionell,exact,1.0,True,Reuter West,52.53207166666667,13.241943999999998,konventionell,688.0,1,none,,,,,,none,,,,,,none,,,,,none,,,,,5,2021-2026
Rheinhafen-Dampfkraftwerk Karlsruhe,0.5,gazetteer,49.006114285714276,8.396978571428573,Konventionell,rheinhafen karlsruhe,rheinhafen karlsruhe,single,none,,,,,,,none,,,,,,,,0,none,,,,,Kraftwerk:no_titles,none,,,,,,match,Karlsruhe,Baden-Württemberg,49.006114285714276,8.396978571428573,none,,,,,337,2013-2020
Rheinhafen-Dampfkraftwerk Karlsruhe Block 4,0.5,gazetteer,49.006114285714276,8.396978571428573,Konventionell,rheinhafen karlsruhe,rheinhafen karlsruhe,single,none,,,,,,,none,,,,,,,,0,none,,,,,Kraftwerk:no_titles,none,,,,,,match,Karlsruhe,Baden-Württemberg,49.006114285714276,8.396978571428573,none,,,,,9,2013-2020
Rheinhafen-Dampfkraftwerk Karlsruhe Block 7,0.5,gazetteer,49.006114285714276,8.396978571428573,Konventionell,rheinhafen karlsruhe,rheinhafen karlsruhe,single,none,,,,,,,none,,,,,,,,0,none,,,,,Kraftwerk:no_titles,none,,,,,,match,Karlsruhe,Baden-Württemberg,49.006114285714276,8.396978571428573,none,,,,,1560,2013-2020; 2021-2026
Rheinhafen-Dampfkraftwerk Karlsruhe Block 8,0.5,gazetteer,49.006114285714276,8.396978571428573,Konventionell,rheinhafen karlsruhe,rheinhafen karlsruhe,single,none,,,,,,,none,,,,,,,,0,none,,,,,Kraftwerk:no_titles,none,,,,,,match,Karlsruhe,Baden-Württemberg,49.006114285714276,8.396978571428573,none,,,,,2027,2013-2020; 2021-2026
Robert Frank 4 GT,0.95,psa_exact,52.54585,9.11363,Konventionell,robert frank,robert frank,single,none,,,,,,,exact,1.0,True,Robert Frank,52.54585,9.11363,konventionell,58.0,1,none,,,,,,none,,,,,,none,,,,,none,,,,,3,2013-2020
Robert Frank 4 GT (KapRes),0.95,psa_exact,52.54585,9.11363,Konventionell,robert frank,robert frank,single,none,,,,,,,exact,1.0,True,Robert Frank,52.54585,9.11363,konventionell,58.0,1,none,,,,,,none,,,,,,none,,,,,none,,,,,63,2021-2026
Rostock,0.55,opsd_city,54.14282177,12.13287489,Konventionell,rostock,rostock,single,city,1.0,True,KNG Kraftwerk Rostock,54.14282177,12.13287489,konventionell,none,,,,,,,,0,none,,,,,Kraftwerk:no_titles,none,,,,,,match,Rostock,Mecklenburg-Vorpommern,54.10598,12.111630000000002,none,,,,,894,2013-2020
Rostock Kohlekraftwerk,0.55,opsd_city,54.14282177,12.13287489,Konventionell,rostock,rostock,single,city,1.0,True,KNG Kraftwerk Rostock,54.14282177,12.13287489,konventionell,none,,,,,,,,0,none,,,,,Kraftwerk:no_titles,none,,,,,,match,Rostock,Mecklenburg-Vorpommern,54.10598,12.111630000000002,none,,,,,390,2013-2020; 2021-2026
Römerbrücke Heizkraftwerk,1.0,opsd_exact,49.223899,7.014899000000001,Konventionell,roemerbruecke,roemerbruecke,single,exact,1.0,True,HKW Römerbrücke,49.223899,7.014899000000001,konventionell,fuzzy,0.917,True,Gasmotorenkraftwerk Romerbrucke,49.223076,7.016974,konventionell,52.496,1,none,,,,,,none,,,,,,none,,,,,none,,,,,19,2013-2020
SCHOLVEN_B,1.0,opsd_exact,51.60236802,7.009894096,Konventionell,scholven,scholven,single,exact,1.0,True,Scholven,51.60236802,7.009894096,konventionell,exact,1.0,True,Scholven,51.60242,7.009876,konventionell,108.0,1,none,,,,,,none,,,,,,none,,,,,none,,,,,18,2013-2020; 2021-2026
SCHOLVEN_C,1.0,opsd_exact,51.60236802,7.009894096,Konventionell,scholven,scholven,single,exact,1.0,True,Scholven,51.60236802,7.009894096,konventionell,exact,1.0,True,Scholven,51.60242,7.009876,konventionell,108.0,1,none,,,,,,none,,,,,,none,,,,,none,,,,,6,2013-2020; 2021-2026
SHN Cluster Audorf Süd,0.654,psa_fuzzy_dir,51.363309,8.837303,Erneuerbar,audorf sued,audorf sued,cluster,none,,,,,,,none,,,,,,,,0,none,,,,,Solarpark:no_titles,none,,,,,,none,,,,,none,,,,,21,2021-2026
SHN Cluster Brunsbüttel,0.766,psa_fuzzy,53.925647,9.118544,Erneuerbar,brunsbuettel,brunsbuettel,cluster,exact,1.0,False,Brunsbüttel,53.89251924,9.201135635,konventionell,fuzzy,0.957,True,Wp Brunsbuttel,53.925647,9.118544,erneuerbar,3.3,1,none,,,,,Solarpark:no_titles,none,,,,,,match,Brunsbuettel,Schleswig-Holstein,53.895,9.1048,none,,,,,4,2021-2026
SHN Cluster Hamburg Nord,0.3,state_centroid_N,53.6525,10.030000000000001,Erneuerbar,hamburg nord,hamburg nord,cluster,none,,,,,,,none,,,,,,,,0,none,,,,,,none,,,,,,none,,,,,match,hamburg,N,53.6525,10.030000000000001,21,2021-2026
SHN Cluster Handewitt T411,0.5,gazetteer,54.7645,9.3153,Erneuerbar,handewitt t411,handewitt t411,cluster,none,,,,,,,none,,,,,,,,0,none,,,,,Solarpark:no_titles,none,,,,,,match,Handewitt,Schleswig-Holstein,54.7645,9.3153,none,,,,,28,2021-2026
SHN Cluster Handewitt T411 T413,0.5,gazetteer,54.7645,9.3153,Erneuerbar,handewitt t411 t413,handewitt t411 t413,cluster,none,,,,,,,none,,,,,,,,0,none,,,,,Solarpark:no_titles,none,,,,,,match,Handewitt,Schleswig-Holstein,54.7645,9.3153,none,,,,,3,2021-2026
SHN Cluster Handewitt T412 T413,0.5,gazetteer,54.7645,9.3153,Erneuerbar,handewitt t412 t413,handewitt t412 t413,cluster,none,,,,,,,none,,,,,,,,0,none,,,,,Solarpark:no_titles,none,,,,,,match,Handewitt,Schleswig-Holstein,54.7645,9.3153,none,,,,,56,2021-2026
SHN Cluster Handewitt T414 T415,0.5,gazetteer,54.7645,9.3153,Erneuerbar,handewitt t414 t415,handewitt t414 t415,cluster,none,,,,,,,none,,,,,,,,0,none,,,,,Solarpark:no_titles,none,,,,,,match,Handewitt,Schleswig-Holstein,54.7645,9.3153,none,,,,,239,2021-2026
SHN Cluster Heide West T411 T412,0.5,gazetteer,54.1958,9.0988,Erneuerbar,heide west t411 t412,heide west t411 t412,cluster,none,,,,,,,none,,,,,,,,0,none,,,,,Solarpark:no_titles,none,,,,,,match,Heide,Schleswig-Holstein,54.1958,9.0988,none,,,,,356,2021-2026
SHN Cluster Heide West T413,0.5,gazetteer,54.1958,9.0988,Erneuerbar,heide west t413,heide west t413,cluster,none,,,,,,,none,,,,,,,,0,none,,,,,Solarpark:no_titles,none,,,,,,match,Heide,Schleswig-Holstein,54.1958,9.0988,none,,,,,194,2021-2026
SHN Cluster Husum Nord,0.855,psa_exact_dir,54.459163,9.03579,Erneuerbar,husum nord,husum nord,cluster,none,,,,,,,none,,,,,,,,0,none,,,,,,none,,,,,,none,,,,,none,,,,,248,2021-2026
SHN Cluster Itzehoe West,0.5,gazetteer,53.921,9.5153,Erneuerbar,itzehoe west,itzehoe west,cluster,none,,,,,,,none,,,,,,,,0,none,,,,,Solarpark:no_titles,none,,,,,,match,Itzehoe,Schleswig-Holstein,53.921,9.5153,none,,,,,11,2021-2026
SHN Cluster Jardelund,0.95,psa_exact,54.852163,9.209976,Erneuerbar,jardelund,jardelund,cluster,none,,,,,,,exact,1.0,True,Wp Jardelund,54.852163,9.209976,erneuerbar,3.075,1,none,,,,,,none,,,,,,none,,,,,none,,,,,17,2021-2026
SHN Cluster Kiel Süd,0.5,gazetteer,54.3308,10.128788235294119,Erneuerbar,kiel sued,kiel sued,cluster,none,,,,,,,none,,,,,,,,0,none,,,,,Solarpark:no_titles,none,,,,,,match,Kiel,Schleswig-Holstein,54.3308,10.128788235294119,none,,,,,126,2021-2026
SHN Cluster Klixbüll,0.753,psa_fuzzy,54.818572,8.877825,Erneuerbar,klixbuell,klixbuell,cluster,none,,,,,,,fuzzy,0.941,True,Wp Klixbull,54.818572,8.877825,erneuerbar,3.6,1,none,,,,,Solarpark:no_titles,none,,,,,,match,Klixbuell,Schleswig-Holstein,54.8034,8.8957,none,,,,,231,2021-2026
SHN Cluster Krümmel,0.5,gazetteer,50.5372,7.7247,Erneuerbar,kruemmel,kruemmel,cluster,none,,,,,,,none,,,,,,,,0,none,,,,,Solarpark:no_titles,none,,,,,,match,Kruemmel,Rheinland-Pfalz,50.5372,7.7247,none,,,,,47,2021-2026
SHN Cluster Kummerfeld,0.5,gazetteer,53.6926,9.791,Erneuerbar,kummerfeld,kummerfeld,cluster,none,,,,,,,none,,,,,,,,0,none,,,,,Solarpark:no_titles,none,,,,,,match,Kummerfeld,Schleswig-Holstein,53.6926,9.791,none,,,,,42,2021-2026
SHN Cluster Lübeck,0.85,wikipedia,53.8677,10.68508,Erneuerbar,luebeck,luebeck,cluster,none,,,,,,,none,,,,,,,,0,match,Lübeck,53.8677,10.68508,https://de.wikipedia.org/wiki/Lübeck,Windpark:accepted,none,,,,,,match,Luebeck,Schleswig-Holstein,53.871,10.703275,none,,,,,54,2021-2026
SHN Cluster Schuby West,0.855,psa_exact_dir,54.521057,9.429227,Erneuerbar,schuby west,schuby west,cluster,none,,,,,,,none,,,,,,,,0,none,,,,,,none,,,,,,none,,,,,none,,,,,37,2021-2026
SHN Cluster Süderdonn T411,0.0,unresolved,,,Erneuerbar,suederdonn t411,suederdonn t411,cluster,none,,,,,,,none,,,,,,,,0,none,,,,,Solarpark:no_titles,none,,,,,,none,,,,,none,,,,,219,2021-2026
SHN Cluster Süderdonn T412 T413,0.0,unresolved,,,Erneuerbar,suederdonn t412 t413,suederdonn t412 t413,cluster,none,,,,,,,none,,,,,,,,0,none,,,,,Solarpark:no_titles,none,,,,,,none,,,,,none,,,,,236,2021-2026
SHN Cluster Wilster West,0.855,psa_exact_dir,53.916538,9.361797,Erneuerbar,wilster west,wilster west,cluster,none,,,,,,,none,,,,,,,,0,none,,,,,,none,,,,,,none,,,,,none,,,,,26,2021-2026
STUMMHAFEN_10,0.0,unresolved,,,Konventionell,stummhafen,stummhafen,single,none,,,,,,,none,,,,,,,,0,none,,,,,Kraftwerk:no_titles,none,,,,,,none,,,,,none,,,,,569,2013-2020; 2021-2026
SW Hannover KW-Pool,0.0,unresolved,,,Konventionell,sw hannover pool,sw hannover pool,site_pool,none,,,,,,,none,,,,,,,,0,none,,,,,Kraftwerk:no_titles,none,,,,,,none,,,,,none,,,,,3,2013-2020
SW München KW-Pool,0.0,unresolved,,,Sonstiges,sw muenchen pool,sw muenchen pool,site_pool,none,,,,,,,none,,,,,,,,0,none,,,,,Kraftwerk:no_titles,none,,,,,,none,,,,,none,,,,,492,2013-2020; 2021-2026
SWDU_HKW_3A,0.0,unresolved,,,Konventionell,swdu 3a,swdu 3a,single,none,,,,,,,none,,,,,,,,0,none,,,,,Kraftwerk:no_titles,none,,,,,,none,,,,,none,,,,,1,2021-2026
SWDU_HKW_3B,0.0,unresolved,,,Konventionell,swdu 3b,swdu 3b,single,none,,,,,,,none,,,,,,,,0,none,,,,,Kraftwerk:no_titles,none,,,,,,none,,,,,none,,,,,11,2021-2026
SWDU_HKW_3B_GT2,0.0,unresolved,,,Konventionell,swdu 3b,swdu 3b,single,none,,,,,,,none,,,,,,,,0,none,,,,,Kraftwerk:no_titles,none,,,,,,none,,,,,none,,,,,2,2021-2026
Schkopau,1.0,opsd_exact,51.39845463,11.9504201,Konventionell,schkopau,schkopau,single,exact,1.0,True,Schkopau,51.39845463,11.9504201,konventionell,exact,1.0,True,Schkopau,51.401111,11.950833,konventionell,900.0,1,none,,,,,,none,,,,,,none,,,,,none,,,,,2496,2013-2020; 2021-2026
Schkopau VE,0.5,gazetteer,51.4,12.0463,Konventionell,schkopau ve,schkopau ve,single,none,,,,,,,none,,,,,,,,0,none,,,,,Kraftwerk:no_titles,none,,,,,,match,Schkopau,Sachsen-Anhalt,51.4,12.0463,none,,,,,18,2013-2020; 2021-2026
Schluchsee,0.5,gazetteer,47.8167,8.1833,Sonstiges,schluchsee,schluchsee,single,none,,,,,,,none,,,,,,,,0,none,,,,,Kraftwerk:no_titles,none,,,,,,match,Schluchsee,Baden-Württemberg,47.8167,8.1833,none,,,,,9,2013-2020
Schluchseewerk AG,0.0,unresolved,,,Sonstiges,ag,ag,single,none,,,,,,,none,,,,,,,,0,none,,,,,Kraftwerk:no_titles,none,,,,,,none,,,,,none,,,,,42,2013-2020
Scholven,1.0,opsd_exact,51.60236802,7.009894096,Konventionell,scholven,scholven,single,exact,1.0,True,Scholven,51.60236802,7.009894096,konventionell,exact,1.0,True,Scholven,51.60242,7.009876,konventionell,108.0,1,none,,,,,,none,,,,,,none,,,,,none,,,,,279,2013-2020
Schwarze Pumpe,1.0,opsd_exact,51.53482028,14.35312271,Konventionell,schwarze pumpe,schwarze pumpe,single,exact,1.0,True,Schwarze Pumpe,51.53482028,14.35312271,konventionell,exact,1.0,True,Schwarze Pumpe,51.531359,14.348723,konventionell,1510.0,1,none,,,,,,none,,,,,,none,,,,,none,,,,,3230,2013-2020
Schwarze Pumpe (Standort),1.0,opsd_exact,51.53482028,14.35312271,Konventionell,schwarze pumpe,schwarze pumpe,single,exact,1.0,True,Schwarze Pumpe,51.53482028,14.35312271,konventionell,exact,1.0,True,Schwarze Pumpe,51.531359,14.348723,konventionell,1510.0,1,none,,,,,,none,,,,,,none,,,,,none,,,,,2210,2013-2020; 2021-2026
Silz 1 (EON),0.5,gazetteer,53.5195,12.44,Erneuerbar,silz,silz,single,exact,1.0,False,KW Silz,47.269606,10.967829,sonstiges,none,,,,,,,,0,none,,,,,Solarpark:no_titles,none,,,,,,match,Silz,Mecklenburg-Vorpommern,53.5195,12.44,none,,,,,1,2013-2020
Silz 1 (TIWAG),0.5,gazetteer,53.5195,12.44,Erneuerbar,silz,silz,single,exact,1.0,False,KW Silz,47.269606,10.967829,sonstiges,none,,,,,,,,0,none,,,,,Solarpark:no_titles,none,,,,,,match,Silz,Mecklenburg-Vorpommern,53.5195,12.44,none,,,,,5,2013-2020; 2021-2026
Silz 1 (Uniper),0.5,gazetteer,53.5195,12.44,Erneuerbar,silz,silz,single,exact,1.0,False,KW Silz,47.269606,10.967829,sonstiges,none,,,,,,,,0,none,,,,,Solarpark:no_titles,none,,,,,,match,Silz,Mecklenburg-Vorpommern,53.5195,12.44,none,,,,,27,2013-2020; 2021-2026
Silz 2 (TIWAG),0.5,gazetteer,53.5195,12.44,Erneuerbar,silz,silz,single,exact,1.0,False,KW Silz,47.269606,10.967829,sonstiges,none,,,,,,,,0,none,,,,,Solarpark:no_titles,none,,,,,,match,Silz,Mecklenburg-Vorpommern,53.5195,12.44,none,,,,,12,2013-2020; 2021-2026
Silz 2 (Uniper),0.5,gazetteer,53.5195,12.44,Erneuerbar,silz,silz,single,exact,1.0,False,KW Silz,47.269606,10.967829,sonstiges,none,,,,,,,,0,none,,,,,Solarpark:no_titles,none,,,,,,match,Silz,Mecklenburg-Vorpommern,53.5195,12.44,none,,,,,50,2013-2020; 2021-2026
Statkraft KW-Pool,0.0,unresolved,,,Konventionell,statkraft pool,statkraft pool,site_pool,none,,,,,,,none,,,,,,,,0,none,,,,,Kraftwerk:no_titles,none,,,,,,none,,,,,none,,,,,380,2013-2020
Staudinger 5,1.0,opsd_exact,50.088553000000005,8.953399000000001,Konventionell,staudinger,staudinger,single,exact,1.0,True,Staudinger,50.088553000000005,8.953399000000001,konventionell,exact,1.0,True,Staudinger,50.088056,8.952222,konventionell,522.0,1,none,,,,,,none,,,,,,none,,,,,none,,,,,2084,2013-2020; 2021-2026
Stummhafen,0.0,unresolved,,,Konventionell,stummhafen,stummhafen,single,none,,,,,,,none,,,,,,,,0,none,,,,,Kraftwerk:no_titles,none,,,,,,none,,,,,none,,,,,95,2013-2020
Stuttgart Umland Nord EE,0.5,gazetteer,48.76828,9.186139999999996,Erneuerbar,stuttgart umland nord ee,stuttgart umland nord ee,single,none,,,,,,,none,,,,,,,,0,none,,,,,Solarpark:no_titles,none,,,,,,match,Stuttgart,Baden-Württemberg,48.76828,9.186139999999996,none,,,,,1,2021-2026
Stuttgart Umland Ost EE,0.5,gazetteer,48.76828,9.186139999999996,Erneuerbar,stuttgart umland ost ee,stuttgart umland ost ee,single,none,,,,,,,none,,,,,,,,0,none,,,,,Solarpark:no_titles,none,,,,,,match,Stuttgart,Baden-Württemberg,48.76828,9.186139999999996,none,,,,,1,2021-2026
Stuttgart Umland Süd EE,0.5,gazetteer,48.76828,9.186139999999996,Erneuerbar,stuttgart umland sued ee,stuttgart umland sued ee,single,none,,,,,,,none,,,,,,,,0,none,,,,,Solarpark:no_titles,none,,,,,,match,Stuttgart,Baden-Württemberg,48.76828,9.186139999999996,none,,,,,1,2021-2026
TTG Cluster EE Bechterdissen T411,0.0,unresolved,,,Erneuerbar,bechterdissen t411,bechterdissen t411,cluster,none,,,,,,,none,,,,,,,,0,none,,,,,Solarpark:no_titles,none,,,,,,none,,,,,none,,,,,3,2021-2026
TTG Cluster EE Hannover Lahe,0.5,gazetteer,52.37646896551723,9.746341379310344,Erneuerbar,hannover lahe,hannover lahe,cluster,none,,,,,,,none,,,,,,,,0,none,,,,,Solarpark:no_titles,none,,,,,,match,Hannover,Niedersachsen,52.37646896551723,9.746341379310344,none,,,,,1,2021-2026
Tanzmühle,0.758,psa_fuzzy,49.552216,12.281256,Sonstiges,tanzmuehle,tanzmuehle,single,none,,,,,,,fuzzy,0.947,True,Tanzmuhle,49.552216,12.281256,sonstiges,35.0,1,none,,,,,Kraftwerk:no_titles,none,,,,,,none,,,,,none,,,,,8,2013-2020; 2021-2026
Thyrow A (KapRes),1.0,opsd_exact,52.23015,13.30195,Konventionell,thyrow,thyrow,single,exact,1.0,True,Thyrow,52.23015,13.30195,konventionell,exact,1.0,True,Gasturbinenkraftwerk Thyrow,52.230249,13.302107,konventionell,186.756,1,none,,,,,,none,,,,,,none,,,,,none,,,,,8,2013-2020; 2021-2026
Thyrow A (SysRel),1.0,opsd_exact,52.23015,13.30195,Konventionell,thyrow,thyrow,single,exact,1.0,True,Thyrow,52.23015,13.30195,konventionell,exact,1.0,True,Gasturbinenkraftwerk Thyrow,52.230249,13.302107,konventionell,186.756,1,none,,,,,,none,,,,,,none,,,,,none,,,,,13,2021-2026
Thyrow B (KapRes),1.0,opsd_exact,52.23015,13.30195,Konventionell,thyrow,thyrow,single,exact,1.0,True,Thyrow,52.23015,13.30195,konventionell,exact,1.0,True,Gasturbinenkraftwerk Thyrow,52.230249,13.302107,konventionell,186.756,1,none,,,,,,none,,,,,,none,,,,,none,,,,,9,2013-2020; 2021-2026
Thyrow B (SysRel),1.0,opsd_exact,52.23015,13.30195,Konventionell,thyrow,thyrow,single,exact,1.0,True,Thyrow,52.23015,13.30195,konventionell,exact,1.0,True,Gasturbinenkraftwerk Thyrow,52.230249,13.302107,konventionell,186.756,1,none,,,,,,none,,,,,,none,,,,,none,,,,,12,2021-2026
Thyrow C (KapRes),1.0,opsd_exact,52.23015,13.30195,Konventionell,thyrow,thyrow,single,exact,1.0,True,Thyrow,52.23015,13.30195,konventionell,exact,1.0,True,Gasturbinenkraftwerk Thyrow,52.230249,13.302107,konventionell,186.756,1,none,,,,,,none,,,,,,none,,,,,none,,,,,10,2013-2020; 2021-2026
Thyrow C (SysRel),1.0,opsd_exact,52.23015,13.30195,Konventionell,thyrow,thyrow,single,exact,1.0,True,Thyrow,52.23015,13.30195,konventionell,exact,1.0,True,Gasturbinenkraftwerk Thyrow,52.230249,13.302107,konventionell,186.756,1,none,,,,,,none,,,,,,none,,,,,none,,,,,14,2021-2026
Thyrow D (KapRes),1.0,opsd_exact,52.23015,13.30195,Konventionell,thyrow,thyrow,single,exact,1.0,True,Thyrow,52.23015,13.30195,konventionell,exact,1.0,True,Gasturbinenkraftwerk Thyrow,52.230249,13.302107,konventionell,186.756,1,none,,,,,,none,,,,,,none,,,,,none,,,,,10,2013-2020; 2021-2026
Thyrow D (SysRel),1.0,opsd_exact,52.23015,13.30195,Konventionell,thyrow,thyrow,single,exact,1.0,True,Thyrow,52.23015,13.30195,konventionell,exact,1.0,True,Gasturbinenkraftwerk Thyrow,52.230249,13.302107,konventionell,186.756,1,none,,,,,,none,,,,,,none,,,,,none,,,,,14,2021-2026
Thyrow E (KapRes),1.0,opsd_exact,52.23015,13.30195,Konventionell,thyrow,thyrow,single,exact,1.0,True,Thyrow,52.23015,13.30195,konventionell,exact,1.0,True,Gasturbinenkraftwerk Thyrow,52.230249,13.302107,konventionell,186.756,1,none,,,,,,none,,,,,,none,,,,,none,,,,,9,2013-2020; 2021-2026
Thyrow E (SysRel),1.0,opsd_exact,52.23015,13.30195,Konventionell,thyrow,thyrow,single,exact,1.0,True,Thyrow,52.23015,13.30195,konventionell,exact,1.0,True,Gasturbinenkraftwerk Thyrow,52.230249,13.302107,konventionell,186.756,1,none,,,,,,none,,,,,,none,,,,,none,,,,,14,2021-2026
TransnetBW,0.0,unresolved,,,Sonstiges,,,single,none,,,,,,,none,,,,,,,,0,none,,,,,Kraftwerk:empty_tokens,none,,,,,,none,,,,,none,,,,,3,2013-2020
UPM Schongau HKW3,0.0,unresolved,,,Konventionell,upm schongau hkw3,upm schongau hkw3,single,none,,,,,,,none,,,,,,,,0,none,,,,,Kraftwerk:no_titles,none,,,,,,none,,,,,none,,,,,38,2021-2026
UPMSchongau,0.95,psa_exact,47.808151,10.902341,Konventionell,upmschongau,upmschongau,single,exact,1.0,False,UPM Schongau,47.803187,10.904254,erneuerbar,exact,1.0,True,Upm Schongau,47.808151,10.902341,konventionell,83.09800000000001,1,none,,,,,,none,,,,,,none,,,,,none,,,,,8,2013-2020; 2021-2026
UW Büttel,0.738,psa_fuzzy,53.910965,9.229799,Erneuerbar,buettel,buettel,single,none,,,,,,,fuzzy,0.923,True,Buttel,53.910965,9.229799,erneuerbar,5.0,1,none,,,,,Solarpark:no_titles,none,,,,,,match,Buettel,Schleswig-Holstein,53.9,9.2333,none,,,,,550,2021-2026
UW Diele,0.4,nominatim,53.1201491,7.3117171,Erneuerbar,diele,diele,single,none,,,,,,,none,,,,,,,,0,none,,,,,Solarpark:no_titles,none,,,,,,nominatim,Diele,Niedersachsen,53.1201491,7.3117171,none,,,,,200,2021-2026
UW Dörpen-West,0.664,psa_fuzzy_dir,52.97785,7.420967,Erneuerbar,doerpen west,doerpen west,single,none,,,,,,,none,,,,,,,,0,none,,,,,Solarpark:no_titles,none,,,,,,match,Doerpen,Niedersachsen,52.9647,7.3227,none,,,,,375,2021-2026
UW Emden-Ost,0.855,psa_exact_dir,53.384675,7.21097,Erneuerbar,emden ost,emden ost,single,none,,,,,,,none,,,,,,,,0,none,,,,,,none,,,,,,none,,,,,none,,,,,140,2021-2026
UW Garrel-Ost alpha,0.5,gazetteer,52.95,8.0167,Erneuerbar,garrel ost alpha,garrel ost alpha,single,none,,,,,,,none,,,,,,,,0,none,,,,,Solarpark:no_titles,none,,,,,,match,Garrel,Niedersachsen,52.95,8.0167,none,,,,,8,2021-2026
UW Höpfingen,0.5,gazetteer,49.6025,9.4286,Erneuerbar,hoepfingen,hoepfingen,single,none,,,,,,,none,,,,,,,,0,none,,,,,Solarpark:no_titles,none,,,,,,match,Hoepfingen,Baden-Württemberg,49.6025,9.4286,none,,,,,7,2021-2026
VE-G KW Pool,0.0,skipped_grid_area_unresolvable,,,Konventionell,ve pool,ve pool,grid_area,none,,,,,,,none,,,,,,,,0,none,,,,,,none,,,,,,none,,,,,none,,,,,1,2013-2020
VIANDEN_1,1.0,opsd_exact,49.9522709,6.178345597000001,Sonstiges,vianden,vianden,single,exact,1.0,True,PSW Vianden,49.9522709,6.178345597000001,sonstiges,exact,1.0,True,Vianden,49.9395,6.1825,sonstiges,1294.0,1,none,,,,,,none,,,,,,none,,,,,none,,,,,2,2021-2026
VIANDEN_10,1.0,opsd_exact,49.9522709,6.178345597000001,Sonstiges,vianden,vianden,single,exact,1.0,True,PSW Vianden,49.9522709,6.178345597000001,sonstiges,exact,1.0,True,Vianden,49.9395,6.1825,sonstiges,1294.0,1,none,,,,,,none,,,,,,none,,,,,none,,,,,2,2013-2020
VIANDEN_11,1.0,opsd_exact,49.9522709,6.178345597000001,Sonstiges,vianden,vianden,single,exact,1.0,True,PSW Vianden,49.9522709,6.178345597000001,sonstiges,exact,1.0,True,Vianden,49.9395,6.1825,sonstiges,1294.0,1,none,,,,,,none,,,,,,none,,,,,none,,,,,3,2013-2020; 2021-2026
VIANDEN_3,1.0,opsd_exact,49.9522709,6.178345597000001,Sonstiges,vianden,vianden,single,exact,1.0,True,PSW Vianden,49.9522709,6.178345597000001,sonstiges,exact,1.0,True,Vianden,49.9395,6.1825,sonstiges,1294.0,1,none,,,,,,none,,,,,,none,,,,,none,,,,,1,2021-2026
VIANDEN_4,1.0,opsd_exact,49.9522709,6.178345597000001,Sonstiges,vianden,vianden,single,exact,1.0,True,PSW Vianden,49.9522709,6.178345597000001,sonstiges,exact,1.0,True,Vianden,49.9395,6.1825,sonstiges,1294.0,1,none,,,,,,none,,,,,,none,,,,,none,,,,,1,2021-2026
VOELKLINGEN_HKV,0.5,gazetteer,49.2516,6.8587,Konventionell,voelklingen hkv,voelklingen hkv,single,none,,,,,,,none,,,,,,,,0,none,,,,,Kraftwerk:no_titles,none,,,,,,match,Voelklingen,Saarland,49.2516,6.8587,none,,,,,94,2013-2020; 2021-2026
VOELKLINGEN_MKV,0.5,gazetteer,49.2516,6.8587,Konventionell,voelklingen mkv,voelklingen mkv,single,none,,,,,,,none,,,,,,,,0,none,,,,,Kraftwerk:no_titles,none,,,,,,match,Voelklingen,Saarland,49.2516,6.8587,none,,,,,40,2013-2020; 2021-2026
Vianden,1.0,opsd_exact,49.9522709,6.178345597000001,Sonstiges,vianden,vianden,single,exact,1.0,True,PSW Vianden,49.9522709,6.178345597000001,sonstiges,exact,1.0,True,Vianden,49.9395,6.1825,sonstiges,1294.0,1,none,,,,,,none,,,,,,none,,,,,none,,,,,30,2013-2020
Vianden M1-M4,0.0,unresolved,,,Sonstiges,vianden m1 m4,vianden m1 m4,single,none,,,,,,,none,,,,,,,,0,none,,,,,Kraftwerk:no_titles,none,,,,,,none,,,,,none,,,,,1,2021-2026
Vianden M5-M9,0.0,unresolved,,,Sonstiges,vianden m5 m9,vianden m5 m9,single,none,,,,,,,none,,,,,,,,0,none,,,,,Kraftwerk:no_titles,none,,,,,,none,,,,,none,,,,,1,2021-2026
VoelklingenGT,0.0,unresolved,,,Konventionell,voelklingengt,voelklingengt,single,none,,,,,,,none,,,,,,,,0,none,,,,,Kraftwerk:no_titles,none,,,,,,none,,,,,none,,,,,5,2021-2026
Voerde,1.0,opsd_exact,51.576475,6.689428,Konventionell,voerde,voerde,single,exact,1.0,True,KW Voerde,51.576475,6.689428,konventionell,exact,1.0,True,Voerde,51.578182,6.683641,konventionell,2234.0,1,none,,,,,,none,,,,,,none,,,,,none,,,,,43,2013-2020
Vorarlberger Illwerke AG,1.0,opsd_exact,47.073096,9.873709,Sonstiges,vorarlberger illwerke ag,vorarlberger illwerke ag,single,exact,1.0,True,"Vorarlberger Illwerke AG ""Rellswerk""",47.073096,9.873709,sonstiges,none,,,,,,,,0,none,,,,,,none,,,,,,none,,,,,none,,,,,2787,2013-2020
Vorarlberger Ilwerke,0.85,wikipedia,47.488,9.73622222,Sonstiges,vorarlberger ilwerke,vorarlberger ilwerke,single,fuzzy,0.927,True,"Vorarlberger Illwerke AG ""Rellswerk""",47.073096,9.873709,sonstiges,none,,,,,,,,0,match,Vorarlberger Illwerke,47.488,9.73622222,https://de.wikipedia.org/wiki/Vorarlberger_Illwerke,Pumpspeicherkraftwerk:accepted,none,,,,,,none,,,,,none,,,,,2882,2013-2020; 2021-2026
Völklingen,0.85,wikipedia,49.25298,6.85666,Konventionell,voelklingen,voelklingen,single,none,,,,,,,none,,,,,,,,0,match,Völklingen,49.25298,6.85666,https://de.wikipedia.org/wiki/Völklingen,Kraftwerk:accepted,none,,,,,,none,,,,,none,,,,,23,2013-2020
Völklingen HKV,0.5,gazetteer,49.2516,6.8587,Konventionell,voelklingen hkv,voelklingen hkv,single,none,,,,,,,none,,,,,,,,0,none,,,,,Kraftwerk:no_titles,none,,,,,,match,Voelklingen,Saarland,49.2516,6.8587,none,,,,,127,2013-2020
Völklingen MKV,0.5,gazetteer,49.2516,6.8587,Konventionell,voelklingen mkv,voelklingen mkv,single,none,,,,,,,none,,,,,,,,0,none,,,,,Kraftwerk:no_titles,none,,,,,,match,Voelklingen,Saarland,49.2516,6.8587,none,,,,,84,2013-2020
WALSUM_10,1.0,opsd_exact,51.528611,6.711944,Konventionell,walsum,walsum,single,exact,1.0,True,KW Walsum,51.528611,6.711944,konventionell,exact,1.0,True,Walsum,51.5274965,6.7131585000000005,konventionell,1095.0,1,none,,,,,,none,,,,,,none,,,,,none,,,,,435,2013-2020; 2021-2026
WALSUM_9,1.0,opsd_exact,51.528611,6.711944,Konventionell,walsum,walsum,single,exact,1.0,True,KW Walsum,51.528611,6.711944,konventionell,exact,1.0,True,Walsum,51.5274965,6.7131585000000005,konventionell,1095.0,1,none,,,,,,none,,,,,,none,,,,,none,,,,,13,2013-2020
WEIHER_C,1.0,opsd_exact,49.33413028,7.031355927999999,Konventionell,weiher,weiher,single,exact,1.0,True,Weiher,49.33413028,7.031355927999999,konventionell,exact,1.0,True,Weiher,49.333966,7.028434,konventionell,655.6,1,none,,,,,,none,,,,,,none,,,,,none,,,,,25,2013-2020; 2021-2026
WEISWEILERVGT_H3,0.0,unresolved,,,Konventionell,weisweilervgt h3,weisweilervgt h3,single,none,,,,,,,none,,,,,,,,0,none,,,,,Kraftwerk:no_titles,none,,,,,,none,,,,,none,,,,,87,2013-2020; 2021-2026
WEISWEILER_E,1.0,opsd_exact,50.839167,6.321111,Konventionell,weisweiler,weisweiler,single,exact,1.0,True,Weisweiler,50.839167,6.321111,konventionell,exact,1.0,True,Weisweiler,50.840739,6.316214,konventionell,27.0,1,none,,,,,,none,,,,,,none,,,,,none,,,,,9,2013-2020; 2021-2026
WEISWEILER_F,1.0,opsd_exact,50.839167,6.321111,Konventionell,weisweiler,weisweiler,single,exact,1.0,True,Weisweiler,50.839167,6.321111,konventionell,exact,1.0,True,Weisweiler,50.840739,6.316214,konventionell,27.0,1,none,,,,,,none,,,,,,none,,,,,none,,,,,7,2013-2020; 2021-2026
WEISWEILER_F_110,1.0,opsd_exact,50.839167,6.321111,Konventionell,weisweiler,weisweiler,single,exact,1.0,True,Weisweiler,50.839167,6.321111,konventionell,exact,1.0,True,Weisweiler,50.840739,6.316214,konventionell,27.0,1,none,,,,,,none,,,,,,none,,,,,none,,,,,12,2021-2026
WEISWEILER_G,1.0,opsd_exact,50.839167,6.321111,Konventionell,weisweiler,weisweiler,single,exact,1.0,True,Weisweiler,50.839167,6.321111,konventionell,exact,1.0,True,Weisweiler,50.840739,6.316214,konventionell,27.0,1,none,,,,,,none,,,,,,none,,,,,none,,,,,539,2013-2020; 2021-2026
WEISWEILER_H,1.0,opsd_exact,50.839167,6.321111,Konventionell,weisweiler,weisweiler,single,exact,1.0,True,Weisweiler,50.839167,6.321111,konventionell,exact,1.0,True,Weisweiler,50.840739,6.316214,konventionell,27.0,1,none,,,,,,none,,,,,,none,,,,,none,,,,,444,2013-2020; 2021-2026
WEISWEILER_VGTG3,0.4,nominatim,50.8280995,6.3163491,Konventionell,weisweiler vgtg3,weisweiler vgtg3,single,none,,,,,,,none,,,,,,,,0,none,,,,,Kraftwerk:no_titles,none,,,,,,nominatim,Weisweiler Vgtg3,Nordrhein-Westfalen,50.8280995,6.3163491,none,,,,,93,2013-2020; 2021-2026
WESTFALEN_E,1.0,opsd_exact,51.680278,7.969722,Konventionell,westfalen,westfalen,single,exact,1.0,True,Westfalen,51.680278,7.969722,konventionell,exact,1.0,True,Westfalen,51.682608,7.969927,konventionell,763.7,1,none,,,,,,none,,,,,,none,,,,,none,,,,,40,2013-2020; 2021-2026
WP Emsland,0.3,grid_area_region,52.9,7.4,Erneuerbar,emsland,emsland,single,exact,1.0,False,Emsland,52.481878,7.306658,konventionell,none,,,,,,,,0,none,,,,,Solarpark:no_titles,none,,,,,,none,,,,,none,,,,,103,2021-2026
WP Jardelund,0.95,psa_exact,54.852163,9.209976,Erneuerbar,jardelund,jardelund,single,none,,,,,,,exact,1.0,True,Wp Jardelund,54.852163,9.209976,erneuerbar,3.075,1,none,,,,,,none,,,,,,none,,,,,none,,,,,255,2021-2026
WP Kaskasi,0.95,psa_exact,54.491406,7.684766,Erneuerbar,kaskasi,kaskasi,single,none,,,,,,,exact,1.0,True,Owp Kaskasi,54.491406,7.684766,erneuerbar,9.0,1,none,,,,,,none,,,,,,none,,,,,none,,,,,2,2021-2026
WP Neudersum,0.95,psa_exact,52.978183,7.215472,Erneuerbar,neudersum,neudersum,single,none,,,,,,,exact,1.0,True,Windpark Neudersum,52.978183,7.215472,erneuerbar,1.8,1,none,,,,,,none,,,,,,none,,,,,none,,,,,1,2021-2026
WP Schafflund,0.5,gazetteer,54.7585,9.1833,Erneuerbar,schafflund,schafflund,single,none,,,,,,,none,,,,,,,,0,none,,,,,Solarpark:no_titles,none,,,,,,match,Schafflund,Schleswig-Holstein,54.7585,9.1833,none,,,,,61,2021-2026
WP Wilstermarsch,0.0,unresolved,,,Erneuerbar,wilstermarsch,wilstermarsch,single,none,,,,,,,none,,,,,,,,0,none,,,,,Solarpark:no_titles,none,,,,,,none,,,,,none,,,,,125,2021-2026
WP_BEDBURG,0.95,psa_exact,51.035065,6.511557,Erneuerbar,bedburg,bedburg,single,none,,,,,,,exact,1.0,True,Windpark Bedburg,51.035065,6.511557,erneuerbar,5.7,1,none,,,,,,none,,,,,,none,,,,,none,,,,,3,2021-2026
WP_BEDBURG A44N,0.5,gazetteer,50.9926,6.5713,Erneuerbar,bedburg a44n,bedburg a44n,single,none,,,,,,,none,,,,,,,,0,none,,,,,Solarpark:no_titles,none,,,,,,match,Bedburg,Nordrhein-Westfalen,50.9926,6.5713,none,,,,,8,2021-2026
WP_BERGHEIM-WIEDENFE,0.5,gazetteer,50.9412,6.6631,Erneuerbar,bergheim wiedenfe,bergheim wiedenfe,single,none,,,,,,,none,,,,,,,,0,none,,,,,Solarpark:no_titles,none,,,,,,match,Bergheim,Nordrhein-Westfalen,50.9412,6.6631,none,,,,,1,2021-2026
WP_GREVENBROICH,0.95,psa_exact,51.05505,6.545962,Erneuerbar,grevenbroich,grevenbroich,single,none,,,,,,,exact,1.0,True,Wp Grevenbroich,51.05505,6.545962,erneuerbar,5.7,1,none,,,,,,none,,,,,,none,,,,,none,,,,,1,2021-2026
WP_JUECHEN A44N,0.5,gazetteer,51.1,6.5,Erneuerbar,juechen a44n,juechen a44n,single,none,,,,,,,none,,,,,,,,0,none,,,,,Solarpark:no_titles,none,,,,,,match,Juechen,Nordrhein-Westfalen,51.1,6.5,none,,,,,8,2021-2026
WP_TITZ,0.95,psa_exact,50.973574,6.495748,Erneuerbar,titz,titz,single,none,,,,,,,exact,1.0,True,Wp Titz,50.973574,6.495748,erneuerbar,1.5,1,none,,,,,,none,,,,,,none,,,,,none,,,,,11,2021-2026
Walchensee 1,0.0,unresolved,,,Erneuerbar,walchensee,walchensee,single,exact,1.0,False,Walchensee,47.631354,11.337054,sonstiges,none,,,,,,,,0,none,,,,,Solarpark:no_titles,none,,,,,,none,,,,,none,,,,,1,2021-2026
Walchensee 2,0.0,unresolved,,,Erneuerbar,walchensee,walchensee,single,exact,1.0,False,Walchensee,47.631354,11.337054,sonstiges,none,,,,,,,,0,none,,,,,Solarpark:no_titles,none,,,,,,none,,,,,none,,,,,1,2021-2026
Walchensee 3,0.0,unresolved,,,Erneuerbar,walchensee,walchensee,single,exact,1.0,False,Walchensee,47.631354,11.337054,sonstiges,none,,,,,,,,0,none,,,,,Solarpark:no_titles,none,,,,,,none,,,,,none,,,,,1,2021-2026
Walchensee 4,0.0,unresolved,,,Erneuerbar,walchensee,walchensee,single,exact,1.0,False,Walchensee,47.631354,11.337054,sonstiges,none,,,,,,,,0,none,,,,,Solarpark:no_titles,none,,,,,,none,,,,,none,,,,,2,2021-2026
Waldeck 1,1.0,opsd_exact,51.167139,9.046832,Sonstiges,waldeck,waldeck,single,exact,1.0,True,Waldeck 2,51.167139,9.046832,sonstiges,exact,1.0,True,Waldeck,51.16743333333333,9.046336666666669,sonstiges,555.0,1,none,,,,,,none,,,,,,none,,,,,none,,,,,21,2013-2020; 2021-2026
Waldeck 3,1.0,opsd_exact,51.167139,9.046832,Sonstiges,waldeck,waldeck,single,exact,1.0,True,Waldeck 2,51.167139,9.046832,sonstiges,exact,1.0,True,Waldeck,51.16743333333333,9.046336666666669,sonstiges,555.0,1,none,,,,,,none,,,,,,none,,,,,none,,,,,1,2013-2020
Waldeck 4,1.0,opsd_exact,51.167139,9.046832,Sonstiges,waldeck,waldeck,single,exact,1.0,True,Waldeck 2,51.167139,9.046832,sonstiges,exact,1.0,True,Waldeck,51.16743333333333,9.046336666666669,sonstiges,555.0,1,none,,,,,,none,,,,,,none,,,,,none,,,,,1,2013-2020
Waldeck 5,1.0,opsd_exact,51.167139,9.046832,Sonstiges,waldeck,waldeck,single,exact,1.0,True,Waldeck 2,51.167139,9.046832,sonstiges,exact,1.0,True,Waldeck,51.16743333333333,9.046336666666669,sonstiges,555.0,1,none,,,,,,none,,,,,,none,,,,,none,,,,,276,2013-2020; 2021-2026
Waldeck 6,1.0,opsd_exact,51.167139,9.046832,Sonstiges,waldeck,waldeck,single,exact,1.0,True,Waldeck 2,51.167139,9.046832,sonstiges,exact,1.0,True,Waldeck,51.16743333333333,9.046336666666669,sonstiges,555.0,1,none,,,,,,none,,,,,,none,,,,,none,,,,,237,2013-2020; 2021-2026
Walsum,1.0,opsd_exact,51.528611,6.711944,Konventionell,walsum,walsum,single,exact,1.0,True,KW Walsum,51.528611,6.711944,konventionell,exact,1.0,True,Walsum,51.5274965,6.7131585000000005,konventionell,1095.0,1,none,,,,,,none,,,,,,none,,,,,none,,,,,357,2013-2020
Walsum 9 undWeiher 3,0.4,nominatim,51.5351625,6.7166676,Konventionell,walsum undweiher,walsum undweiher,single,none,,,,,,,none,,,,,,,,0,none,,,,,Kraftwerk:no_titles,none,,,,,,nominatim,Walsum Undweiher,Nordrhein-Westfalen,51.5351625,6.7166676,none,,,,,1,2013-2020
Wehr,0.5,gazetteer,50.4167,7.2167,Konventionell,wehr,wehr,single,exact,1.0,False,Wehr,47.64529898,7.91819945,sonstiges,none,,,,,,,,0,none,,,,,Kraftwerk:no_titles,none,,,,,,match,Wehr,Rheinland-Pfalz,50.4167,7.2167,none,,,,,5,2013-2020
Weiher,1.0,opsd_exact,49.33413028,7.031355927999999,Konventionell,weiher,weiher,single,exact,1.0,True,Weiher,49.33413028,7.031355927999999,konventionell,exact,1.0,True,Weiher,49.333966,7.028434,konventionell,655.6,1,none,,,,,,none,,,,,,none,,,,,none,,,,,172,2013-2020
Weiher 3 und Walsum 9,0.4,nominatim,50.0927605,11.455443,Konventionell,weiher und walsum,weiher und walsum,single,none,,,,,,,none,,,,,,,,0,none,,,,,Kraftwerk:no_titles,none,,,,,,nominatim,Weiher Und Walsum,Bayern,50.0927605,11.455443,none,,,,,1,2013-2020
Weiher C,1.0,opsd_exact,49.33413028,7.031355927999999,Konventionell,weiher,weiher,single,exact,1.0,True,Weiher,49.33413028,7.031355927999999,konventionell,exact,1.0,True,Weiher,49.333966,7.028434,konventionell,655.6,1,none,,,,,,none,,,,,,none,,,,,none,,,,,150,2021-2026
Weisweiler,1.0,opsd_exact,50.839167,6.321111,Konventionell,weisweiler,weisweiler,single,exact,1.0,True,Weisweiler,50.839167,6.321111,konventionell,exact,1.0,True,Weisweiler,50.840739,6.316214,konventionell,27.0,1,none,,,,,,none,,,,,,none,,,,,none,,,,,105,2013-2020
Wemag CAT Cluster Perleberg 003,0.5,gazetteer,53.0758,11.8574,Konventionell,perleberg,perleberg,cluster,none,,,,,,,none,,,,,,,,0,none,,,,,Kraftwerk:no_titles,none,,,,,,match,Perleberg,Brandenburg,53.0758,11.8574,none,,,,,1,2021-2026
Westfalen,1.0,opsd_exact,51.680278,7.969722,Konventionell,westfalen,westfalen,single,exact,1.0,True,Westfalen,51.680278,7.969722,konventionell,exact,1.0,True,Westfalen,51.682608,7.969927,konventionell,763.7,1,none,,,,,,none,,,,,,none,,,,,none,,,,,57,2013-2020
Wilhelmshaven,1.0,opsd_exact,53.565819,8.146245,Konventionell,wilhelmshaven,wilhelmshaven,single,exact,1.0,True,Wilhelmshaven,53.565819,8.146245,konventionell,exact,1.0,True,Wilhelmshaven,53.56808,8.142918,konventionell,1581.0,1,none,,,,,,none,,,,,,none,,,,,none,,,,,83,2013-2020
Wilhelmshaven (ENGIE),1.0,opsd_exact,53.565819,8.146245,Konventionell,wilhelmshaven,wilhelmshaven,single,exact,1.0,True,Wilhelmshaven,53.565819,8.146245,konventionell,exact,1.0,True,Wilhelmshaven,53.56808,8.142918,konventionell,1581.0,1,none,,,,,,none,,,,,,none,,,,,none,,,,,1885,2013-2020; 2021-2026
Wilhelmshaven (EON),1.0,opsd_exact,53.565819,8.146245,Konventionell,wilhelmshaven,wilhelmshaven,single,exact,1.0,True,Wilhelmshaven,53.565819,8.146245,konventionell,exact,1.0,True,Wilhelmshaven,53.56808,8.142918,konventionell,1581.0,1,none,,,,,,none,,,,,,none,,,,,none,,,,,372,2013-2020
Wilhelmshaven (GDF),1.0,opsd_exact,53.565819,8.146245,Konventionell,wilhelmshaven,wilhelmshaven,single,exact,1.0,True,Wilhelmshaven,53.565819,8.146245,konventionell,exact,1.0,True,Wilhelmshaven,53.56808,8.142918,konventionell,1581.0,1,none,,,,,,none,,,,,,none,,,,,none,,,,,149,2013-2020
Wilhelmshaven (Uniper),1.0,opsd_exact,53.565819,8.146245,Konventionell,wilhelmshaven,wilhelmshaven,single,exact,1.0,True,Wilhelmshaven,53.565819,8.146245,konventionell,exact,1.0,True,Wilhelmshaven,53.56808,8.142918,konventionell,1581.0,1,none,,,,,,none,,,,,,none,,,,,none,,,,,503,2013-2020; 2021-2026
Wilhelmshaven GT (Uniper),1.0,opsd_exact,53.565819,8.146245,Konventionell,wilhelmshaven,wilhelmshaven,single,exact,1.0,True,Wilhelmshaven,53.565819,8.146245,konventionell,exact,1.0,True,Wilhelmshaven,53.56808,8.142918,konventionell,1581.0,1,none,,,,,,none,,,,,,none,,,,,none,,,,,1,2013-2020
Wolfsburg Nord A,0.5,gazetteer,52.4097,10.780800000000001,Konventionell,wolfsburg nord,wolfsburg nord,single,none,,,,,,,none,,,,,,,,0,none,,,,,Kraftwerk:no_titles,none,,,,,,match,Wolfsburg,Niedersachsen,52.4097,10.780800000000001,none,,,,,2,2013-2020; 2021-2026
Wolfsburg Nord B,0.5,gazetteer,52.4097,10.780800000000001,Konventionell,wolfsburg nord,wolfsburg nord,single,none,,,,,,,none,,,,,,,,0,none,,,,,Kraftwerk:no_titles,none,,,,,,match,Wolfsburg,Niedersachsen,52.4097,10.780800000000001,none,,,,,2,2013-2020
Wolfsburg West 1,0.5,gazetteer,52.4097,10.780800000000001,Konventionell,wolfsburg west,wolfsburg west,single,none,,,,,,,none,,,,,,,,0,none,,,,,Kraftwerk:no_titles,none,,,,,,match,Wolfsburg,Niedersachsen,52.4097,10.780800000000001,none,,,,,3,2013-2020
Wolfsburg West 2,0.5,gazetteer,52.4097,10.780800000000001,Konventionell,wolfsburg west,wolfsburg west,single,none,,,,,,,none,,,,,,,,0,none,,,,,Kraftwerk:no_titles,none,,,,,,match,Wolfsburg,Niedersachsen,52.4097,10.780800000000001,none,,,,,3,2013-2020; 2021-2026
Würzburg GT 1,0.753,psa_fuzzy,49.793019,9.994387,Konventionell,wuerzburg,wuerzburg,single,city,1.0,True,Heizkraftwerke an der Friedensbrücke,49.800041,9.923136,konventionell,fuzzy,0.941,True,Mullheizkraftwerk Wurzburg,49.793019,9.994387,konventionell,20.7,1,none,,,,,Kraftwerk:no_titles,none,,,,,,match,Wuerzburg,Bayern,49.7920625,9.939625,none,,,,,24,2013-2020; 2021-2026
Würzburg GT 2,0.753,psa_fuzzy,49.793019,9.994387,Konventionell,wuerzburg,wuerzburg,single,city,1.0,True,Heizkraftwerke an der Friedensbrücke,49.800041,9.923136,konventionell,fuzzy,0.941,True,Mullheizkraftwerk Wurzburg,49.793019,9.994387,konventionell,20.7,1,none,,,,,Kraftwerk:no_titles,none,,,,,,match,Wuerzburg,Bayern,49.7920625,9.939625,none,,,,,20,2021-2026
Zielitz,1.0,opsd_exact,52.29848,11.67963,Konventionell,zielitz,zielitz,single,exact,1.0,True,Zielitz,52.29848,11.67963,konventionell,none,,,,,,,,0,none,,,,,,none,,,,,,none,,,,,none,,,,,1,2013-2020
Zolling,1.0,opsd_exact,48.45534,11.8019,Konventionell,zolling,zolling,single,exact,1.0,,Zolling,48.45534,11.8019,,exact,1.0,True,Zolling,48.455489,11.796122,konventionell,472.0,1,none,,,,,,none,,,,,,none,,,,,none,,,,,133,2013-2020
Zolling 5,1.0,opsd_exact,48.45534,11.8019,Konventionell,zolling,zolling,single,exact,1.0,,Zolling,48.45534,11.8019,,exact,1.0,True,Zolling,48.455489,11.796122,konventionell,472.0,1,none,,,,,,none,,,,,,none,,,,,none,,,,,1576,2013-2020; 2021-2026
Zolling GT 1,1.0,opsd_exact,48.45534,11.8019,Konventionell,zolling,zolling,single,exact,1.0,,Zolling,48.45534,11.8019,,exact,1.0,True,Zolling,48.455489,11.796122,konventionell,472.0,1,none,,,,,,none,,,,,,none,,,,,none,,,,,8,2013-2020; 2021-2026
Zolling GT 2,1.0,opsd_exact,48.45534,11.8019,Konventionell,zolling,zolling,single,exact,1.0,,Zolling,48.45534,11.8019,,exact,1.0,True,Zolling,48.455489,11.796122,konventionell,472.0,1,none,,,,,,none,,,,,,none,,,,,none,,,,,6,2013-2020; 2021-2026
auslaendische-Netzreserve,0.0,skipped_grid_area_market,,,Sonstiges,auslaendische netzreserve,auslaendische netzreserve,grid_area,none,,,,,,,none,,,,,,,,0,none,,,,,,none,,,,,,none,,,,,none,,,,,3,2013-2020
diverse,0.0,unresolved,,,Sonstiges,diverse,diverse,single,none,,,,,,,none,,,,,,,,0,none,,,,,Kraftwerk:no_titles,none,,,,,,none,,,,,none,,,,,1,2013-2020
illwerke vkw AG,0.7,duckduckgo,47.488,9.73622222,Sonstiges,illwerke vkw ag,illwerke vkw ag,single,none,,,,,,,fuzzy,0.917,True,Illwerke Vkw Rodundwerk,47.085032,9.880116,sonstiges,495.0,8,rejected,Illwerke vkw AG,,,,Kraftwerk:page_missing,match,Illwerke vkw,47.488,9.73622222,https://de.wikipedia.org/wiki/Illwerke_vkw,Wasserkraftwerk:accepted,none,,,,,none,,,,,856,2021-2026
verteilt auf KW-Blöcke GK West1 /2,0.0,unresolved,,,Konventionell,verteilt auf bloecke gk west1,verteilt auf bloecke gk west1,single,none,,,,,,,none,,,,,,,,0,none,,,,,Kraftwerk:no_titles,none,,,,,,none,,,,,none,,,,,1,2013-2020
verteilt auf die KW-Blöcke GK West 1/2,0.0,unresolved,,,Konventionell,verteilt auf die bloecke gk west,verteilt auf die bloecke gk west,single,none,,,,,,,none,,,,,,,,0,none,,,,,Kraftwerk:no_titles,none,,,,,,none,,,,,none,,,,,1,2013-2020
